[
  ///////////////////
  //优菈个人线特殊玩法  

//不受伤挑战
  {
    "Default": 
    {
      "$type": "ConfigAbility",
      "abilityName": "ActivityAbility_Avatar_Eula_Plot1",
      "onAdded": 
      [
        {
          "$type": "AttachModifier",
          "modifierName": "UNIQUE_ActivityAbility_Avatar_Eula_Plot_NoHarm",
          "doOffStage": true,
          "target": "Self",
        },       
      ],
      "modifiers": 
      {
        "UNIQUE_ActivityAbility_Avatar_Eula_Plot_NoHarm": 
        {
          "isUnique":true,
          "onBeingHit": 
          [
            {
              "$type": "Predicated",
              "target": "Self",
              "predicates": 
              [
                {
                  "$type": "ByHitDamage",
                  "damage": 0,
                  "logic": "Greater"
                },
              ],
              "successActions": 
              [
                {
                  "$type": "ServerLuaCall",
                  "luaCallType": "CurChallengeGroup",
                  "funcName": "Avatar_Eula_Plot_Fail",
                },
              ],
            },
          ],          
        },
      },

    }
  },

//不被击飞挑战
  {
    "Default": 
    {
      "$type": "ConfigAbility",
      "abilityName": "ActivityAbility_Avatar_Eula_Plot2",
      "onAdded": 
      [
        {
          "$type": "AttachModifier",
          "modifierName": "UNIQUE_ActivityAbility_Avatar_Eula_Plot_Throw",
          "doOffStage": true,
          "target": "Self",
        },       
      ],
      "modifiers": 
      {
        "UNIQUE_ActivityAbility_Avatar_Eula_Plot_Throw": 
        {
          "isUnique":true,
          "modifierMixins": 
          [
            {
              "$type": "DoActionByAnimatorStateIDMixin", //关联动画状态机
              "stateIDs": ["Hit_Throw"],  //击飞
              "target": "Self",
              "enterActions":
              [
                {
                  "$type": "ServerLuaCall",
                  "luaCallType": "CurChallengeGroup",
                  "funcName": "Avatar_Eula_Plot_Fail",
                },
              ],
            }
          ],
        },
      },
    }
  },

//不被冻结挑战
  {
    "Default": 
    {
      "$type": "ConfigAbility",
      "abilityName": "ActivityAbility_Avatar_Eula_Plot3",
      "onAdded": 
      [
        {
          "$type": "AttachModifier",
          "modifierName": "UNIQUE_ActivityAbility_Avatar_Eula_Plot_Nofrozen",
          "doOffStage": true,
          "target": "Self",
        },
      ],
      "modifiers":
      {
        "UNIQUE_ActivityAbility_Avatar_Eula_Plot_Nofrozen":
        {
          "isUnique": true,
          "modifierMixins":
          [
            {
              "$type": "AttachToAbilityStateMixin",
              "abilityStates": ["ElementFreeze"],
              "modifierName": "UNIQUE_Eula_Plot_Nofrozen_Fail",
            },
          ]
        },
        "UNIQUE_Eula_Plot_Nofrozen_Fail":
        {
          "isUnique":true,
          "duration":0.1,
          "onAdded":
          [
            {
              "$type": "ServerLuaCall",
              "luaCallType": "CurChallengeGroup",
              "funcName": "Avatar_Eula_Plot_Fail",
            },
          ]
        }
      },
    },
  },
]

