[
///////////////////////////
//
//羽毛球发射器
//
///////////////////////
	{
		"Default": 
		{
			"$type": "ConfigAbility",
			"abilityName": "SceneObj_Gear_Other_Badminton_Shooter",
			"abilityMixins":
			[
				{
					"$type": "AttachToGadgetStateMixin",
					"gadgetState": 201,
					"modifierName": "Active",
				},
				{
					"$type": "AttachToGadgetStateMixin",
					"gadgetState": 203,
					"modifierName": "Active2",
				},
				{
					"$type": "AttachToGadgetStateMixin",
					"gadgetState": 0,
					"modifierName": "Default",
				},
			],
			"onAdded":
			[
				{
					"$type": "AddGlobalValue",
					"key": "Badminton_Point",
					"value": 0,
					"useLimitRange": true,
					"maxValue": 15,
					"minValue": 0,
				},
				{
					"$type": "AddGlobalValue",
					"key": "Shoot_Count",
					"value": 0,
					"useLimitRange": true,
					"maxValue": 40,
					"minValue": 0,
				},
				{
					"$type": "AddGlobalValue",
					"key": "In_Border",
					"value": 1,
					"useLimitRange": true,
					"maxValue": 1,
					"minValue": 1,
				},
				{
					"$type": "AddGlobalValue",
					"key": "Is_Badminton_Shootor",
					"value": 1,
					"useLimitRange": true,
					"maxValue": 1,
					"minValue": 1,
				},
			],
			"modifiers":
			{
				"Default":
				{
					"onAdded":
					[
						{
							"$type": "AddGlobalValue",
							"key": "Badminton_Point",
							"value": 0,
							"useLimitRange": true,
							"maxValue": 0,
							"minValue": 0,
						},
						
					],	
				},

				"Active":
				{
					"onAdded":
					[
						{
							"$type": "ApplyModifier",
							"modifierName": "ShootController",
						},
						/*
						{
							"$type": "CreateGadget",//创建摄像机挂载器
							"gadgetID": 70900268,
							"campID": 1001,
							"campTargetType": "All",
							"doOffStage":true,
						},
						*/
						{
							"$type": "EnterCameraLock",
							"transName": "Overlook",
							"cfgPath": "Data/Camera/Shot/Camera_Dungeon_Dvalin_S01_Overlook",
							"canBeHandledOnRecover": true,
						},
						{
							"$type": "AddGlobalValue",
							"key": "In_Active",
							"value": 1,
							"useLimitRange": true,
							"maxValue": 1,
							"minValue": 0,
						},
						{
							"$type": "AddGlobalValue",
							"key": "Shoot_Num",
							"value": 1,
							"useLimitRange": true,
							"maxValue": 1,
							"minValue": 0,
						},
						{
							"$type": "AddGlobalValue",
							"key": "Wich_Ball",
							"value": 1,
							"useLimitRange": true,
							"maxValue": 1,
							"minValue": 0,
						},
						{
							"$type": "SetGlobalDir",
							"key": "Shoot_Dir",
							"born": 
							{
								"$type": "ConfigBornByAttachPoint",
								"attachPointName" : "ShootPoint",
								
								"direction":
								{
									"$type": "ConfigBornDirectionType",
									"randomAngleHor": 30,
								}
								
							},
						},
					],
					"onRemoved":
					[
						{
							"$type": "AddGlobalValue",
							"key": "In_Active",
							"value": -1,
							"useLimitRange": true,
							"maxValue": 1,
							"minValue": 0,
						},
						{
							"$type": "AddGlobalValue",
							"key": "Shoot_Count",
							"value": 0,
							"useLimitRange": true,
							"maxValue": 0,
							"minValue": 0,
						},
						/*
						{
							"$type": "KillGadget",
							"gadgetInfo":
							{
								"$type": "SelectTargetsByChildren",
								"configID": 70900268,
								"sortType": "Nearest",
							},
						},
						*/
					],
					"onBeingHit": 
					[
						{
							"$type": "AddGlobalValue",
							"key": "Badminton_Point",
							"value": 1,
							"predicates":
							[
								{
									"$type" : "ByAttackTags",
									"attackTags" : ["BadmintonBall_Back"],
								},
							],
						},
					],
				},

				"Active2":
				{
					"onAdded":
					[
						{
							"$type": "ApplyModifier",
							"modifierName": "ShootController",
						},
						{
							"$type": "AddGlobalValue",
							"key": "In_Active",
							"value": 1,
							"useLimitRange": true,
							"maxValue": 1,
							"minValue": 0,
						},
						{
							"$type": "AddGlobalValue",
							"key": "Shoot_Num",
							"value": 1,
							"useLimitRange": true,
							"maxValue": 1,
							"minValue": 0,
						},
						{
							"$type": "AddGlobalValue",
							"key": "Wich_Ball",
							"value": 1,
							"useLimitRange": true,
							"maxValue": 1,
							"minValue": 0,
						},
						{
							"$type": "SetGlobalDir",
							"key": "Shoot_Dir",
							"born": 
							{
								"$type": "ConfigBornByAttachPoint",
								"attachPointName" : "ShootPoint",
								
								"direction":
								{
									"$type": "ConfigBornDirectionType",
									"randomAngleHor": 30,
								}
								
							},
						},
					],
					"onRemoved":
					[
						{
							"$type": "AddGlobalValue",
							"key": "In_Active",
							"value": -1,
							"useLimitRange": true,
							"maxValue": 1,
							"minValue": 0,
						},
						{
							"$type": "AddGlobalValue",
							"key": "Shoot_Count",
							"value": 0,
							"useLimitRange": true,
							"maxValue": 0,
							"minValue": 0,
						},
					],
					"onBeingHit": 
					[
						{
							"$type": "AddGlobalValue",
							"key": "Badminton_Point",
							"value": 1,
							"predicates":
							[
								{
									"$type" : "ByAttackTags",
									"attackTags" : ["BadmintonBall_Back"],
								},
							],
						},
					],
				},

				"ShootController":
				{
					"duration":0.1,
					"onAdded":
					[
						{
							"$type": "AddGlobalValue",
							"key": "Shoot_Count",
							"value": 1,
							"useLimitRange": true,
							"maxValue": 40,
							"minValue": 0,
						},
						{
							"$type": "AddGlobalValue",
							"key": "Shoot_Num",
							"value": 1,
							"useLimitRange": true,
							"maxValue": 1,
							"minValue": 0,
						},
						{
							"$type": "AddGlobalValue",
							"key": "Wich_Ball",
							"value": 1,
							"useLimitRange": true,
							"maxValue": 1,
							"minValue": 0,
						},
					],
					"onRemoved":
					[
						//发球角度随机
						{
							"$type": "SetGlobalDir",
							"key": "Shoot_Dir",
							"born": 
							{
								"$type": "ConfigBornByAttachPoint",
								"attachPointName" : "ShootPoint",
								
								"direction":
								{
									"$type": "ConfigBornDirectionType",
									"randomAngleHor": 20,
								}
								
							},
						},
						{
							"$type": "Predicated",
							"targetPredicates":
							[
								{
									"$type": "ByTargetGlobalValue",
									"key": "In_Active",
									"value": 1,
									"compareType": "Equal",
								},
							],
							"successActions":
							[
								//1-5球
								{
									"$type": "AddGlobalValue",
									"key": "Wich_Ball",
									"value": 2,
									"useLimitRange": true,
									"maxValue": 2,
									"minValue": 2,
									"predicates":
									[
										{
											"$type": "ByTargetGlobalValue",
											"key": "Shoot_Count",
											"value": 5,
											"compareType": "LessAndEqual",
										},
									],
								},
								{
									"$type": "AddGlobalValue",
									"key": "Shoot_Num",
									"value": 1,
									"useLimitRange": true,
									"maxValue": 1,
									"minValue": 0,
									"predicates":
									[
										{
											"$type": "ByTargetGlobalValue",
											"key": "Shoot_Count",
											"value": 5,
											"compareType": "LessAndEqual",
										},
									],
								},
								//6-10球
								{
									"$type": "AddGlobalValue",
									"key": "Wich_Ball",
									"value": 1,
									"useLimitRange": true,
									"maxValue": 1,
									"minValue": 1,
									"predicates":
									[
										{
											"$type": "ByTargetGlobalValue",
											"key": "Shoot_Count",
											"value": 5,
											"compareType": "MoreThan",
										},
										{
											"$type": "ByTargetGlobalValue",
											"key": "Shoot_Count",
											"value": 10,
											"compareType": "LessAndEqual",
										},
									],
								},
								{
									"$type": "AddGlobalValue",
									"key": "Shoot_Num",
									"value": 1,
									"useLimitRange": true,
									"maxValue": 1,
									"minValue": 0,
									"predicates":
									[
										{
											"$type": "ByTargetGlobalValue",
											"key": "Shoot_Count",
											"value": 5,
											"compareType": "MoreThan",
										},
										{
											"$type": "ByTargetGlobalValue",
											"key": "Shoot_Count",
											"value": 10,
											"compareType": "LessAndEqual",
										},
									],
								},
								//11-15球
								{
									"$type": "AddGlobalValue",
									"key": "Wich_Ball",
									"value": 3,
									"useLimitRange": true,
									"maxValue": 3,
									"minValue": 3,
									"predicates":
									[
										{
											"$type": "ByTargetGlobalValue",
											"key": "Shoot_Count",
											"value": 10,
											"compareType": "MoreThan",
										},
										{
											"$type": "ByTargetGlobalValue",
											"key": "Shoot_Count",
											"value": 15,
											"compareType": "LessAndEqual",
										},
									],
								},
								{
									"$type": "AddGlobalValue",
									"key": "Shoot_Num",
									"value": 1,
									"useLimitRange": true,
									"maxValue": 1,
									"minValue": 0,
									"predicates":
									[
										{
											"$type": "ByTargetGlobalValue",
											"key": "Shoot_Count",
											"value": 10,
											"compareType": "MoreThan",
										},
										{
											"$type": "ByTargetGlobalValue",
											"key": "Shoot_Count",
											"value": 15,
											"compareType": "LessAndEqual",
										},
									],
								},
								//16-20球
								{
									"$type":"Randomed",
									"chance":0.2,
									"successActions":
									[
										{
											"$type": "AddGlobalValue",
											"key": "Wich_Ball",
											"value": 1,
											"useLimitRange": true,
											"maxValue": 1,
											"minValue": 1,
										},
									],
									"failActions":
									[
										{
											"$type": "AddGlobalValue",
											"key": "Wich_Ball",
											"value": 2,
											"useLimitRange": true,
											"maxValue": 2,
											"minValue": 2,
										},
									],
									"predicates":
									[
										{
											"$type": "ByTargetGlobalValue",
											"key": "Shoot_Count",
											"value": 15,
											"compareType": "MoreThan",
										},
										{
											"$type": "ByTargetGlobalValue",
											"key": "Shoot_Count",
											"value": 20,
											"compareType": "LessAndEqual",
										},
									],
								},
								{
									"$type": "AddGlobalValue",
									"key": "Shoot_Num",
									"value": 1,
									"useLimitRange": true,
									"maxValue": 1,
									"minValue": 0,
									"predicates":
									[
										{
											"$type": "ByTargetGlobalValue",
											"key": "Shoot_Count",
											"value": 15,
											"compareType": "MoreThan",
										},
										{
											"$type": "ByTargetGlobalValue",
											"key": "Shoot_Count",
											"value": 20,
											"compareType": "LessAndEqual",
										},
									],
								},
								//21-25球
								{
									"$type":"Randomed",
									"chance":0.2,
									"successActions":
									[
										{
											"$type": "AddGlobalValue",
											"key": "Wich_Ball",
											"value": 1,
											"useLimitRange": true,
											"maxValue": 1,
											"minValue": 1,
										},
									],
									"failActions":
									[
										{
											"$type":"Randomed",
											"chance":0.75,
											"successActions":
											[
												{
													"$type": "AddGlobalValue",
													"key": "Wich_Ball",
													"value": 2,
													"useLimitRange": true,
													"maxValue": 2,
													"minValue": 2,
												},
											],
											"failActions":
											[
												{
													"$type": "AddGlobalValue",
													"key": "Wich_Ball",
													"value": 3,
													"useLimitRange": true,
													"maxValue": 3,
													"minValue": 3,
												},
											],
										},
									],
									"predicates":
									[
										{
											"$type": "ByTargetGlobalValue",
											"key": "Shoot_Count",
											"value": 20,
											"compareType": "MoreThan",
										},
										{
											"$type": "ByTargetGlobalValue",
											"key": "Shoot_Count",
											"value": 25,
											"compareType": "LessAndEqual",
										},
									],
								},
								{
									"$type": "AddGlobalValue",
									"key": "Shoot_Num",
									"value": 1,
									"useLimitRange": true,
									"maxValue": 1,
									"minValue": 0,
									"predicates":
									[
										{
											"$type": "ByTargetGlobalValue",
											"key": "Shoot_Count",
											"value": 20,
											"compareType": "MoreThan",
										},
										{
											"$type": "ByTargetGlobalValue",
											"key": "Shoot_Count",
											"value": 25,
											"compareType": "LessAndEqual",
										},
									],
								},
								//26-30球
								{
									"$type":"Randomed",
									"chance":0.2,
									"successActions":
									[
										{
											"$type": "AddGlobalValue",
											"key": "Wich_Ball",
											"value": 1,
											"useLimitRange": true,
											"maxValue": 1,
											"minValue": 1,
										},
									],
									"failActions":
									[
										{
											"$type":"Randomed",
											"chance":0.75,
											"successActions":
											[
												{
													"$type": "AddGlobalValue",
													"key": "Wich_Ball",
													"value": 2,
													"useLimitRange": true,
													"maxValue": 2,
													"minValue": 2,
												},
											],
											"failActions":
											[
												{
													"$type": "AddGlobalValue",
													"key": "Wich_Ball",
													"value": 3,
													"useLimitRange": true,
													"maxValue": 3,
													"minValue": 3,
												},
											],
										},
									],
									"predicates":
									[
										{
											"$type": "ByTargetGlobalValue",
											"key": "Shoot_Count",
											"value": 25,
											"compareType": "MoreThan",
										},
										{
											"$type": "ByTargetGlobalValue",
											"key": "Shoot_Count",
											"value": 30,
											"compareType": "LessAndEqual",
										},
									],
								},
								{
									"$type":"Randomed",
									"chance":0.8,
									"successActions":
									[
										{
											"$type": "AddGlobalValue",
											"key": "Shoot_Num",
											"value": 1,
											"useLimitRange": true,
											"maxValue": 1,
											"minValue": 1,
										},
									],
									"failActions":
									[
										{
											"$type": "AddGlobalValue",
											"key": "Shoot_Num",
											"value": 2,
											"useLimitRange": true,
											"maxValue": 2,
											"minValue": 2,
										},
									],
									"predicates":
									[
										{
											"$type": "ByTargetGlobalValue",
											"key": "Shoot_Count",
											"value": 25,
											"compareType": "MoreThan",
										},
										{
											"$type": "ByTargetGlobalValue",
											"key": "Shoot_Count",
											"value": 30,
											"compareType": "LessAndEqual",
										},
									],
								},
								//31-35球
								{
									"$type":"Randomed",
									"chance":0.2,
									"successActions":
									[
										{
											"$type": "AddGlobalValue",
											"key": "Wich_Ball",
											"value": 1,
											"useLimitRange": true,
											"maxValue": 1,
											"minValue": 1,
										},
									],
									"failActions":
									[
										{
											"$type":"Randomed",
											"chance":0.75,
											"successActions":
											[
												{
													"$type": "AddGlobalValue",
													"key": "Wich_Ball",
													"value": 2,
													"useLimitRange": true,
													"maxValue": 2,
													"minValue": 2,
												},
											],
											"failActions":
											[
												{
													"$type": "AddGlobalValue",
													"key": "Wich_Ball",
													"value": 3,
													"useLimitRange": true,
													"maxValue": 3,
													"minValue": 3,
												},
											],
										},
									],
									"predicates":
									[
										{
											"$type": "ByTargetGlobalValue",
											"key": "Shoot_Count",
											"value": 30,
											"compareType": "MoreThan",
										},
										{
											"$type": "ByTargetGlobalValue",
											"key": "Shoot_Count",
											"value": 35,
											"compareType": "LessAndEqual",
										},
									],
								},
								{
									"$type":"Randomed",
									"chance":0.8,
									"successActions":
									[
										{
											"$type": "AddGlobalValue",
											"key": "Shoot_Num",
											"value": 1,
											"useLimitRange": true,
											"maxValue": 1,
											"minValue": 1,
										},
									],
									"failActions":
									[
										{
											"$type": "AddGlobalValue",
											"key": "Shoot_Num",
											"value": 2,
											"useLimitRange": true,
											"maxValue": 2,
											"minValue": 2,
										},
									],
									"predicates":
									[
										{
											"$type": "ByTargetGlobalValue",
											"key": "Shoot_Count",
											"value": 30,
											"compareType": "MoreThan",
										},
										{
											"$type": "ByTargetGlobalValue",
											"key": "Shoot_Count",
											"value": 35,
											"compareType": "LessAndEqual",
										},
									],
								},
							//36-40球
								{
									"$type":"Randomed",
									"chance":0.2,
									"successActions":
									[
										{
											"$type": "AddGlobalValue",
											"key": "Wich_Ball",
											"value": 1,
											"useLimitRange": true,
											"maxValue": 1,
											"minValue": 1,
										},
									],
									"failActions":
									[
										{
											"$type":"Randomed",
											"chance":0.75,
											"successActions":
											[
												{
													"$type": "AddGlobalValue",
													"key": "Wich_Ball",
													"value": 2,
													"useLimitRange": true,
													"maxValue": 2,
													"minValue": 2,
												},
											],
											"failActions":
											[
												{
													"$type": "AddGlobalValue",
													"key": "Wich_Ball",
													"value": 3,
													"useLimitRange": true,
													"maxValue": 3,
													"minValue": 3,
												},
											],
										},
									],
									"predicates":
									[
										{
											"$type": "ByTargetGlobalValue",
											"key": "Shoot_Count",
											"value": 35,
											"compareType": "MoreThan",
										},
										{
											"$type": "ByTargetGlobalValue",
											"key": "Shoot_Count",
											"value": 40,
											"compareType": "LessAndEqual",
										},
									],
								},
								{
									"$type":"Randomed",
									"chance":0.8,
									"successActions":
									[
										{
											"$type": "AddGlobalValue",
											"key": "Shoot_Num",
											"value": 1,
											"useLimitRange": true,
											"maxValue": 1,
											"minValue": 1,
										},
									],
									"failActions":
									[
										{
											"$type": "AddGlobalValue",
											"key": "Shoot_Num",
											"value": 3,
											"useLimitRange": true,
											"maxValue": 3,
											"minValue": 3,
										},
									],
									"predicates":
									[
										{
											"$type": "ByTargetGlobalValue",
											"key": "Shoot_Count",
											"value": 35,
											"compareType": "MoreThan",
										},
										{
											"$type": "ByTargetGlobalValue",
											"key": "Shoot_Count",
											"value": 40,
											"compareType": "LessAndEqual",
										},
									],
								},
							//41-45球
								{
									"$type":"Randomed",
									"chance":0.2,
									"successActions":
									[
										{
											"$type": "AddGlobalValue",
											"key": "Wich_Ball",
											"value": 1,
											"useLimitRange": true,
											"maxValue": 1,
											"minValue": 1,
										},
									],
									"failActions":
									[
										{
											"$type":"Randomed",
											"chance":0.75,
											"successActions":
											[
												{
													"$type": "AddGlobalValue",
													"key": "Wich_Ball",
													"value": 2,
													"useLimitRange": true,
													"maxValue": 2,
													"minValue": 2,
												},
											],
											"failActions":
											[
												{
													"$type": "AddGlobalValue",
													"key": "Wich_Ball",
													"value": 3,
													"useLimitRange": true,
													"maxValue": 3,
													"minValue": 3,
												},
											],
										},
									],
									"predicates":
									[
										{
											"$type": "ByTargetGlobalValue",
											"key": "Shoot_Count",
											"value": 40,
											"compareType": "MoreThan",
										},
										{
											"$type": "ByTargetGlobalValue",
											"key": "Shoot_Count",
											"value": 45,
											"compareType": "LessAndEqual",
										},
									],
								},
								{
									"$type":"Randomed",
									"chance":0.8,
									"successActions":
									[
										{
											"$type": "AddGlobalValue",
											"key": "Shoot_Num",
											"value": 1,
											"useLimitRange": true,
											"maxValue": 1,
											"minValue": 1,
										},
									],
									"failActions":
									[
										{
											"$type": "AddGlobalValue",
											"key": "Shoot_Num",
											"value": 3,
											"useLimitRange": true,
											"maxValue": 3,
											"minValue": 3,
										},
									],
									"predicates":
									[
										{
											"$type": "ByTargetGlobalValue",
											"key": "Shoot_Count",
											"value": 40,
											"compareType": "MoreThan",
										},
										{
											"$type": "ByTargetGlobalValue",
											"key": "Shoot_Count",
											"value": 45,
											"compareType": "LessAndEqual",
										},
									],
								},
							//46-50球
								{
									"$type":"Randomed",
									"chance":0.2,
									"successActions":
									[
										{
											"$type": "AddGlobalValue",
											"key": "Wich_Ball",
											"value": 1,
											"useLimitRange": true,
											"maxValue": 1,
											"minValue": 1,
										},
									],
									"failActions":
									[
										{
											"$type":"Randomed",
											"chance":0.75,
											"successActions":
											[
												{
													"$type": "AddGlobalValue",
													"key": "Wich_Ball",
													"value": 2,
													"useLimitRange": true,
													"maxValue": 2,
													"minValue": 2,
												},
											],
											"failActions":
											[
												{
													"$type": "AddGlobalValue",
													"key": "Wich_Ball",
													"value": 3,
													"useLimitRange": true,
													"maxValue": 3,
													"minValue": 3,
												},
											],
										},
									],
									"predicates":
									[
										{
											"$type": "ByTargetGlobalValue",
											"key": "Shoot_Count",
											"value": 45,
											"compareType": "MoreThan",
										},
										{
											"$type": "ByTargetGlobalValue",
											"key": "Shoot_Count",
											"value": 50,
											"compareType": "LessAndEqual",
										},
									],
								},
								{
									"$type":"Randomed",
									"chance":0.6,
									"successActions":
									[
										{
											"$type": "AddGlobalValue",
											"key": "Wich_Ball",
											"value": 1,
											"useLimitRange": true,
											"maxValue": 1,
											"minValue": 1,
										},
									],
									"failActions":
									[
										{
											"$type":"Randomed",
											"chance":0.5,
											"successActions":
											[
												{
													"$type": "AddGlobalValue",
													"key": "Wich_Ball",
													"value": 2,
													"useLimitRange": true,
													"maxValue": 2,
													"minValue": 2,
												},
											],
											"failActions":
											[
												{
													"$type": "AddGlobalValue",
													"key": "Wich_Ball",
													"value": 3,
													"useLimitRange": true,
													"maxValue": 3,
													"minValue": 3,
												},
											],
										},
									],
									"predicates":
									[
										{
											"$type": "ByTargetGlobalValue",
											"key": "Shoot_Count",
											"value": 45,
											"compareType": "MoreThan",
										},
										{
											"$type": "ByTargetGlobalValue",
											"key": "Shoot_Count",
											"value": 50,
											"compareType": "LessAndEqual",
										},
									],
								},
							//51-55球
								{
									"$type":"Randomed",
									"chance":0.2,
									"successActions":
									[
										{
											"$type": "AddGlobalValue",
											"key": "Wich_Ball",
											"value": 1,
											"useLimitRange": true,
											"maxValue": 1,
											"minValue": 1,
										},
									],
									"failActions":
									[
										{
											"$type":"Randomed",
											"chance":0.75,
											"successActions":
											[
												{
													"$type": "AddGlobalValue",
													"key": "Wich_Ball",
													"value": 2,
													"useLimitRange": true,
													"maxValue": 2,
													"minValue": 2,
												},
											],
											"failActions":
											[
												{
													"$type": "AddGlobalValue",
													"key": "Wich_Ball",
													"value": 3,
													"useLimitRange": true,
													"maxValue": 3,
													"minValue": 3,
												},
											],
										},
									],
									"predicates":
									[
										{
											"$type": "ByTargetGlobalValue",
											"key": "Shoot_Count",
											"value": 50,
											"compareType": "MoreThan",
										},
										{
											"$type": "ByTargetGlobalValue",
											"key": "Shoot_Count",
											"value": 55,
											"compareType": "LessAndEqual",
										},
									],
								},
								{
									"$type":"Randomed",
									"chance":0.6,
									"successActions":
									[
										{
											"$type": "AddGlobalValue",
											"key": "Wich_Ball",
											"value": 1,
											"useLimitRange": true,
											"maxValue": 1,
											"minValue": 1,
										},
									],
									"failActions":
									[
										{
											"$type":"Randomed",
											"chance":0.5,
											"successActions":
											[
												{
													"$type": "AddGlobalValue",
													"key": "Wich_Ball",
													"value": 2,
													"useLimitRange": true,
													"maxValue": 2,
													"minValue": 2,
												},
											],
											"failActions":
											[
												{
													"$type": "AddGlobalValue",
													"key": "Wich_Ball",
													"value": 3,
													"useLimitRange": true,
													"maxValue": 3,
													"minValue": 3,
												},
											],
										},
									],
									"predicates":
									[
										{
											"$type": "ByTargetGlobalValue",
											"key": "Shoot_Count",
											"value": 50,
											"compareType": "MoreThan",
										},
										{
											"$type": "ByTargetGlobalValue",
											"key": "Shoot_Count",
											"value": 55,
											"compareType": "LessAndEqual",
										},
									],
								},
							//56-60球
								{
									"$type":"Randomed",
									"chance":0.2,
									"successActions":
									[
										{
											"$type": "AddGlobalValue",
											"key": "Wich_Ball",
											"value": 1,
											"useLimitRange": true,
											"maxValue": 1,
											"minValue": 1,
										},
									],
									"failActions":
									[
										{
											"$type":"Randomed",
											"chance":0.75,
											"successActions":
											[
												{
													"$type": "AddGlobalValue",
													"key": "Wich_Ball",
													"value": 2,
													"useLimitRange": true,
													"maxValue": 2,
													"minValue": 2,
												},
											],
											"failActions":
											[
												{
													"$type": "AddGlobalValue",
													"key": "Wich_Ball",
													"value": 3,
													"useLimitRange": true,
													"maxValue": 3,
													"minValue": 3,
												},
											],
										},
									],
									"predicates":
									[
										{
											"$type": "ByTargetGlobalValue",
											"key": "Shoot_Count",
											"value": 55,
											"compareType": "MoreThan",
										},
										{
											"$type": "ByTargetGlobalValue",
											"key": "Shoot_Count",
											"value": 60,
											"compareType": "LessAndEqual",
										},
									],
								},
								{
									"$type":"Randomed",
									"chance":0.6,
									"successActions":
									[
										{
											"$type": "AddGlobalValue",
											"key": "Wich_Ball",
											"value": 1,
											"useLimitRange": true,
											"maxValue": 1,
											"minValue": 1,
										},
									],
									"failActions":
									[
										{
											"$type":"Randomed",
											"chance":0.5,
											"successActions":
											[
												{
													"$type": "AddGlobalValue",
													"key": "Wich_Ball",
													"value": 2,
													"useLimitRange": true,
													"maxValue": 2,
													"minValue": 2,
												},
											],
											"failActions":
											[
												{
													"$type": "AddGlobalValue",
													"key": "Wich_Ball",
													"value": 3,
													"useLimitRange": true,
													"maxValue": 3,
													"minValue": 3,
												},
											],
										},
									],
									"predicates":
									[
										{
											"$type": "ByTargetGlobalValue",
											"key": "Shoot_Count",
											"value": 55,
											"compareType": "MoreThan",
										},
										{
											"$type": "ByTargetGlobalValue",
											"key": "Shoot_Count",
											"value": 60,
											"compareType": "LessAndEqual",
										},
									],
								},
							//61-65球
								{
									"$type":"Randomed",
									"chance":0.2,
									"successActions":
									[
										{
											"$type": "AddGlobalValue",
											"key": "Wich_Ball",
											"value": 1,
											"useLimitRange": true,
											"maxValue": 1,
											"minValue": 1,
										},
									],
									"failActions":
									[
										{
											"$type":"Randomed",
											"chance":0.75,
											"successActions":
											[
												{
													"$type": "AddGlobalValue",
													"key": "Wich_Ball",
													"value": 2,
													"useLimitRange": true,
													"maxValue": 2,
													"minValue": 2,
												},
											],
											"failActions":
											[
												{
													"$type": "AddGlobalValue",
													"key": "Wich_Ball",
													"value": 3,
													"useLimitRange": true,
													"maxValue": 3,
													"minValue": 3,
												},
											],
										},
									],
									"predicates":
									[
										{
											"$type": "ByTargetGlobalValue",
											"key": "Shoot_Count",
											"value": 60,
											"compareType": "MoreThan",
										},
										{
											"$type": "ByTargetGlobalValue",
											"key": "Shoot_Count",
											"value": 65,
											"compareType": "LessAndEqual",
										},
									],
								},
								{
									"$type":"Randomed",
									"chance":0.6,
									"successActions":
									[
										{
											"$type": "AddGlobalValue",
											"key": "Wich_Ball",
											"value": 1,
											"useLimitRange": true,
											"maxValue": 1,
											"minValue": 1,
										},
									],
									"failActions":
									[
										{
											"$type":"Randomed",
											"chance":0.5,
											"successActions":
											[
												{
													"$type": "AddGlobalValue",
													"key": "Wich_Ball",
													"value": 2,
													"useLimitRange": true,
													"maxValue": 2,
													"minValue": 2,
												},
											],
											"failActions":
											[
												{
													"$type": "AddGlobalValue",
													"key": "Wich_Ball",
													"value": 3,
													"useLimitRange": true,
													"maxValue": 3,
													"minValue": 3,
												},
											],
										},
									],
									"predicates":
									[
										{
											"$type": "ByTargetGlobalValue",
											"key": "Shoot_Count",
											"value": 60,
											"compareType": "MoreThan",
										},
										{
											"$type": "ByTargetGlobalValue",
											"key": "Shoot_Count",
											"value": 65,
											"compareType": "LessAndEqual",
										},
									],
								},
							//66-70球
								{
									"$type":"Randomed",
									"chance":0.2,
									"successActions":
									[
										{
											"$type": "AddGlobalValue",
											"key": "Wich_Ball",
											"value": 1,
											"useLimitRange": true,
											"maxValue": 1,
											"minValue": 1,
										},
									],
									"failActions":
									[
										{
											"$type":"Randomed",
											"chance":0.75,
											"successActions":
											[
												{
													"$type": "AddGlobalValue",
													"key": "Wich_Ball",
													"value": 2,
													"useLimitRange": true,
													"maxValue": 2,
													"minValue": 2,
												},
											],
											"failActions":
											[
												{
													"$type": "AddGlobalValue",
													"key": "Wich_Ball",
													"value": 3,
													"useLimitRange": true,
													"maxValue": 3,
													"minValue": 3,
												},
											],
										},
									],
									"predicates":
									[
										{
											"$type": "ByTargetGlobalValue",
											"key": "Shoot_Count",
											"value": 65,
											"compareType": "MoreThan",
										},
										{
											"$type": "ByTargetGlobalValue",
											"key": "Shoot_Count",
											"value": 70,
											"compareType": "LessAndEqual",
										},
									],
								},
								{
									"$type":"Randomed",
									"chance":0.6,
									"successActions":
									[
										{
											"$type": "AddGlobalValue",
											"key": "Wich_Ball",
											"value": 1,
											"useLimitRange": true,
											"maxValue": 1,
											"minValue": 1,
										},
									],
									"failActions":
									[
										{
											"$type":"Randomed",
											"chance":0.5,
											"successActions":
											[
												{
													"$type": "AddGlobalValue",
													"key": "Wich_Ball",
													"value": 2,
													"useLimitRange": true,
													"maxValue": 2,
													"minValue": 2,
												},
											],
											"failActions":
											[
												{
													"$type": "AddGlobalValue",
													"key": "Wich_Ball",
													"value": 3,
													"useLimitRange": true,
													"maxValue": 3,
													"minValue": 3,
												},
											],
										},
									],
									"predicates":
									[
										{
											"$type": "ByTargetGlobalValue",
											"key": "Shoot_Count",
											"value": 65,
											"compareType": "MoreThan",
										},
										{
											"$type": "ByTargetGlobalValue",
											"key": "Shoot_Count",
											"value": 70,
											"compareType": "LessAndEqual",
										},
									],
								},
							//70~球
								{
									"$type":"Randomed",
									"chance":0.2,
									"successActions":
									[
										{
											"$type": "AddGlobalValue",
											"key": "Wich_Ball",
											"value": 1,
											"useLimitRange": true,
											"maxValue": 1,
											"minValue": 1,
										},
									],
									"failActions":
									[
										{
											"$type":"Randomed",
											"chance":0.75,
											"successActions":
											[
												{
													"$type": "AddGlobalValue",
													"key": "Wich_Ball",
													"value": 2,
													"useLimitRange": true,
													"maxValue": 2,
													"minValue": 2,
												},
											],
											"failActions":
											[
												{
													"$type": "AddGlobalValue",
													"key": "Wich_Ball",
													"value": 3,
													"useLimitRange": true,
													"maxValue": 3,
													"minValue": 3,
												},
											],
										},
									],
									"predicates":
									[
										{
											"$type": "ByTargetGlobalValue",
											"key": "Shoot_Count",
											"value": 70,
											"compareType": "MoreThan",
										},
									],
								},
								{
									"$type":"Randomed",
									"chance":0.6,
									"successActions":
									[
										{
											"$type": "AddGlobalValue",
											"key": "Wich_Ball",
											"value": 1,
											"useLimitRange": true,
											"maxValue": 1,
											"minValue": 1,
										},
									],
									"failActions":
									[
										{
											"$type":"Randomed",
											"chance":0.5,
											"successActions":
											[
												{
													"$type": "AddGlobalValue",
													"key": "Wich_Ball",
													"value": 2,
													"useLimitRange": true,
													"maxValue": 2,
													"minValue": 2,
												},
											],
											"failActions":
											[
												{
													"$type": "AddGlobalValue",
													"key": "Wich_Ball",
													"value": 3,
													"useLimitRange": true,
													"maxValue": 3,
													"minValue": 3,
												},
											],
										},
									],
									"predicates":
									[
										{
											"$type": "ByTargetGlobalValue",
											"key": "Shoot_Count",
											"value": 70,
											"compareType": "MoreThan",
										},
									],
								},
								//发球控制器
								{
									"$type": "ApplyModifier",
									"modifierName": "UnoController",
								},
								{
									"$type": "ApplyModifier",
									"modifierName": "DosController",
									"predicates":
									[
										{
											"$type": "ByTargetGlobalValue",
											"key": "Shoot_Num",
											"value": 1,
											"compareType": "MoreThan",
										},
									],
								},
								{
									"$type": "ApplyModifier",
									"modifierName": "TresController",
									"predicates":
									[
										{
											"$type": "ByTargetGlobalValue",
											"key": "Shoot_Num",
											"value": 2,
											"compareType": "MoreThan",
										},
									],
								},
							],
						},
					],	
				},

				//第一球控制器
				"UnoController":
				{
					"duration":0.1,
					"onAdded":
					[
						//发射一阶球
						{
							"$type": "ApplyModifier",
							"modifierName": "UnoShootor",
							"predicates":
							[
								{
									"$type": "ByTargetGlobalValue",
									"key": "Wich_Ball",
									"value": 1,
									"compareType": "Equal",
								},
							],
						},
						//发射二阶球
						{
							"$type": "ApplyModifier",
							"modifierName": "DosShootor",
							"predicates":
							[
								{
									"$type": "ByTargetGlobalValue",
									"key": "Wich_Ball",
									"value": 2,
									"compareType": "Equal",
								},
							],
						},
						//发射三阶球
						{
							"$type": "ApplyModifier",
							"modifierName": "TresShootor",
							"predicates":
							[
								{
									"$type": "ByTargetGlobalValue",
									"key": "Wich_Ball",
									"value": 3,
									"compareType": "Equal",
								},
							],
						},
					],
				},

				//第二球控制器
				"DosController":
				{
					"duration":0.5,
					"onRemoved":
					[
						//发射一阶球
						{
							"$type": "ApplyModifier",
							"modifierName": "UnoShootor",
							"predicates":
							[
								{
									"$type": "ByTargetGlobalValue",
									"key": "Wich_Ball",
									"value": 1,
									"compareType": "Equal",
								},
							],
						},
						//发射二阶球
						{
							"$type": "ApplyModifier",
							"modifierName": "DosShootor",
							"predicates":
							[
								{
									"$type": "ByTargetGlobalValue",
									"key": "Wich_Ball",
									"value": 2,
									"compareType": "Equal",
								},
							],
						},
						//发射三阶球
						{
							"$type": "ApplyModifier",
							"modifierName": "TresShootor",
							"predicates":
							[
								{
									"$type": "ByTargetGlobalValue",
									"key": "Wich_Ball",
									"value": 3,
									"compareType": "Equal",
								},
							],
						},
					],
				},

				//第三球控制器
				"TresController":
				{
					"duration": 1,
					"onRemoved":
					[
						//发射一阶球
						{
							"$type": "ApplyModifier",
							"modifierName": "UnoShootor",
							"predicates":
							[
								{
									"$type": "ByTargetGlobalValue",
									"key": "Wich_Ball",
									"value": 1,
									"compareType": "Equal",
								},
							],
						},
						//发射二阶球
						{
							"$type": "ApplyModifier",
							"modifierName": "DosShootor",
							"predicates":
							[
								{
									"$type": "ByTargetGlobalValue",
									"key": "Wich_Ball",
									"value": 2,
									"compareType": "Equal",
								},
							],
						},
						//发射三阶球
						{
							"$type": "ApplyModifier",
							"modifierName": "TresShootor",
							"predicates":
							[
								{
									"$type": "ByTargetGlobalValue",
									"key": "Wich_Ball",
									"value": 3,
									"compareType": "Equal",
								},
							],
						},
					],
				},

				"UnoShootor":
				{
					"duration":0.1,
					"onRemoved":
					[
						{
							"$type": "TriggerBullet",
							"bulletID": 70900245,
							"born": 
							{
								"$type": "ConfigBornByAttachPoint",
								"attachPointName" : "ShootPoint",
								
								"direction":
								{
									"$type": "ConfigDirectionByGlobalValue",
									"directionKey": "Shoot_Dir",
								},
								
							},
						},
						{
							"$type": "ApplyModifier",
							"modifierName": "ShootTimer_4",
							"predicates":
							[
								{
									"$type": "ByTargetGlobalValue",
									"key": "Shoot_Count",
									"value": 15,
									"compareType": "LessAndEqual",
								},
							],
						},
						{
							"$type": "ApplyModifier",
							"modifierName": "ShootTimer_3_5",
							"predicates":
							[
								{
									"$type": "ByTargetGlobalValue",
									"key": "Shoot_Count",
									"value": 15,
									"compareType": "MoreThan",
								},
								{
									"$type": "ByTargetGlobalValue",
									"key": "Shoot_Count",
									"value": 25,
									"compareType": "LessAndEqual",
								},
							],
						},
						{
							"$type": "ApplyModifier",
							"modifierName": "ShootTimer_3",
							"predicates":
							[
								{
									"$type": "ByTargetGlobalValue",
									"key": "Shoot_Count",
									"value": 25,
									"compareType": "MoreThan",
								},
								{
									"$type": "ByTargetGlobalValue",
									"key": "Shoot_Count",
									"value": 50,
									"compareType": "LessAndEqual",
								},
							],
						},	
						{
							"$type": "ApplyModifier",
							"modifierName": "ShootTimer_2_5",
							"predicates":
							[
								{
									"$type": "ByTargetGlobalValue",
									"key": "Shoot_Count",
									"value": 50,
									"compareType": "MoreThan",
								},
								{
									"$type": "ByTargetGlobalValue",
									"key": "Shoot_Count",
									"value": 70,
									"compareType": "LessAndEqual",
								},
							],
						},	
						{
							"$type": "ApplyModifier",
							"modifierName": "ShootTimer_2",
							"predicates":
							[
								{
									"$type": "ByTargetGlobalValue",
									"key": "Shoot_Count",
									"value": 70,
									"compareType": "MoreThan",
								},
							],
						},			
					],
				},

				"DosShootor":
				{
					"duration":0.1,
					"onRemoved":
					[
						{
							"$type": "TriggerBullet",
							"bulletID": 70900256,
							"born": 
							{
								"$type": "ConfigBornByAttachPoint",
								"attachPointName" : "ShootPoint",
								
								"direction":
								{
									"$type": "ConfigDirectionByGlobalValue",
									"directionKey": "Shoot_Dir",
								},
								
							},
						},
						{
							"$type": "ApplyModifier",
							"modifierName": "ShootTimer_4",
							"predicates":
							[
								{
									"$type": "ByTargetGlobalValue",
									"key": "Shoot_Count",
									"value": 15,
									"compareType": "LessAndEqual",
								},
							],
						},
						{
							"$type": "ApplyModifier",
							"modifierName": "ShootTimer_3_5",
							"predicates":
							[
								{
									"$type": "ByTargetGlobalValue",
									"key": "Shoot_Count",
									"value": 15,
									"compareType": "MoreThan",
								},
								{
									"$type": "ByTargetGlobalValue",
									"key": "Shoot_Count",
									"value": 25,
									"compareType": "LessAndEqual",
								},
							],
						},
						{
							"$type": "ApplyModifier",
							"modifierName": "ShootTimer_3",
							"predicates":
							[
								{
									"$type": "ByTargetGlobalValue",
									"key": "Shoot_Count",
									"value": 25,
									"compareType": "MoreThan",
								},
								{
									"$type": "ByTargetGlobalValue",
									"key": "Shoot_Count",
									"value": 50,
									"compareType": "LessAndEqual",
								},
							],
						},	
						{
							"$type": "ApplyModifier",
							"modifierName": "ShootTimer_2_5",
							"predicates":
							[
								{
									"$type": "ByTargetGlobalValue",
									"key": "Shoot_Count",
									"value": 50,
									"compareType": "MoreThan",
								},
								{
									"$type": "ByTargetGlobalValue",
									"key": "Shoot_Count",
									"value": 70,
									"compareType": "LessAndEqual",
								},
							],
						},	
						{
							"$type": "ApplyModifier",
							"modifierName": "ShootTimer_2",
							"predicates":
							[
								{
									"$type": "ByTargetGlobalValue",
									"key": "Shoot_Count",
									"value": 70,
									"compareType": "MoreThan",
								},
							],
						},	
					],
				},

				"TresShootor":
				{
					"duration":0.1,
					"onRemoved":
					[
						{
							"$type": "TriggerBullet",
							"bulletID": 70900257,
							"born": 
							{
								"$type": "ConfigBornByAttachPoint",
								"attachPointName" : "ShootPoint",
								
								"direction":
								{
									"$type": "ConfigDirectionByGlobalValue",
									"directionKey": "Shoot_Dir",
								},
								
							},
						},
						{
							"$type": "ApplyModifier",
							"modifierName": "ShootTimer_4",
							"predicates":
							[
								{
									"$type": "ByTargetGlobalValue",
									"key": "Shoot_Count",
									"value": 15,
									"compareType": "LessAndEqual",
								},
							],
						},
						{
							"$type": "ApplyModifier",
							"modifierName": "ShootTimer_3_5",
							"predicates":
							[
								{
									"$type": "ByTargetGlobalValue",
									"key": "Shoot_Count",
									"value": 15,
									"compareType": "MoreThan",
								},
								{
									"$type": "ByTargetGlobalValue",
									"key": "Shoot_Count",
									"value": 25,
									"compareType": "LessAndEqual",
								},
							],
						},
						{
							"$type": "ApplyModifier",
							"modifierName": "ShootTimer_3",
							"predicates":
							[
								{
									"$type": "ByTargetGlobalValue",
									"key": "Shoot_Count",
									"value": 25,
									"compareType": "MoreThan",
								},
								{
									"$type": "ByTargetGlobalValue",
									"key": "Shoot_Count",
									"value": 50,
									"compareType": "LessAndEqual",
								},
							],
						},	
						{
							"$type": "ApplyModifier",
							"modifierName": "ShootTimer_2_5",
							"predicates":
							[
								{
									"$type": "ByTargetGlobalValue",
									"key": "Shoot_Count",
									"value": 50,
									"compareType": "MoreThan",
								},
								{
									"$type": "ByTargetGlobalValue",
									"key": "Shoot_Count",
									"value": 70,
									"compareType": "LessAndEqual",
								},
							],
						},	
						{
							"$type": "ApplyModifier",
							"modifierName": "ShootTimer_2",
							"predicates":
							[
								{
									"$type": "ByTargetGlobalValue",
									"key": "Shoot_Count",
									"value": 70,
									"compareType": "MoreThan",
								},
							],
						},	
					],
				},

				"ShootTimer_4":
				{
					"stacking":"Refresh",
					"duration":4,
					"onRemoved":
					[
						{
							"$type": "ApplyModifier",
							"modifierName": "ShootController",
						},	
					],
				},
				"ShootTimer_3_5":
				{
					"stacking":"Refresh",
					"duration":3.5,
					"onRemoved":
					[
						{
							"$type": "ApplyModifier",
							"modifierName": "ShootController",
						},	
					],
				},
				"ShootTimer_3":
				{
					"stacking":"Refresh",
					"duration":3,
					"onRemoved":
					[
						{
							"$type": "ApplyModifier",
							"modifierName": "ShootController",
						},	
					],
				},
				"ShootTimer_2_5":
				{
					"stacking":"Refresh",
					"duration":2.5,
					"onRemoved":
					[
						{
							"$type": "ApplyModifier",
							"modifierName": "ShootController",
						},	
					],
				},
				"ShootTimer_2":
				{
					"stacking":"Refresh",
					"duration":2,
					"onRemoved":
					[
						{
							"$type": "ApplyModifier",
							"modifierName": "ShootController",
						},	
					],
				},
			},
		},
	},
///////////////////////////////////////
//
// 羽毛球返球
//	关联ID：70900239，70900247
//
////////////////////////////////////
	{
	"Default": 
	{ 
		"$type": "ConfigAbility",
		"abilityName": "SceneObj_Gear_Other_ElementCube_Bullet_Crash",
		"onAdded": 
		[
			{
				"$type": "ApplyModifier",
				"modifierName": "BulletControl",
			},
		],
		"modifiers": 
		{
			"BulletControl": 
			{
				"duration": 0.1,
				"onRemoved":
				[
					{
						"$type": "EnableBulletCollisionPluginTrigger",
						"setEnable": true,
					},
				],
			},
		},
		"onAbilityStart": 
		[
			{
				"$type": "FireEffect",
				"effectPattern": "Eff_Gear_Platform_WindSlime",
			},
			{
				"$type" : "TriggerAttackEvent",
				"targetType" : "All",
				"attackEvent": 
				{
					"attackPattern" : 
					{
						"$type" : "ConfigAttackSphere",
						"triggerType" : "TriggerNoRepeat",
						"radius" : 2.5,
						"born":
						{
							"$type": "ConfigBornBySelf",
							"offset" : 
							{
								"x" : 0.0,
								"y" : 0.0,
								"z" : 0.0,
							},
						},
					},
					"attackInfo":
					{
						"attackTag": "BadmintonBall_Back",
						"attackProperty":
						{
							"damagePercentage": 1.0,
							"strikeType": "Default",
							"elementType": "Fire",
							"elementDurability": 0,
							"enBreak": 100.0,
						},
						"hitPattern" :
						{
							"hitImpulseType":"LV2",
							"reboundRatio" : 0,
							"hitHaltTime" : 0.0,
							"hitHaltTimeScale" : 0.05,
							"muteHitText" : false,
						},
					},
				},
			},
		],
	},
},
///////////////////////////////////////
//
// 羽毛球子弹
//	关联ID：70900245，70900253，70900256，70900257
//
////////////////////////////////////
{
	"Default": 
	{
		"$type": "ConfigAbility",
		"abilityName": "SceneObj_Gear_Other_Badminton_Bullet_Crash",
		"onAdded": 
		[
			{
				"$type": "ApplyModifier",
				"modifierName": "BulletControl",
			},
			{
				"$type": "ApplyModifier",
				"modifierName": "Badminton_HitBack",
			},
			{
				"$type": "AddGlobalValue",
				"key": "_IS_BADMINTONBALL",
				"value": 1,
				"useLimitRange": true,
				"maxValue": 1,
				"minValue": 1,
			},
		],
		"modifiers": 
		{
			"BulletControl": 
			{
				"duration": 0.1,
				"onRemoved":
				[
					{
						"$type": "EnableBulletCollisionPluginTrigger",
						"setEnable": true,
					},
				],
			},
			"Badminton_HitBack": 
			{
				"onAdded":
				[
					{
						"$type": "AttachEffect",
						"effectPattern": "Eff_Weapon_Arcane_Arrow",
					},
					{
						"$type": "AttachEffect",
						"effectPattern": "Eff_WhiteBox_Shadow_01",
						"born": 
						{
							"$type": "ConfigBornByAttachPoint",
							"attachPointName": "LaserControl",
							"direction":
							{
								"$type": "ConfigDirectionByEntity",	
								"angleOffset": 
								{
									"x": 0.0,
									"y": 0.0,
									"z": 0.0,
								},
							},
						},
					},
				],
				"onBeingHit":
				[
					{
						"$type": "Predicated",
						"target":"Target",
						"targetPredicates":
						[
							{
								"$type" : "ByEntityTypes",
								"entityTypes" : ["Avatar"],
							},
						],
						"successActions":
						[
							{
								"$type":"SetSelfAttackTarget",
								"otherTargets": 
								{
									"$type": "SelectTargetsByShape",
									"shapeName": "CircleR20",
									"centerBasedOn": "Self",
									"campTargetType": "Alliance",
									"campBasedOn": "Self",
									"topLimit":1
								},
								"predicates":
								[
									{
										"$type": "ByTargetGlobalValue",
										"key": "Is_Badminton_Shootor",
										"value": 1,
										"compareType": "Equal",
									},
								],
							},
							{
								"$type": "TriggerBullet",
								"bulletID": 70900247,
								"born":
								{
									"$type": "ConfigBornByTarget",
									// "onGround":true,
									"direction":
									{
										"$type":"ConfigDirectionByAttackTarget",
										"angleOffset":
										{
											"x": 0.0,
											"y": 0.0,		//角度偏移
											"z": 0.0,
										}
									},
								},
							},
							{
								"$type": "KillSelf",
							},
						],
					},
				],
			},	
		},
		"onAbilityStart": 
		[
			{
				"$type": "FireEffect",
				"effectPattern": "Eff_Gear_Platform_WindSlime",
			},
			{
				"$type" : "TriggerAttackEvent",
				"targetType" : "All",
				"attackEvent": 
				{
					"attackPattern" : 
					{
						"$type" : "ConfigAttackSphere",
						"triggerType" : "TriggerNoRepeat",
						"radius" : 1.5,
						"born":
						{
							"$type": "ConfigBornBySelf",
							"offset" : 
							{
								"x" : 0.0,
								"y" : 0.0,
								"z" : 0.0,
							},
						},
					},
					"attackInfo":
					{
						"attackTag": "BadmintonBall",
						"attackProperty":
						{
							"damagePercentage": 1.0,
							"strikeType": "Default",
							"elementType": "Wind",
							"elementDurability": 0,
							"enBreak": 100.0,
						},
						"hitPattern" :
						{
							"hitImpulseType":"LV2",
							"reboundRatio" : 0,
							"hitHaltTime" : 0.0,
							"hitHaltTimeScale" : 0.05,
							"muteHitText" : false,
						},
					},
				},
			},
		],
	},
},
///////////////////////////
//
//羽毛球边界板
//
///////////////////////
	{
		"Default": 
		{
			"$type": "ConfigAbility",
			"abilityName": "SceneObj_Gear_Other_Badminton_Border",
			"onAdded":
			[
				{
					"$type": "ApplyModifier",
					"modifierName": "BadmintonBorder",
				},	
			],
			"modifiers":
			{
				"BadmintonBorder":
				{
					"onBeingHit": 
					[
						/*{
							"$type": "ExecuteGroupTrigger",
							"sourceName": "Badminton_Rule",
							"param1": 0,
							"predicates":
							[
								{
									"$type" : "ByAttackTags",
									"attackTags" : ["BadmintonBall","BadmintonBall_Back"],
								},
							],
						},*/
					],
				},
			},
		},
	},
//////////////////////////////////
//
//  羽毛球摄像机挂载
//
//////////////////////////////////
	{
		"Default":
		{
			"$type": "ConfigAbility",
			"abilityName": "SceneObj_Gear_Other_Badminton_Camera_Dummy",
			"onAdded":
			[
				{
					"$type": "ApplyModifier",
					"modifierName": "Camera_Ready",
				},
			],
			"modifiers":
			{
				"Camera_Ready":
				{
					"onAdded":
					[
						{
							"$type": "EnterCameraLock",
							"transName": "Overlook",
							"cfgPath": "Data/Camera/Shot/Camera_Dungeon_Dvalin_S01_Overlook",
							"canBeHandledOnRecover": true,
						},
					],
				},
			},
		},
	},
]