[
//////////////////////////////////////////////////////
//
//	普通积分球  
//
//////////////////////////////////////////////////////
	{
		"Default" : 
		{
			"$type" : "ConfigAbility",
			"abilityName" : "SceneObj_Area_Md_Property_Ani_Prop_FleurCredit_01",
			"abilityMixins":
			[
				{
					"$type": "AttachToGadgetStateMixin",
					"gadgetState": 0,
					"modifierName": "Effect_on",
				},
			],
			"onFieldEnter":
			[
				{
					"$type":"ApplyModifier",
					"target":"Target",
					"modifierName":"Cost_up",
					"predicates":
					[
						{
							"$type":"ByTargetGlobalValue",
							"target" : "TargetTeam",
							"key":"has_end_game",
							"value":0,
							"compareType":"Equal"
						}
					]	
				},
				{
					"$type": "ServerLuaCall",
					"isTarget": true,
					"target": "Target",
					"luaCallType": "CurGalleryControlGroup",
					"funcName": "FlyBalloonLowScore",
					"predicates":
					[
						{
							"$type":"ByTargetGlobalValue",
							"target" : "TargetTeam",
							"key":"has_end_game",
							"value":0,
							"compareType":"Equal"
						}
					]
				},
				{
					"$type": "ApplyModifier",
					"modifierName": "SceneObj_Area_Md_Property_Ani_Prop_FleurCredit_01",
					"target": "Target",
					"predicates":
					[
						{
							"$type":"ByTargetGlobalValue",
							"target" : "TargetTeam",
							"key":"has_end_game",
							"value":0,
							"compareType":"Equal"
						}
					]
				},
				{
					"$type" : "Predicated",
					"target" : "TargetTeam",
					"targetPredicates" :
					[
						{
							"$type": "ByTargetGlobalValue",
							"key": "has_end_game",
							"value": 0,
							"compareType": "Equal",
						},
					],
					"successActions" :
					[
						{
							"$type": "FireEffect",
							"target": "Self",
							"effectPattern": "Eff_SceneObj_FleurCredit_01_Score",
						},
						{
							"$type": "KillSelf",
							"target": "Self",
							"hideEntity": true,
							"duration": 1.0,
						},
					],
				},
			],
			"modifiers":
			{
				"SceneObj_Area_Md_Property_Ani_Prop_FleurCredit_01":
				{
					"duration": 1.0,
					"onAdded":
					[
						{
							"$type": "AddGlobalValue",
							"key": "AVATAR_GLIDING_ENERGY", 
							"value": 20,
							"useLimitRange": true,
							"maxValue": 100,
							"minValue": 0,
							"target": "Team",
						},
					],
				},
				"Effect_on":
				{
					"onAdded":
					[

						{
							"$type": "AttachEffect",
							"effectPattern": "Eff_SceneObj_FleurCredit_01_Float",
						},
					],
				},
				"Cost_up":
				{
					"duration": 0.5,
					"onAdded":  
					[
						{
							"$type": "ReviveStamina",
							"value": 90,
						},
					],
				},
			},

		},	
	},
//////////////////////////////////////////////////////
//
//	高分积分球  
//
//////////////////////////////////////////////////////
	{
		"Default" : 
		{
			"$type" : "ConfigAbility",
			"abilityName" : "SceneObj_Area_Md_Property_Ani_Prop_FleurCredit_02",
			"abilityMixins":
			[
				{
					"$type": "AttachToGadgetStateMixin",
					"gadgetState": 0,
					"modifierName": "Effect_on",
				},
			],
			"onFieldEnter":
			[
				{
					"$type":"ExecuteGadgetLua",  
					"param1":201,
				},
				{
					"$type":"ApplyModifier",
					"target":"Target",
					"modifierName":"Cost_up",
					"predicates":
					[
						{
							"$type":"ByTargetGlobalValue",
							"target" : "TargetTeam",
							"key":"has_end_game",
							"value":0,
							"compareType":"Equal"
						}
					]	
				},
				{
					"$type": "ServerLuaCall",
					"isTarget": true,
					"target": "Target",
					"luaCallType": "CurGalleryControlGroup",
					"funcName": "FlyBalloonHighScore",
					"predicates":
					[
						{
							"$type":"ByTargetGlobalValue",
							"target" : "TargetTeam",
							"key":"has_end_game",
							"value":0,
							"compareType":"Equal"
						}
					]
				},
				{
					"$type": "ApplyModifier",
					"modifierName": "SceneObj_Area_Md_Property_Ani_Prop_FleurCredit_02",
					"target": "Target",
					"predicates":
					[
						{
							"$type":"ByTargetGlobalValue",
							"target" : "TargetTeam",
							"key":"has_end_game",
							"value":0,
							"compareType":"Equal"
						}
					]
				},
				{
					"$type" : "Predicated",
					"target" : "TargetTeam",
					"targetPredicates" :
					[
						{
							"$type": "ByTargetGlobalValue",
							"key": "has_end_game",
							"value": 0,
							"compareType": "Equal",
						},
					],
					"successActions" :
					[
						{
							"$type": "FireEffect",
							"target": "Self",
							"effectPattern": "Eff_SceneObj_FleurCredit_02_Score",
						},
						{
							"$type": "KillSelf",
							"target": "Self",
							"hideEntity": true,
							"duration": 1.0,
						},
					],
				},
			],
			"modifiers":
			{
				"SceneObj_Area_Md_Property_Ani_Prop_FleurCredit_02":
				{
					"duration": 1.0,
					"onAdded":
					[
						{
							"$type": "AddGlobalValue",
							"key": "AVATAR_GLIDING_ENERGY", 
							"value": 20,
							"useLimitRange": true,
							"maxValue": 100,
							"minValue": 0,
							"target": "Team",
						},
					],
				},
				"Effect_on":
				{
					"onAdded":
					[

						{
							"$type": "AttachEffect",
							"effectPattern": "Eff_SceneObj_FleurCredit_02_Float",
						},
					],
				},
				"Cost_up":
				{
					"duration": 0.5,
					"onAdded":  
					[
						{
							"$type": "ReviveStamina",
							"value": 90,
						},
					],
				},
			},

		},	
	},
//////////////////////////////////////////////////////
//
//	终点积分球  
//
//////////////////////////////////////////////////////
	{
		"Default" : 
		{
			"$type" : "ConfigAbility",
			"abilityName" : "SceneObj_Area_Md_Property_Ani_Prop_FleurCredit_03",
			"abilityMixins":
			[
				{
					"$type": "AttachToGadgetStateMixin",
					"gadgetState": 0,
					"modifierName": "Effect_on",
				},
			],
			"modifiers":
			{
				"Effect_on":
				{
					"onAdded":
					[

						{
							"$type": "AttachEffect",
							"effectPattern": "Eff_SceneObj_FleurCredit_03_Float",
						},
					],
				},
			},

		},	
	},
	{
		"Default": 
		{
			"$type": "ConfigAbility",
			"abilityName": "SceneObj_Area_Md_Property_Ani_Prop_FleurCredit_act",
			"onAbilityStart":
			[
				{
					"$type":"ApplyModifier",
					"target":"Target",
					"modifierName":"Cost_up",
					"predicates":
					[
						{
							"$type":"ByTargetGlobalValue",
							"target" : "TargetTeam",
							"key":"has_end_game",
							"value":0,
							"compareType":"Equal"
						}
					]	
				},
				{
					"$type": "ServerLuaCall",
					"isTarget": true,
					"target": "Target",
					"luaCallType": "CurGalleryControlGroup",
					"funcName": "FlyBalloonDestinationScore",
					"predicates":
					[
						{
							"$type":"ByTargetGlobalValue",
							"target" : "TargetTeam",
							"key":"has_end_game",
							"value":0,
							"compareType":"Equal"
						}
					]
				},
				{
					"$type": "ApplyModifier",
					"modifierName": "SceneObj_Area_Md_Property_Ani_Prop_FleurCredit_03",
					"target": "Target",
					"predicates":
					[
						{
							"$type":"ByTargetGlobalValue",
							"target" : "TargetTeam",
							"key":"has_end_game",
							"value":0,
							"compareType":"Equal"
						}
					]
				},
				{
					"$type": "FireEffect",
					"effectPattern": "Eff_SceneObj_FleurCredit_03_Score",
				},
				{
					"$type" : "Predicated",
					"target" : "TargetTeam",
					"targetPredicates" :
					[
						{
							"$type": "ByTargetGlobalValue",
							"key": "has_end_game",
							"value": 0,
							"compareType": "Equal",
						},
					],
					"successActions" :
					[
						{
							"$type": "FireEffect",
							"target": "Self",
							"effectPattern": "Eff_SceneObj_FleurCredit_03_Score",
						},
						{
							"$type": "KillSelf",
							"target": "Self",
						},
					],
				},
				{
					"$type": "ApplyModifier",
					"modifierName": "End_Parachute",
					"target": "Target",
					"predicates":
					[
						{
							"$type":"ByTargetGlobalValue",
							"target" : "TargetTeam",
							"key":"has_end_game",
							"value":0,
							"compareType":"Equal"
						},
					],
				},
			],
			"modifiers":
			{
				"End_Parachute":
				{
					"duration": 1,
					"onAdded":
					[
						{
							"$type": "SetGlobalValue",
							"doOffStage": true,
							"target": "Team",
							"key": "has_end_game",
							"value": 1,
						},
					],
				},
				"SceneObj_Area_Md_Property_Ani_Prop_FleurCredit_03":
				{
					"duration": 1.0,
					"onAdded":
					[
						{
							"$type": "AddGlobalValue",
							"key": "AVATAR_GLIDING_ENERGY", 
							"value": 20,
							"useLimitRange": true,
							"maxValue": 100,
							"minValue": 0,
							"target": "Team",
						},
					],
				},
				"Effect_on":
				{
					"onAdded":
					[

						{
							"$type": "AttachEffect",
							"effectPattern": "Eff_SceneObj_FleurCredit_03_Float",
						},
					],
				},
				"Cost_up":
				{
					"duration": 0.5,
					"onAdded":  
					[
						{
							"$type": "ReviveStamina",
							"value": 90,
						},
					],
				},
			},
		},
	},
//////////////////////////////////////////////////////
//
//	体力球
//
//////////////////////////////////////////////////////
	{
		"Default" : 
		{
			"$type" : "ConfigAbility",
			"abilityName" : "SceneObj_Area_Md_Property_Prop_FleurStamina_01", 
			"abilityMixins":
			[
				{
					"$type": "AttachToGadgetStateMixin",
					"gadgetState": 0,
					"modifierName": "Effect_on",
				},
			],
			"onFieldEnter":
			[
				
				{
					"$type":"ApplyModifier",
					"target":"Target",
					"modifierName":"Cost_up",
					"predicates":
					[
						{
							"$type":"ByTargetGlobalValue",
							"target" : "TargetTeam",
							"key":"has_end_game",
							"value":0,
							"compareType":"Equal"
						}
					]	
				},
				{
					"$type":"ExecuteGadgetLua",  
					"param1":201,
					"predicates":
					[
						{
							"$type":"ByTargetGlobalValue",
							"target" : "TargetTeam",
							"key":"has_end_game",
							"value":0,
							"compareType":"Equal"
						}
					]
				},
				{
					"$type" : "Predicated",
					"target" : "TargetTeam",
					"targetPredicates" :
					[
						{
							"$type": "ByTargetGlobalValue",
							"key": "has_end_game",
							"value": 0,
							"compareType": "Equal",
						},
					],
					"successActions" :
					[
						{
							"$type": "FireEffect",
							"target": "Self",
							"effectPattern": "Eff_SceneObj_FleurStamina_Smash",
						},
						{
							"$type": "KillSelf",
							"target": "Self",
							"hideEntity": true,
							"duration": 1.0,
						},
					],
				},
			],
			"modifiers":
			{
				"Cost_up":
				{
					"duration": 0.5,
					"modifierMixins":
					[
						{
							"$type": "CostStaminaMixin",
							"costStaminaDelta": -300,
							"onStaminaEmpty":
							[
								{
									"$type" : "SetAnimatorTrigger",
									"triggerID" : "EndHoldTrigger",
								},
							],
						},
					],
				},
				"Effect_on":
				{
					"onAdded":
					[

						{
							"$type": "AttachEffect",
							"effectPattern": "Eff_SceneObj_FleurStamina_Float",
						},
					],
				},
			},

		},	
	},
////////////////////////////////////////////////////////////
//
// 风洞球
//
////////////////////////////////////////////////////////////	
	{
		"Default": 
		{
			"$type": "ConfigAbility",
			"abilityName": "SceneObj_Area_Md_Property_Prop_FleurVortex_01",
			"onFieldEnter": 
			[
				{
					"$type": "CreateGadget",
					"gadgetID": 70690023,
					"born":
					{
						"$type": "ConfigBornByTarget",
					},
				},
				{
					"$type" : "Predicated",
					"target" : "TargetTeam",
					"targetPredicates" :
					[
						{
							"$type": "ByTargetGlobalValue",
							"key": "has_end_game",
							"value": 0,
							"compareType": "Equal",
						},
					],
					"successActions" :
					[
						{
							"$type": "KillSelf",
							"target": "Self",
							"hideEntity": true,
							"duration": 1.0,
						},
					],
				},
			],
			"modifiers": 
			{

			},
		},
	},
////////////////////////////////////////////////////////////
//
// 爆爆果(风花节)
//
////////////////////////////////////////////////////////////	
	{
		"Default": 
		{
			"$type": "ConfigAbility",
			"abilityName": "SceneObj_Area_Common_Property_Ani_Flower_GlideChampBalloon_04",
			"onFieldEnter": 
			[
				{
					"$type": "CreateGadget",
					"gadgetID": 70690015,
					"born":
					{
						"$type": "ConfigBornByTarget",
					},
				},
				{
					"$type" : "Predicated",
					"target" : "TargetTeam",
					"targetPredicates" :
					[
						{
							"$type": "ByTargetGlobalValue",
							"key": "has_end_game",
							"value": 0,
							"compareType": "Equal",
						},
					],
					"successActions" :
					[
						{
							"$type": "FireEffect",
							"target": "Self",
							"effectPattern": "Eff_SceneObj_GlideChampBalloon_01_Destory",
						},
						{
							"$type": "KillSelf",
							"target": "Self",
							"hideEntity": true,
							"duration": 1.0,
						},
					],
				},
			],
			"modifiers": 
			{

			},
		},
	},
////////////////////////////////////////////////////////////
//
// 脏脏果
//
////////////////////////////////////////////////////////////	
	{
		"Default": 
		{
			"$type": "ConfigAbility",
			"abilityName": "SceneObj_Area_Common_Property_Ani_Flower_GlideChampBalloon_05",
			"onFieldEnter": 
			[
				{
					"$type": "ApplyModifier",
					"target": "Target",
					"modifierName": "DirtyBalloon",
				},
				{
					"$type" : "Predicated",
					"target" : "TargetTeam",
					"targetPredicates" :
					[
						{
							"$type": "ByTargetGlobalValue",
							"key": "has_end_game",
							"value": 0,
							"compareType": "Equal",
						},
					],
					"successActions" :
					[
						{
							"$type": "FireEffect",
							"target": "Self",
							"effectPattern": "Eff_SceneObj_GlideChampBalloon_03_01",
						},
						{
							"$type": "KillSelf",
							"target": "Self",
							"hideEntity": true,
							"duration": 1.0,
						},
					],
				},
			],
			"modifiers": 
			{
				"DirtyBalloon":
				{
					"duration": 0.2,
					"onRemoved":
					[
						{
							"$type": "ApplyModifier",
							"modifierName": "DirtyBalloon_Eff",
						},
					],
				},
				"DirtyBalloon_Eff":
				{
					// "isDebuff": true,
					"stacking": "Refresh",
					"duration": 3,
					"modifierMixins":
					[
						{
							"$type":"TriggerPostProcessEffectMixin",
							"postEffectAssetName":"PostEffect_Scene_Mud",
							"duration":3,
						},
					],
					"onAdded":
					[
						{
							"$type": "DungeonFogEffects",
							"enable": true,
							"muteRemoteAction": true,
							"cameraFogEffectName": "Eff_SceneObj_GlideChampBalloon_03_02",
						},
					],
					"onRemoved":
					[
						{
							"$type": "DungeonFogEffects",
							"enable": false,
						},
					],
				},
			},
		},
	},
////////////////////////////////////////////////////////////
//
// 风圈球
//
////////////////////////////////////////////////////////////	
	{
		"Default": 
		{
			"$type": "ConfigAbility",
			"abilityName": "SceneObj_Area_Md_Property_Prop_FleurDown_01",
			"onFieldEnter": 
			[
				{
					"$type": "CreateGadget",
					"gadgetID": 70690022,
					"campID": 5001,
					"campTargetType": "Enemy",
					"born":
					{
						"$type": "ConfigBornBySelf",
                        "offset":
                        {
							"x": 0.0,
							"y": -2.0,
							"z": 0.0,
						},
						
						"direction": 
						{
							"$type": "ConfigDirectionByEntity",

							"maxAngle": 360,
							"angleOffsetCorrect": 
							{
								"x": 360.0,
								"y": 0.0,
								"z": 0.0, 
							}
						},
					},
				},
				{
					"$type" : "Predicated",
					"target" : "TargetTeam",
					"targetPredicates" :
					[
						{
							"$type": "ByTargetGlobalValue",
							"key": "has_end_game",
							"value": 0,
							"compareType": "Equal",
						},
					],
					"successActions" :
					[
						{
							"$type": "KillSelf",
							"target": "Self",
							"hideEntity": true,
							"duration": 1.0,
						},
					],
				},
			],
			"modifiers": 
			{

			},
		},
	},
]

