[
	{
		"Default": //创建时上冰冻modifer
		{
			"$type": "ConfigAbility",
			"abilityName": "SceneObj_Task_FreezeBoar",
			"onAdded":
			[
				{
					"$type": "ApplyModifier",
					"modifierName": "Freeze",
					"target": "Self",
				},

			],
			"modifiers":
			{
				"Freeze" :
				{
					"state" : "ElementFreeze",
					"onAdded" :
					[
						{
							"$type" : "AttachEffect",
							"effectPattern" : "Eff_Element_Frozen",
							//"target": "Self",
							//"scale" : 0.2,
						},
					],
				},
			},
		}
	}
]