[
    ///////////////////////////
    //
    // 寻宝仙灵探查点
    //
    ///////////////////////
    {
        "Default": 
        {
            "$type": "ConfigAbility",
            "abilityName": "SceneObj_Area_Common_Property_Prop_Exploration_01",
            "abilityMixins": 
            [
                {
                    "$type": "AttachToGadgetStateMixin",
                    "gadgetState": 0,
                    "modifierName": "Interactable"
                },
                {
                    "$type": "AttachToGadgetStateMixin",
                    "gadgetState": 202,
                    "modifierName": "Mute"
                },
                {
                    "$type": "AttachToGadgetStateMixin",
                    "gadgetState": 201,
                    "modifierName": "Active"
                },
            ],
            "modifiers":
            {
                "Interactable":
                {
                    "onAdded": 
                    [
                        {
                            "$type": "AttachEffect",
                            "effectPattern": "Eff_SceneObj_Seeker_ExplorationPoint_01"
                        },
                        {
                            "$type": "AttachModifier",
                            "modifierName": "ShowMark",
                        },
                    ]
                },
                "Mute":
                {
                    "onAdded": 
                    [
                        {
                            "$type": "TeasureHuntMarkShow",
                            "markType": "exploration",
                            "show": false,
                        },
                    ]
                },
                "Active":
                {
                    "onAdded": 
                    [
                        {
                            "$type": "ApplyModifier",
                            "modifierName": "BeActive",
                        },
                        {
                            "$type": "AttachModifier",
                            "modifierName": "ShowMark",
                        }
                    ],
                },
                "BeActive":
                {
                    "duration": 1.0,
                    // "onAdded":
                    // [
                    //     {
                    //         "$type": "TeasureHuntMarkShow",
                    //         "markType": "exploration",
                    //         "show": true,
                    //     }
                    // ],
                    "onRemoved": 
                    [
                        {
                            "$type": "ApplyModifier",
                            "modifierName": "Shoot",
                            "target": "Self",
                        },
                        {
                            "$type": "ChangeGadgetState",
                            "state": 202,
                        },
                        // {
                        //     "$type": "KillSelf",
                        // }
                    ]
                },
                "Shoot":
                {
                    "duration": 0.1,
                    "onAdded": 
                    [
                        {
                            "$type" : "Predicated",
                            "otherTargets":
                            {
                                "$type": "SelectTargetsByTag",
                                "tag": "IS_RESEARCH_POINT",
                                "sortType": "Nearest",
                                "topLimit": 15, // 测试参数
                            },
                            "successActions":
                            [
                                {
                                    "$type": "SetSelfAttackTarget",
                                    "target": "Target",
                                },
                                {
                                    "$type": "TriggerBullet",
                                    //"target": "Target",
                                    "bulletID": 70290407, 
                                    "born":
                                    {
                                        "$type": "ConfigBornBySelf",
                                        "offset":
                                        {
                                            "x": 0.0,
                                            "y": 2.0,
                                            "z": 0.0,
                                        },
                                        "direction":
                                        {
                                            //"$type": "ConfigBornDirectionType",
                                            "$type": "ConfigDirectionByAttackTarget",
                                            "angleOffset": 
                                            {
                                                "x": -45,
                                                "y": 0,
                                                "z": 0,
                                            }
                                        }
                                    },
                                    "predicates": 
                                    [
                                        {
                                            "$type": "ByHasAttackTarget"
                                        }
                                    ]
                                },
                            ],
                        },
                    ],
                },
                "ShowMark":
                {
                    "thinkInterval": 1.0,
                    "onThinkInterval": 
                    [
                        {
                            "$type": "TeasureHuntMarkShow",
                            "markType": "exploration",
                            "show": true,
                        },
                    ],
                },
            },
        },
    },

    ///////////////////////////////////////////////////
    //
    //  寻宝仙灵探查点子弹特效
    //
    ///////////////////////////////////////////////////
    {
        "Default":
        {
            "$type": "ConfigAbility",
            "abilityName": "SceneObj_Area_Common_Property_Prop_ExplorationBullet_01",
            "onAdded": 
            [
            ],
            "onAbilityStart": 
            [
                //
                {   
                    "$type" : "DamageByAttackValue",
                    "target" : "Target",
                    "attacker": "Caster",
                    "attackInfo":
                    {
                        "attackTag":"ResearchPointBullet",
                        "attackProperty":
                        {
                            "damagePercentage": 0.0,
                            "elementType": "None",
                            "strikeType": "Default",
                            "elementDurability": 100,
                            "ignoreAttackerProperty": true,
                            "ignoreModifyDamage": true,
                        },
                        "hitPattern":
                        {
                            "onHitEffectName": "default",
                            "hitImpulseType":"LV7",
                            "canBeDefenceHalt": false,
                            "hitHaltTime": 0.0,
                            "hitHaltTimeScale": 0.05,
                            "muteHitText": true,
                        },
                    }
                },
            ],
  
        },
    },

    ///////////////////////////
    //
    // 寻宝仙灵元素微粒
    //
    ///////////////////////
    {
        "Default":
        {
            "$type": "ConfigAbility",
            "abilityName": "SceneObj_Area_Xm_Property_Ani_Prop_ElementParticle_01",
            "abilityMixins": 
            [
                {
                    "$type": "AttachToGadgetStateMixin",
                    "gadgetState": 0,
                    "modifierName": "Mute"
                },
                {
                    "$type": "AttachToGadgetStateMixin",
                    "gadgetState": 201,
                    "modifierName": "Active"
                },
            ],
            "onFieldEnter": 
            [
                {
                    "$type": "Predicated",
                    "target": "Target",
                    "targetPredicates":
                    [
                        {
                            "$type": "ByAvatarIsHost",
                            "target": "Target",
                            "isHost": true,
                        },
                    ],
                    "successActions":
                    [
                       {
                            "$type": "ApplyModifier",
                            "target": "Self",
                            "modifierName": "Pickup",
                            "predicates": 
                            [
                                {
                                    "$type": "ByTargetGadgetState",
                                    "target": "Self",
                                    "gadgetState": 201,
                                },
                            ]
                        },
                    ],
                },
            ],
            "onAdded":
            [
                {
                    "$type": "ChangeTag",
                    "isAdd": true,
                    "tag": "IS_RESEARCH_POINT",
                },
            ],
            "modifiers":
            {
                "Mute":
                {
                    "duration": 3,
                    "onBeingHit": 
                    [
                        {
                            "$type": "ChangeGadgetState",
                            "state": 201,
                            "predicates": 
                            [
                                {
                                    "$type": "ByAttackTags",
                                    "attackTags": ["ResearchPointBullet"],
                                }
                            ]
                        },
                    ],
                    "onRemoved": 
                    [
                        // 状态切换保底 防止子弹未击中
                        {
                            "$type": "ChangeGadgetState",
                            "state": 201,
                        },
                    ]
                },
                "Active":
                {
                    "onAdded": 
                    [
                        {
                            //待机特效
                            "$type" : "AttachEffect",
                            "effectPattern" : "Eff_SceneObj_ElementParticle_01",
                        },
                    ]
                },
                "EffectBall":
                {
                    "onAdded":
                    [
                        {
                            //待机特效
                            "$type" : "AttachEffect",
                            "effectPattern" : "Eff_SceneObj_ElementParticle_01",
                        },
                        // {
                        //     "$type": "SetGlobalValue",
                        //     "key": "GV_CanBePicked",
                        //     "target":"Self",
                        //     "value": 1,
                        // }
                    ],

                },
                "Pickup":
                {
                    "onAdded": 
                    [
                        {
                            "$type":"ServerLuaCall",
                            "funcName": "SLC_Activity_TreasureSeelie_PickElementParticle",
                            "luaCallType": "FromGroup",
                        },
                        {
                            "$type": "FireEffect",
                            "target": "Self",
                            "effectPattern": "Eff_SceneObj_ElementParticle_01_Disappear",
                        },
                        {
                            "$type": "KillSelf",
                        }
                    ],
                },
            },
        },
    },

    // 寻宝仙灵元素微粒（贴地版本）
    {
        "Default":
        {
            "$type": "ConfigAbility",
            "abilityName": "SceneObj_Area_Xm_Property_Ani_Prop_ElementParticle_OnGround_01",
            "onFieldEnter": 
            [
                {
                    "$type": "Predicated",
                    "target": "Target",
                    "targetPredicates":
                    [
                        {
                            "$type": "ByAvatarIsHost",
                            "target": "Target",
                            "isHost": true,
                        },
                    ],
                    "successActions":
                    [
                       {
                            "$type": "ApplyModifier",
                            "target": "Self",
                            "modifierName": "Pickup",
                        },
                    ],
                },
            ],
            "onAdded": 
            [
                {
                    //待机特效
                    "$type" : "AttachEffect",
                    "effectPattern" : "Eff_SceneObj_ElementParticle_01",
                },
            ],
            "modifiers":
            {
                "Pickup":
                {
                    "onAdded": 
                    [
                        {
                            "$type":"ServerLuaCall",
                            "funcName": "SLC_Activity_TreasureSeelie_PickElementParticle",
                            "luaCallType": "CurChallengeGroup",
                        },
                        {
                            "$type": "FireEffect",
                            "target": "Self",
                            "effectPattern": "Eff_SceneObj_ElementParticle_01_Disappear",
                        },
                        {
                            "$type": "KillSelf",
                        }
                    ],
                },
            },
        },
    },

    // 寻宝仙灵-元素微粒创生器
    {
        "Default":
        {
            "$type": "ConfigAbility",
            "abilityName": "SceneObj_Area_Xm_Property_Ani_Prop_ElementParticle_Generator_01",
            "onAdded":
            [
                {
                    "$type":"CreateGadget",
                    "gadgetID": 70290552,
                    "lifeByOwnerV2": true,
                    "born":
                    {
                        "$type": "ConfigBornBySelf",
                        "onGround": true, // 贴地生成
                        "offset" :
                        {
                            "x": 0.0,
                            "y": 0.0,
                            "z": 0.0,
                        },              
                    },
                },
            ],
        },
    },

    ///////////////////////////
    //
    // 寻宝仙灵能量球
    //
    ///////////////////////
    {
        "Default":
        {
            "$type": "ConfigAbility",
            "abilityName": "SceneObj_Area_Xm_Property_Ani_Prop_EnergyBall_01",
            "onFieldEnter": 
            [
                {
                    "$type": "Predicated",
                    "target": "Target",
                    "targetPredicates":
                    [
                        {
                            "$type": "ByAvatarIsHost",
                            "target": "Target",
                            "isHost": true,
                        },
                    ],
                    "successActions":
                    [
                        {
                            "$type": "ApplyModifier",
                            "target": "Self",
                            "modifierName": "Pickup",
                            "predicates": 
                            [
                                {
                                    "$type": "ByTargetGadgetState",
                                    "target": "Self",
                                    "gadgetState": 0,
                                },
                                
                            ]
                        },
                    ],
                },
            ],
            "abilityMixins": 
            [
                {
                    "$type": "AttachToGadgetStateMixin",
                    "gadgetState": 0,
                    "modifierName": "Active",
                },
                {
                    "$type": "AttachToGadgetStateMixin",
                    "gadgetState": 201,
                    "modifierName": "Inactive",
                },
            ],
            "modifiers":
            {
                // 可见&可交互
                "Active":
                {
                    "onAdded": 
                    [
                        {
                            "$type": "AttachEffect",
                            "effectPattern": "Eff_SceneObj_Seeker_EnergyBall_01",
                        },
                    ]
                },
                // 不可见&不可交互
                "Inactive":{},
                "Pickup":
                {
                    "onAdded": 
                    [
                        {
                            "$type":"ServerLuaCall",
                            "funcName": "SLC_Activity_TreasureSeelie_PickEnergyBall",
                            "luaCallType": "FromGroup",
                        },
                        {
                            "$type": "FireEffect",
                            "target": "Self",
                            "effectPattern": "Eff_SceneObj_Seeker_EnergyBall_01_Disappear",
                        },
                        {
                            "$type": "KillSelf",
                        }
                    ],
                },
            },
        },
    },

    // 寻宝仙灵-挖掘点（操作台）
    {
        "Default": 
        {
            "$type": "ConfigAbility",
            "abilityName": "SceneObj_Area_Common_Property_Prop_Excavate_01",
            "abilityMixins": 
            [
                {
                    "$type": "AttachToGadgetStateMixin",
                    "gadgetState": 0,
                    "modifierName": "Interactable"
                },
                {
                    "$type": "AttachToGadgetStateMixin",
                    "gadgetState": 201,
                    "modifierName": "Mute"
                },
                {
                    "$type": "AttachToGadgetStateMixin",
                    "gadgetState": 202,
                    "modifierName": "Interacted"
                },
                {
                    "$type": "AttachToGadgetStateMixin",
                    "gadgetState": 203,
                    "modifierName": "Die"
                },
            ],
            "modifiers": 
            {
                "Interactable":
                {
                    "onAdded":
                    [
                        {
                            "$type": "AttachEffect",
                            "effectPattern": "Eff_SceneObj_Excavate_01"
                        },
                        // 离体仙灵常驻挖掘点
                        {
                            "$type": "AttachEffect",
                            "effectPattern": "Eff_SceneObj_SeekerSeelie_03_NoFollow",
                            "born":
                            {
                                "$type": "ConfigBornType",
                                "offset": 
                                {
                                    "x": 0,
                                    "y": 1.2,
                                    "z": 0,
                                }
                            }
                        },
                        {
                            "$type": "AttachModifier",
                            "modifierName": "ShowMark",
                        }
                    ],
                    
                },
                "Interacted":
                {
                    "onAdded":
                    [
                        {
                            "$type": "AttachModifier",
                            "modifierName": "ShowMark",
                        }
                    ],
                },
                "Mute":
                {
                    "onAdded": 
                    [
                        {
                            "$type": "TeasureHuntMarkShow",
                            "markType": "excavation",
                            "show": false,
                        },
                       /* {
                            "$type": "KillSelf",
                        }*/
                    ]
                },
                "Die":
                {
                    "onAdded": 
                    [
                        {
                            "$type": "TeasureHuntMarkShow",
                            "markType": "excavation",
                            "show": false,
                        },
                        {
                            "$type": "KillSelf",
                        },
                    ],
                },
                "ShowMark":
                {
                    "thinkInterval": 1.0,
                    "onThinkInterval": 
                    [
                        {
                            "$type": "TeasureHuntMarkShow",
                            "markType": "excavation",
                            "show": true,
                        },
                    ],
                },
            }
        },
    },

    // 寻宝仙灵-离体仙灵
    {
        "Default":
        {
            "$type": "ConfigAbility",
            "abilityName": "SceneObj_Area_Xm_Property_Prop_SeelieFarAway_01",
            "onAdded":
            [
                {
                    "$type": "AttachEffect",
                    "effectPattern": "Eff_SceneObj_SeekerSeelie_03_Follow",//"Eff_SceneObj_SeekerSeelie_03_NoFollow",
                },
            ],
        },
    },

    ///////////////////////////////////////////////////////////////
    //
    // 3.0 跑酷 移动金币
    //
    ///////////////////////////////////////////////////////////////
    {
        "Default":
        {
            "$type": "ConfigAbility",
            "abilityName": "SceneObj_Level_Common_Property_Prop_RemovableCoin_01",
            "onAdded":
            [
                {
                    "$type": "ApplyModifier",
                    "modifierName": "CoinMaterial",
                    "target": "Self",
                },
                {
                    "$type": "SetGlobalValue",
                    "key": "GV_Picked",
                    "value": 0,
                },
                {
                    "$type": "ChangeTag",
                    "tag": "IS_COIN",
                    "isAdd": true,
                }
            ],
            "abilityMixins": 
            [
                {
                    "$type": "AttachModifierToGlobalValueMixin",
                    "globalValueKey": "GV_Picked",
                    "valueSteps": [0.5,1.5],
                    "modifierNameSteps": ["BePicked"]
                }
            ],
            "modifiers":
            {
                "CoinMaterial":
                {
                    "onAdded": 
                    [
                        {
                            "$type": "AttachEffect",
                            //"effectPattern": "Eff_SceneObj_UGC_TriathlonCoin_01"
                            "effectPattern": "Eff_SceneObj_UGCCoin_01",
                        },
                        // 拖尾特效
                        {
                            "$type": "AttachEffect",
                            "effectPattern": "Eff_SceneObj_RemovableCoin_01",
                        },                        
                    ],
                    "onRemoved": 
                    [
                        {
                            "$type": "FireEffect",
                            "target": "Self",
                            "effectPattern": "Eff_SceneObj_GlideChampCoin_Hit",
                        },
                        {
                            "$type": "KillSelf",
                            "target": "Self",
                        },
                    ]
                },
                "BePicked":
                {
                    "onAdded": 
                    [
                        {
                            "$type":"ServerLuaCall",
                            "luaCallType": "CurChallengeGroup",
                            "funcName":"SLC_Activity_Parkour_PickCoin",
                        },
                        {
                            "$type": "RemoveModifier",
                            "modifierName": "CoinMaterial",
                        }
                    ]
                },
            },
        },
    },

    ///////////////////////////////////////////////////////////////
    //
    // 3.0 跑酷 金币拾取BUFF球
    //
    ///////////////////////////////////////////////////////////////
    {
        "Default":
        {
            "$type": "ConfigAbility",
            "abilityName": "SceneObj_Level_Common_Property_Prop_ExpandAccessCoin_01",
            "onAdded": [],
            "abilityMixins": 
            [
                {
                    "$type": "AttachToGadgetStateMixin",
                    "gadgetState": 0,
                    "modifierName": "Interactable"
                },
                {
                    "$type": "AttachToGadgetStateMixin",
                    "gadgetState": 201,
                    "modifierName": "Mute"
                },
            ],
            "onFieldEnter": 
            [
                {
                    "$type": "Predicated",
                    "target": "Target",
                    "targetPredicates": 
                    [
                        {
                            "$type": "ByAvatarIsHost",
                            "target": "Target",
                            "isHost": true,
                        },
                        {
                            "$type": "ByTargetGadgetState",
                            "gadgetState": 0,
                            "target": "Self",
                        }
                    ],
                    "successActions": 
                    [
                        // 上BUFF
                        {
                            "$type": "ApplyModifier",
                            "target": "Team",
                            "modifierName": "UNIQUE_PickRangeBuff",
                        },
                        // 切换为不可交互状态
                        {
                            "$type": "ChangeGadgetState",
                            "state": 201,
                        },
                    ]
                }
            ],
            "modifiers": 
            {
                // 给TEAM上的BUFF
                "UNIQUE_PickRangeBuff":
                {
                    "stacking": "RefreshUniqueDurability",
                    "isUnique": true,
                    "duration": 20,
                    "enableMixedUnique": true,
                    "onAdded": 
                    [
                        {
                            "$type": "AddGlobalValue",
                            "target": "Team",
                            "key": "GV_CoinRangeLevel",
                            "value": 1,
                            "useLimitRange": true,
                            "maxValue": 1000,
                            "minValue": 0,
                        }
                    ],
                    "onRemoved": 
                    [
                        {
                            "$type": "AddGlobalValue",
                            "target": "Team",
                            "key": "GV_CoinRangeLevel",
                            "value": -1,
                            "useLimitRange": true,
                            "maxValue": 1000,
                            "minValue": 0,
                        }
                    ]
                },
                "Interactable":
                {
                    "onAdded":
                    [
                        {
                            "$type": "AttachEffect",
                            "effectPattern": "Eff_SceneObj_ExpandAccessCoin_01",
                        },
                    ],
                    "onRemoved": 
                    [
                        // 消失特效
                        {
                            "$type": "FireEffect",
                            "effectPattern": "Eff_SceneObj_ExpandAccessCoin_01_Dis",//"Eff_SceneObj_BoatRaceCrate_02_Smash", 
                        },
                    ]
                },
                "Mute":
                {
                    // 10s后重生
                    "duration": 20,
                    "onRemoved": 
                    [
                        {
                            "$type": "ChangeGadgetState",
                            "state": 0,
                        },
                    ],
                },
            }
        }
    },

    // 3.0 跑酷挑战机关操作台
    //////////////////////////////////////////////////////
    {
        "Default": 
        {
            "$type": "ConfigAbility",
            "abilityName": "SceneObj_Area_Common_Property_Prop_ParkourOperatorXM_01",
            "abilityMixins":
            [
                {
                    "$type": "AttachToGadgetStateMixin",
                    "gadgetState": 202,
                    "modifierName": "ReMove",
                },
            ],
            "onAdded":
            [
                {
                    "$type": "AttachModifier",
                    "modifierName": "AddEffect",
                    "target": "Self",
                },
            ],
            "modifiers":
            {
                "AddEffect":
                {
                    "onAdded":
                    [
                        {
                            "$type":"AttachEffect",
                            "effectPattern":"Eff_SceneObj_Challengestarter_02",
                            "born":
                            {
                                "$type":"ConfigBornByAttachPoint",
                                "attachPointName":"EffectPoint"
                            }
                        },
                    ],
                },
                "ReMove":
                {
                    "duration":2.0,
                    "onRemoved":
                    [
                        {
                            "$type": "RemoveModifier",
                            "modifierName": "AddEffect",
                        },
                    ]

                }
            },
        },
    },
]