[
    //该JSON为 2.6版本中所有活动玩法使用的物件

    ///////////////////////////
    //
    // 2.6拍照活动调查点
    //
    ///////////////////////
    {
        "Default": 
        {
            "$type": "ConfigAbility",
            "abilityName": "SceneObj_Area_Common_Property_Tree_CameraActivityOperator_01",
            "abilityMixins": 
            [
                {
                    "$type": "AttachToGadgetStateMixin",
                    "gadgetState": 0,
                    "modifierName": "Interactable"
                },
                {
                    "$type": "AttachToGadgetStateMixin",
                    "gadgetState": 201,
                    "modifierName": "Mute"
                },
            ],
            "onFieldEnter": 
            [
                {
                    "$type": "DebugLog",
                    "content": "TESTTESTTEST: 触发了fieldEnter！！！"
                }
            ],
            "onFieldExit": 
            [
                {
                    "$type": "DebugLog",
                    "content": "TESTTESTTEST: 触发了fieldEnter！！！"
                }
            ],
            "modifiers":
            {
                "Interactable":
                {
                    "onAdded": 
                    [
                        {
                            "$type": "AttachEffect",
                            "effectPattern": "Eff_SceneObj_CameraActiveOperator_01"
                        }
                    ],
                    "onRemoved": 
                    [
                        {
                            "$type": "FireEffect",
                            "effectPattern": "Eff_SceneObj_CameraActiveOperator_01_Disappear"
                        }
                    ]
                },
                "Mute":
                {
                },
            } 
        },
    },

    ///////////////////////////
    //
    // 2.6连线buff地城 响晶石
    //
    ///////////////////////
    {
        "Default": 
        {
            "$type": "ConfigAbility",
            "abilityName": "SceneObj_Level_Common_Property_Ani_Prop_ReactionGem_01",
            "abilityMixins": 
            [
                {
                    "$type": "AttachToGadgetStateMixin",
                    "gadgetState": 0,
                    "modifierName": "Mute"
                },
                {
                    "$type": "AttachToGadgetStateMixin",
                    "gadgetState": 201,
                    "modifierName": "Active"
                },
                {
                    "$type": "AttachToGadgetStateMixin",
                    "gadgetState": 202,
                    "modifierName": "Burst"
                },
            ],
            "modifiers":
            {
                "Mute":
                {
                    "onAdded": 
                    [
                        {
                            "$type": "SetMaterialParamFloatByTransform",
							"matName":"GemMat",
                            "patternName": "_EmissionStrength",
                            "value": 2
                        }
                    ],
                },
                "Active":
                {
                    "onAdded": 
                    [
                        {
                            "$type": "SetMaterialParamFloatByTransform",
							"matName":"GemMat",
                            "patternName": "_EmissionStrength",
                            "useCurve": true,
                            "lerpTime":1,
                            "lerpCurveIndex": 1,
                            "value": 10
                        },
                        {
                            "$type": "FireEffect",
                            "effectPattern": "Eff_SceneObj_ReactionGem_01_Active_Once"
                        }
                    ],
                },
                "Burst":
                {
                    "onAdded": 
                    [
                        {
                            "$type": "SetMaterialParamFloatByTransform",
							"matName":"GemMat",
                            "patternName": "_EmissionStrength",
                            "value": 10
                        },
                        {
                            "$type": "FireEffect",
                            "effectPattern": "Eff_SceneObj_ReactionGem_01_Active_Once"
                        },
                        {
                            "$type": "AttachEffect",
                            "effectPattern": "Eff_SceneObj_ReactionGem_01_Active_Loop"
                        }
                    ],
                },
            } 
        },
    },

    ///////////////////////////
    //
    // 2.6连线buff地城 振晶石
    //
    ///////////////////////
    {
        "Default": 
        {
            "$type": "ConfigAbility",
            "abilityName": "SceneObj_Level_Common_Property_Ani_Prop_ReactionGem_02",
            "abilityMixins": 
            [
                {
                    "$type": "AttachToGadgetStateMixin",
                    "gadgetState": 0,
                    "modifierName": "Mute"
                },
                {
                    "$type": "AttachToGadgetStateMixin",
                    "gadgetState": 201,
                    "modifierName": "Active"
                },
                {
                    "$type": "AttachToGadgetStateMixin",
                    "gadgetState": 202,
                    "modifierName": "Burst"
                },
            ],
            "modifiers":
            {
                "Mute":
                {
                    "onAdded": 
                    [
                        {
                            "$type": "SetMaterialParamFloatByTransform",
							"matName":"GemMat",
                            "patternName": "_EmissionStrength",
                            "value": 2
                        }
                    ],
                },
                "Active":
                {
                    "onAdded": 
                    [
                        {
                            "$type": "SetMaterialParamFloatByTransform",
							"matName":"GemMat",
                            "patternName": "_EmissionStrength",
                            "useCurve": true,
                            "lerpTime":1,
                            "lerpCurveIndex": 1,
                            "value": 14
                        },
                        {
                            "$type": "FireEffect",
                            "effectPattern": "Eff_SceneObj_ReactionGem_02_Active_Once"
                        }
                    ],
                },
                "Burst":
                {
                    "onAdded": 
                    [
                        {
                            "$type": "SetMaterialParamFloatByTransform",
							"matName":"GemMat",
                            "patternName": "_EmissionStrength",
                            "value": 14
                        },
                        {
                            "$type": "FireEffect",
                            "effectPattern": "Eff_SceneObj_ReactionGem_02_Active_Once"
                        },
                        {
                            "$type": "AttachEffect",
                            "effectPattern": "Eff_SceneObj_ReactionGem_02_Active_Loop"
                        }
                    ],
                },
            } 
        },
    },

    /////////////////////////////////////////////////////////
	//
	// 容彩祭活动任务物件-黑主图
	//
	/////////////////////////////////////////////////////////
	{
		"Default": 
		{
			"$type": "ConfigAbility",
			"abilityName": "SceneObj_Area_Common_Property_Ani_Decal_IrodoriPainting_02",
            "onAdded": 
            [
                {
                    "$type": "AttachAbilityStateResistance",
                    "resistanceListID": 11001,
                },
            ],
			"abilityMixins":
			[
				{
					"$type": "AttachToGadgetStateMixin",
					"gadgetState": 0,
					"modifierName": "Disappeared",
				},
				{
					"$type": "AttachToGadgetStateMixin",
					"gadgetState": 201,
					"modifierName": "Appeared",
				},
				{
					"$type": "AttachToGadgetStateMixin",
					"gadgetState": 301,
					"modifierName": "Appearing",
				},
				{
					"$type": "AttachToGadgetStateMixin",
					"gadgetState": 302,
					"modifierName": "Disappearing",
				},
			],
			"modifiers": 
			{
				"Disappeared":
				{
					"onAdded":
					[
						{
							"$type": "SetMaterialParamFloatByTransform",
							"matName": "OMat",
							"patternName": "_Opacity",
							"value": 0,
							"canBeHandledOnRecover": true,
						},	
					],
					"onBeingHit": 
					[
						{
							"$type": "ExecuteGadgetLua",
							"param1": 301,
							"predicates": 
							[
								{
									"$type": "ByHitElementDurability",
									"element": "Water",
									"durability": 20,
									"compareType": "MoreThan",
								}
							],
						}
					],
				},
				"Appeared":
				{
					"duration": 8,
					"onAdded":
					[
						{
							"$type": "SetMaterialParamFloatByTransform",
							"matName": "OMat",
							"patternName": "_Opacity",
							"value": 1,
							"canBeHandledOnRecover": true,
						},	
					],
					"onRemoved": 
					[
						{
							"$type": "ExecuteGadgetLua",
							"param1": 302,
						},	
					],
				},
				"Appearing":
				{
					"duration": 2,
					"onAdded": 
					[
						{
							"$type": "SetMaterialParamFloatByTransform",
							"matName": "OMat",
							"patternName": "_Opacity",
							"value": 1,
							"lerpTime": 2.0,
							"useCurve": true,
							"lerpCurveIndex": 2,
							"canBeHandledOnRecover": true,
						},	
					],
					"onRemoved": 
					[
						{
							"$type": "ExecuteGadgetLua",
							"param1": 201,
						}
					],
				},
				"Disappearing":
				{
					"duration": 2,
					"onAdded": 
					[
						{
							"$type": "SetMaterialParamFloatByTransform",
							"matName": "OMat",
							"patternName": "_Opacity",
							"value": 0,
							"lerpTime": 2.0,
							"useCurve": true,
							"lerpCurveIndex": 2,
							"canBeHandledOnRecover": true,
						},	
					],
					"onRemoved": 
					[
						{
							"$type": "ExecuteGadgetLua",
							"param1": 0,
						}
					]
				}
			},
		},
	},
]