[
////////////////////////////////////////////////////////////////
//
//  GadgetAbility_Common_VulnerableFire_100(火属性易伤)
//
////////////////////////////////////////////////////////////////
{
	"Default" : 
	{
		"$type" : "ConfigAbility",
		"abilityName" : "GadgetAbility_Common_FireVulnerable_100",
		"isDynamicAbility": true,
		"onAdded":
		[
			{
				"$type": "AttachModifier",
				"modifierName": "UNIQUE_GadgetModifier_FireVulnerable",
				"target": "Self",
			},
		],
		"modifiers" : 
		{
			"UNIQUE_GadgetModifier_FireVulnerable":
			{
				"stacking": "Unique",
				"isUnique": true,
				"properties":
				{
					"Actor_FireSubHurtDelta" : -1,
				},
			},
		},
	},
},
]