[
	//////////////////////////////////////////////////////////////////////////////////////////////////
//
// 毒水，草系伤害
//
//////////////////////////////////////////////////////////////////////////////////////////////////
	{
		"Default":
		{
			"$type": "ConfigAbility",
			"abilityName": "SceneObj_Environment_WaterMaterial_PoisonAttack",
			"onAdded":
			[
				{
					"$type": "AttachModifier",
					"modifierName": "poison",
				},
			],
			"modifiers":
			{
				"poison":
				{

				},
			},
		}
	},
]