[
///////////////////////////////////////
//
// 火元素场阶段切换器
//
////////////////////////////////////
{
	"Default": 
	{
		"$type": "ConfigAbility",
		"abilityName": "SceneObj_Gear_ElementField_FireController",
		"abilityMixins":
		[
			{
				"$type": "AttachToGadgetStateMixin",
				"gadgetState": 0,
				"modifierName": "Default",
			},
			{
				"$type": "AttachToGadgetStateMixin",
				"gadgetState": 201,
				"modifierName": "Element_Handle",
			},
		],
		"modifiers": 
		{
			"Default":
			{
				"onAdded":
				[

				],
			},

			"Element_Handle":
			{
				"thinkInterval": 0.5,
				"onThinkInterval":
				[
					{
						"$type": "ApplyModifier",
						"modifierName": "Fire_Summonor",
						"doOffStage":true,
						//"$type": "KillSelf",
						"otherTargets":
						{
							"$type": "SelectTargetsByShape",
							"shapeName": "CircleR100",
							"centerBasedOn": "Self",
							"campTargetType": "All",
							"campBasedOn": "Self",
						},
						"predicates":
						[
							{
								"$type" : "ByEntityTypes",
								"entityTypes" : ["Avatar"],
							},
						],
					},
				],
				"onAdded":
				[
					{
						"$type": "ApplyModifier",
						"modifierName": "Fire_Summonor",
						"doOffStage":true,
						//"$type": "KillSelf",
						"otherTargets":
						{
							"$type": "SelectTargetsByShape",
							"shapeName": "CircleR100",
							"centerBasedOn": "Self",
							"campTargetType": "All",
							"campBasedOn": "Self",
						},
						"predicates":
						[
							{
								"$type" : "ByEntityTypes",
								"entityTypes" : ["Avatar"],
							},
						],
					},
				],
				"onRemoved":
				[
					{
						"$type": "ApplyModifier",
						"modifierName": "Fire_AntiSummonor",
						"doOffStage":true,
						//"$type": "KillSelf",
						"otherTargets":
						{
							"$type": "SelectTargetsByShape",
							"shapeName": "CircleR100",
							"centerBasedOn": "Self",
							"campTargetType": "All",
							"campBasedOn": "Self",
						},
						"predicates":
						[
							{
								"$type" : "ByEntityTypes",
								"entityTypes" : ["Avatar"],
							},
						],
					},
				],
			},

/////////////////////////////
//
//火焰召唤
//
/////////////////////////////	
				"Fire_Summonor":
				{
					"duration": 0.2,
					"onAdded":
					[
						{
							"$type":"AddGlobalValue",
							"key":"FIRE_CHARGES",
							"value": 1,
							"useLimitRange":true,
							"minValue":0,
							"maxValue":100,
							"target":"CurLocalAvatar",
						},

						//刷新叠加数值
						{
							"$type":"SetGlobalValueToOverrideMap",
							"globalValueKey":"FIRE_CHARGES",
							"overrideMapKey":"CounterStage",
							"isFromOwner": false,
						},

						//添火
						{
							"$type": "AddElementDurability",
							"modifierName": "Fire_Damge",
							"doOffStage":true,
							"target": "CurTeamAvatars",
							"value": 50,
							"useLimitRange": true,
							"maxValue": 50.0,
							"minValue": 0.0,
						},
						//在固定层数刷新特效
						{
							"$type": "ApplyModifier",
							"modifierName": "Fire_Damge",
							"doOffStage":true,
							"predicates":
							[
								{
									"$type": "ByTargetGlobalValue",
									"key": "HAS_FIRE_DAMAGE",
									"value": 0,
									"compareType": "NoneOrEqual",
								},
							],
						},
						{
							"$type": "RemoveModifier",
							"modifierName": "Fire_Damge",
							"doOffStage":true,
							"predicates":
							[
								{
									"$type": "ByTargetGlobalValue",
									"key": "FIRE_CHARGES",
									"value": 31,
									"compareType": "Equal",
								},
							],
						},
						{
							"$type": "ApplyModifier",
							"modifierName": "Fire_Damge",
							"doOffStage":true,
							"predicates":
							[
								{
									"$type": "ByTargetGlobalValue",
									"key": "FIRE_CHARGES",
									"value": 31,
									"compareType": "Equal",
								},
							],
						},
						{
							"$type": "RemoveModifier",
							"modifierName": "Fire_Damge",
							"doOffStage":true,
							"predicates":
							[
								{
									"$type": "ByTargetGlobalValue",
									"key": "FIRE_CHARGES",
									"value": 61,
									"compareType": "Equal",
								},
							],
						},
						{
							"$type": "ApplyModifier",
							"modifierName": "Fire_Damge",
							"doOffStage":true,
							"predicates":
							[
								{
									"$type": "ByTargetGlobalValue",
									"key": "FIRE_CHARGES",
									"value": 61,
									"compareType": "Equal",
								},
							],
						},
					],
				},

				"Fire_AntiSummonor":
				{
					"duration": 0.2,
					"onAdded":
					[
						{
							"$type":"AddGlobalValue",
							"key":"FIRE_CHARGES",
							"value": 0,
							"useLimitRange":true,
							"minValue":0,
							"maxValue":0,
							"target":"CurTeamAvatars",
						},
						{
							"$type": "RemoveModifier",
							"modifierName": "Fire_Damge",
							"target":"CurTeamAvatars",
						},
					],
				},
				//在后台每2秒移除一层灼烧
				"Remove_Fire":
				{
					"thinkInterval": 2,
					"onThinkInterval":
					[
						{
							"$type":"AddGlobalValue",
							"key":"FIRE_CHARGES",
							"value":-10,
							"useLimitRange":true,
							"minValue":0,
							"maxValue":100,
							"doOffStage":true,
						},
					],
				},

				"Fire_Damge":
				{
					"duration" : 1,
					"elementType":"Fire",
					"elementDurability":50,
					"doOffStage":true,
					"onAvatarOut" :
					[
						{
							"$type": "ApplyModifier",
							"modifierName": "Remove_Fire",
							"doOffStage":true,
						},
					],
					"onAvatarIn" :
					[
						{
							"$type": "RemoveModifier",
							"doOffStage":true,
							"modifierName": "Remove_Fire",
						},
					],
					"onAdded":
					[
						{
							"$type":"AddGlobalValue",
							"key":"HAS_FIRE_DAMAGE",
							"value":1,
							"useLimitRange":true,
							"minValue":0,
							"maxValue":1,
							"doOffStage":true,
						},
						{
							"$type" : "AttachEffect",
							"effectPattern" : "Eff_Element_Fire_Level_01",
							"predicates":
							[
								{
									"$type": "ByTargetGlobalValue",
									"key": "FIRE_CHARGES",
									"value": 30,
									"compareType": "LessAndEqual",
								},
							],
						},
						{
							"$type" : "AttachEffect",
							"effectPattern" : "Eff_Element_Fire_Level_02",
							"predicates":
							[
								{
									"$type": "ByTargetGlobalValue",
									"key": "FIRE_CHARGES",
									"value": 30,
									"compareType": "MoreThan",
								},
								{
									"$type": "ByTargetGlobalValue",
									"key": "FIRE_CHARGES",
									"value": 60,
									"compareType": "LessAndEqual",
								},
							],
						},
						{
							"$type" : "AttachEffect",
							"effectPattern" : "Eff_Element_Fire_Level_03",
							"predicates":
							[
								{
									"$type": "ByTargetGlobalValue",
									"key": "FIRE_CHARGES",
									"value": 60,
									"compareType": "MoreThan",
								},
							],
						},
						{
							"$type": "DungeonFogEffects",
							"muteRemoteAction": true,
							"enable": true,
							"cameraFogEffectName": "Eff_Camera_Fire",
							"playerFogEffectName": "",
							"localOffset" :
							{
								"x" : 0,
								"y" : 0,
								"z" : 0,
							},
						},
					],
					"onRemoved":
					[
						{
							"$type":"AddGlobalValue",
							"key":"HAS_FIRE_DAMAGE",
							"value":-1,
							"useLimitRange":true,
							"minValue":0,
							"maxValue":1,
							"doOffStage":true,
						},
						{
							"$type": "DungeonFogEffects",
							"muteRemoteAction": true,
							"enable": false,
							"cameraFogEffectName": "Eff_Camera_Fire",
							"playerFogEffectName": "",
							"localOffset" :
							{
								"x" : 0,
								"y" : 0,
								"z" : 0,
							},
						},
					],
					"thinkInterval": 2,
					"onThinkInterval":
					[
						{
							"$type" : "DamageByAttackValue",
							"target": "CurLocalAvatar",
							"attacker" : "Self",
							"attackInfo":
							{
								"attackProperty":   
								{
									"damagePercentage": 0.0,
									"strikeType": "None",
									"elementType": "Fire",
									"elementDurability": 50,
									"enBreak": 0.0,
									"damageExtra": "%CounterStage",
								},
								"hitPattern" :
								{
									"onHitEffectName" : "none",
									"hitImpulseType":"LV2",
									"overrideHitImpulse":
									{
										"hitLevel" : "Light",
										"hitImpulseX" : 600,
										"hitImpulseY" : 800,
									},
									"reboundRatio" : 0,
									"canBeDefenceHalt" : false,
									"hitHaltTime" : 0.0,
									"hitHaltTimeScale" : 0.05,
									"muteHitText" : false,
								},
							},
						},
					],
				},
		},
		"abilitySpecials" :
		{
			"CounterStage" : 0.0,
		},
	},
},

///////////////////////////////////////
//
// 冰元素场阶段切换器
//
////////////////////////////////////
{
	"Default": 
	{
		"$type": "ConfigAbility",
		"abilityName": "SceneObj_Gear_ElementField_IceController",
		"abilityMixins":
		[
			{
				"$type": "AttachToGadgetStateMixin",
				"gadgetState": 0,
				"modifierName": "Default",
			},
			{
				"$type": "AttachToGadgetStateMixin",
				"gadgetState": 201,
				"modifierName": "Element_Handle",
			},
		],
		"modifiers": 
		{
			"Default":
			{
				"onAdded":
				[

				],
			},
			"Element_Handle":
			{
				"onAdded":
				[
					{
						"$type": "ApplyModifier",
						"modifierName": "UNIQUE_Ice_Summonor",//召唤寒冰围绕
						"target": "Team",
						"doOffStage":true,
					},
					{
						"$type": "CreateGadget",//创建随主体一起死亡的子弹
						"gadgetID": 70330016,
						"lifeByOwnerIsAlive": true,
					},
				],
				"onRemoved":
				[
					{
						"$type": "RemoveModifier",
						"modifierName": "UNIQUE_Ice_Summonor",
						"target": "Team",
					},
					{
						"$type": "RemoveModifier",
						"modifierName": "UNIQUE_Ice_SpeedSlow",
						"target": "CurTeamAvatars",
					},
				],
			},

			"UNIQUE_Ice_Summonor":
			{
				"isUnique": true,
				"stacking":"Unique",
				"onAdded":
				[
					{
						"$type":"AddGlobalValue",
						"key":"SLOW_CHARGES",
						"value":0,
						"useLimitRange":true,
						"minValue":0,
						"maxValue":1,
						"target":"CurTeamAvatars",
					},
				],
				"thinkInterval":5,//上减速BUFF的间隔时间
				"onThinkInterval":
				[
					{
						"$type":"AddGlobalValue",
						"key":"SLOW_CHARGES",
						"value":-0.05,
						"useLimitRange":true,
						"minValue":-0.7,
						"maxValue":0,
						"target":"CurLocalAvatar",
					},
					//先下后上，刷新数值
					{
						"$type": "RemoveModifier",
						"modifierName": "UNIQUE_Ice_Charge_Controller",
						"target": "CurLocalAvatar",
					},
					{
						"$type": "ApplyModifier",
						"modifierName": "UNIQUE_Ice_Charge_Controller",
						"target": "CurLocalAvatar",
						"doOffStage":true,
					},
				],
			},

			"UNIQUE_Ice_Charge_Controller":
			{
				"stacking": "Refresh",
				"isUnique": true,
				"onAdded":
				[
					{
						"$type":"SetGlobalValueToOverrideMap",
						"globalValueKey":"SLOW_CHARGES",
						"overrideMapKey":"CounterStage",
						"isFromOwner": false,
					},
					{
						"$type": "RemoveModifier",
						"modifierName": "UNIQUE_Ice_SpeedSlow",
					},
					{
						"$type": "ApplyModifier",
						"modifierName": "UNIQUE_Ice_SpeedSlow",
						"doOffStage":true,
					},
				],
				"onAvatarOut" :
				[
					{
						"$type": "ApplyModifier",
						"modifierName": "Remove_Slow",
						"doOffStage":true,
					},
					
				],
				"onAvatarIn" :
				[
					{
						"$type": "RemoveModifier",
						"modifierName": "Remove_Slow",
					},
					{
						"$type":"SetGlobalValueToOverrideMap",
						"globalValueKey":"SLOW_CHARGES",
						"overrideMapKey":"CounterStage",
						"isFromOwner": false,
					},
					{
						"$type": "RemoveModifier",
						"modifierName": "UNIQUE_Ice_SpeedSlow",
					},

					{
						"$type": "ApplyModifier",
						"modifierName": "UNIQUE_Ice_SpeedSlow",
						"doOffStage":true,
						"predicates":
						[
							{
								"$type": "ByNot",
								"predicates":
								[
									{
										"$type": "ByTargetGlobalValue",
										"key": "SLOW_CHARGES",
										"value": -0.05,
										"compareType": "MoreThan",
									},
								],
							},
						],
					},
				],
			},


			"Remove_Slow":
			{
				"thinkInterval":2,
				"onThinkInterval":
				[
					{
						"$type":"AddGlobalValue",
						"key":"SLOW_CHARGES",
						"value":0.05,
						"useLimitRange":true,
						"minValue":-0.7,
						"maxValue":0,
						"doOffStage":true,
					},
				],
			},

			"UNIQUE_Ice_SpeedSlow":
			{
				"isUnique": true,
				"stacking": "Refresh",
				"elementDurability": 50,
				"elementType": "Ice",
				"properties" :
				{
					"Animator_MoveSpeedRatio" : "%CounterStage",//冰元素环境下减速10%
				},
				"onAdded":
				[
					{
						"$type" : "AttachEffect",//低温时的表现
						"effectPattern" : "Eff_Element_Ice_Level_01",
						"predicates":
						[
							{
								"$type": "ByTargetGlobalValue",
								"key": "SLOW_CHARGES",
								"value": -0.2,
								"compareType": "MoreThan",
							},
						],
					},
					{
						"$type" : "AttachEffect",//低温时的表现
						"effectPattern" : "Eff_Element_Ice_Level_02",
						"predicates":
						[
							{
								"$type": "ByTargetGlobalValue",
								"key": "SLOW_CHARGES",
								"value": -0.5,
								"compareType": "MoreThan",
							},
							{
								"$type": "ByTargetGlobalValue",
								"key": "SLOW_CHARGES",
								"value": -0.2,
								"compareType": "LessAndEqual",
							},
						],
					},
					{
						"$type" : "AttachEffect",//低温时的表现
						"effectPattern" : "Eff_Element_Ice_Level_03",
						"predicates":
						[
							{
								"$type": "ByTargetGlobalValue",
								"key": "SLOW_CHARGES",
								"value": -0.5,
								"compareType": "LessAndEqual",
							},
						],
					},
				],
			},
		},
		"abilitySpecials" :
		{
			"CounterStage" : 0.0,
		},
	},
},

///////////////////////////////////////
//
// 雷元素地城阶段切换器
//
////////////////////////////////////
{
	"Default": 
	{
		"$type": "ConfigAbility",
		"abilityName": "SceneObj_Gear_ElementField_ElectricController",
		"abilityMixins":
		[
			{
				"$type": "AttachToGadgetStateMixin",
				"gadgetState": 0,
				"modifierName": "Default",
			},
			{
				"$type": "AttachToGadgetStateMixin",
				"gadgetState": 201,
				"modifierName": "Phase1",
			},
			{
				"$type": "AttachToGadgetStateMixin",
				"gadgetState": 201,
				"modifierName": "Thunder_Summonor",
			},
			{
				"$type": "AttachToGadgetStateMixin",
				"gadgetState": 202,
				"modifierName": "Phase2",
			},
			{
				"$type": "AttachToGadgetStateMixin",
				"gadgetState": 202,
				"modifierName": "Thunder_Summonor_Phase2",
			},
		],
		"modifiers": 
		{
			"Default":
			{
				"onAdded":
				[
					{
						"$type": "AddGlobalValue",
						"key": "IN_THUNDER_AREA",
						"target":"Team",
						"value": -5,
						"useLimitRange": true,
						"maxValue": 2,
						"minValue": 0,
					},
				],
			},

			//////////////////////////////////
			//
			//落雷召唤
			//
			////////////////////////////////
				"GetPos_Phase1":
				{
					"duration":0.1,
					"onAdded":
					[
						{
							"$type":"Randomed",
							"chance":0.7,
							"successActions":
							[
								{
									"$type": "SetGlobalPos",
									"key": "ThunderPos",
									"target":"Applier",
									"born":
									{
										"$type": "ConfigBornBySelf",
										"bornRandom" :
										{
											"$type": "BornRandomFromCenter",
											"minRandomRange": 2,
											"maxRandomRange": 2,
										},
									},
								},
								{
									"$type": "AddGlobalValue",
									"target":"Applier",
									"key": "First_Thunder",
									"value": 1,
									"useLimitRange": true,
									"maxValue": 1,
									"minValue": 0,
								},
							],
						},
						{
							"$type": "SetGlobalPos",
							"key": "ThunderPos2",
							"target":"Applier",
							"born":
							{
								"$type": "ConfigBornBySelf",
								"bornRandom" :
								{
									"$type": "BornRandomFromCenter",
									"minRandomRange": 8,
									"maxRandomRange": 18,
								},
							},
						},
						{
							"$type": "SetGlobalPos",
							"key": "ThunderPos3",
							"target":"Applier",
							"born":
							{
								"$type": "ConfigBornBySelf",
								"bornRandom" :
								{
									"$type": "BornRandomFromCenter",
									"minRandomRange": 8,
									"maxRandomRange": 18,
								},
							},
						},
						{
							"$type":"Randomed",
							"chance":0.5,
							"successActions":
							[
								{
									"$type": "SetGlobalPos",
									"key": "ThunderPos4",
									"target":"Applier",
									"born":
									{
										"$type": "ConfigBornBySelf",
										"bornRandom" :
										{
											"$type": "BornRandomFromCenter",
											"minRandomRange": 8,
											"maxRandomRange": 18,
										},
									},
								},
								{
									"$type": "AddGlobalValue",
									"target":"Applier",
									"key": "Second_Thunder",
									"value": 1,
									"useLimitRange": true,
									"maxValue": 1,
									"minValue": 0,
								},
							],
						},
						{
							"$type":"Randomed",
							"chance":0.5,
							"successActions":
							[
								{
									"$type": "SetGlobalPos",
									"key": "ThunderPos5",
									"target":"Applier",
									"born":
									{
										"$type": "ConfigBornBySelf",
										"bornRandom" :
										{
											"$type": "BornRandomFromCenter",
											"minRandomRange": 8,
											"maxRandomRange": 18,
										},
									},
								},
								{
									"$type": "AddGlobalValue",
									"target":"Applier",
									"key": "Third_Thunder",
									"value": 1,
									"useLimitRange": true,
									"maxValue": 1,
									"minValue": 0,
								},
							],
						},
					],	
				},
				"Thunder_Summonor":
				{
					"stacking":"Unique",
					"onAdded":
					[
						{
							"$type": "ApplyModifier",
							"target":"CurLocalAvatar",
							"modifierName": "GetPos_Phase1",//获取玩家位置
						},
						{
							"$type": "ApplyModifier",
							"modifierName": "Thunder_Hit",//延时落雷
						},
						{
						    "$type": "SetAvatarHitBuckets",
						    "overrideAvatarHitBucketSetting":
						    {
						    	"meleeBucketCount": 4,
						    },
					    },
					],
					"thinkInterval": 12,
					"onThinkInterval":
					[
						{
							"$type": "ApplyModifier",
							"target":"CurLocalAvatar",
							"modifierName": "GetPos_Phase1",//获取玩家位置
						},

						{
							"$type": "ApplyModifier",
							"modifierName": "Thunder_Hit",//延时落雷
						},
					],
				},
				"Thunder_Hit":
				{
					"duration": 2.5,
					"onAdded":
					[
						//预警特效
						{
							"$type": "FireEffect",
							"effectPattern": "Eff_Ambor_AlertCircle",
							"born":
							{
								"$type": "ConfigBornByGlobalValue",
								"positionKey": "ThunderPos",
							},
							"predicates":
							[
								{
									"$type": "ByTargetGlobalValue",
									"key": "First_Thunder",
									"value": 1,
									"compareType": "Equal",
								},
							],
						},
						{
							"$type": "FireEffect",
							"effectPattern": "Eff_Ambor_AlertCircle",
							"born":
							{
								"$type": "ConfigBornByGlobalValue",
								"positionKey": "ThunderPos2",
							},
						},
						{
							"$type": "FireEffect",
							"effectPattern": "Eff_Ambor_AlertCircle",
							"born":
							{
								"$type": "ConfigBornByGlobalValue",
								"positionKey": "ThunderPos3",
							},
						},
						{
							"$type": "FireEffect",
							"effectPattern": "Eff_Ambor_AlertCircle",
							"born":
							{
								"$type": "ConfigBornByGlobalValue",
								"positionKey": "ThunderPos4",
							},
							"predicates":
							[
								{
									"$type": "ByTargetGlobalValue",
									"key": "Second_Thunder",
									"value": 1,
									"compareType": "Equal",
								},
							],
						},
						{
							"$type": "FireEffect",
							"effectPattern": "Eff_Ambor_AlertCircle",
							"born":
							{
								"$type": "ConfigBornByGlobalValue",
								"positionKey": "ThunderPos5",
							},
							"predicates":
							[
								{
									"$type": "ByTargetGlobalValue",
									"key": "Third_Thunder",
									"value": 1,
									"compareType": "Equal",
								},
							],
						},
					],
					"onRemoved":
					[
						//落雷特效
						{
							"$type": "FireEffect",
							"effectPattern": "Eff_ThunderFall_01",
							"born":
							{
								"$type": "ConfigBornByGlobalValue",
								"positionKey": "ThunderPos",
							},
							"predicates":
							[
								{
									"$type": "ByTargetGlobalValue",
									"key": "First_Thunder",
									"value": 1,
									"compareType": "Equal",
								},
							],
						},
						{
							"$type" : "TriggerAttackEvent",
							"targetType" : "Enemy",
							"attackEvent": 
							{
								"attackPattern" : 
								{
									"$type" : "ConfigAttackSphere",
									"triggerType" : "TriggerNoRepeat",
									"radius" : 2.5,
									"born":
									{
										"$type": "ConfigBornByGlobalValue",
										"positionKey": "ThunderPos",
									},
								},
								"attackInfo":
								{
									"attackProperty":
									{
										"damagePercentage": 1.0,
										"strikeType": "Default",
										"elementType": "Electric",
										"elementDurability": 50,
										"enBreak": 500.0,
									},
									"hitPattern" :
									{
										"hitImpulseType":"LV4",
										"overrideHitImpulse":
										{
											"hitLevel": "Heavy",	//hitlevel = 2
											"hitImpulseX": 50,	//hitlevel = 2
											"hitImpulseY": 800,	//hitlevel = 2
										},
										"reboundRatio" : 0,
										"hitHaltTime" : 0.0,
										"hitHaltTimeScale" : 0.05,
										"muteHitText" : false,
									},
								},
							},
							"predicates":
							[
								{
									"$type": "ByTargetGlobalValue",
									"key": "First_Thunder",
									"value": 1,
									"compareType": "Equal",
								},
							],
						},
						{
							"$type":"Randomed",
							"chance":0.65,
							"successActions":
							[
								{
									"$type": "CreateGadget",//创造闪电球
									"gadgetID": 70900269,
									"campID": 4001,
									"campTargetType": "Enemy",
									"doOffStage":true,
									"born":
									{
										"$type": "ConfigBornByGlobalValue",
										"positionKey": "ThunderPos",
										"offset" : 
										{
											"x" : 0.0,
											"y" : 1.0,
											"z" : 0.0,
										},
									},
								},
							],
							"predicates":
							[
								{
									"$type": "ByTargetGlobalValue",
									"key": "First_Thunder",
									"value": 1,
									"compareType": "Equal",
								},
							],
						},
						
						
						{
							"$type": "FireEffect",
							"effectPattern": "Eff_ThunderFall_01",
							"born":
							{
								"$type": "ConfigBornByGlobalValue",
								"positionKey": "ThunderPos2",
							},
						},
						{
							"$type" : "TriggerAttackEvent",
							"targetType" : "Enemy",
							"attackEvent": 
							{
								"attackPattern" : 
								{
									"$type" : "ConfigAttackSphere",
									"triggerType" : "TriggerNoRepeat",
									"radius" : 2.5,
									"born":
									{
										"$type": "ConfigBornByGlobalValue",
										"positionKey": "ThunderPos2",
									},
								},
								"attackInfo":
								{
									"attackProperty":
									{
										"damagePercentage": 1.0,
										"strikeType": "Default",
										"elementType": "Electric",
										"elementDurability": 50,
										"enBreak": 500.0,
									},
									"hitPattern" :
									{
										"hitImpulseType":"LV4",
										"overrideHitImpulse":
										{
											"hitLevel": "Heavy",	//hitlevel = 2
											"hitImpulseX": 50,	//hitlevel = 2
											"hitImpulseY": 800,	//hitlevel = 2
										},
										"reboundRatio" : 0,
										"hitHaltTime" : 0.0,
										"hitHaltTimeScale" : 0.05,
										"muteHitText" : false,
									},
								},
							},
						},
						{
							"$type":"Randomed",
							"chance":0.65,
							"successActions":
							[
								{
									"$type": "CreateGadget",//创造闪电球
									"gadgetID": 70900269,
									"campID": 4001,
									"campTargetType": "Enemy",
									"doOffStage":true,
									"born":
									{
										"$type": "ConfigBornByGlobalValue",
										"positionKey": "ThunderPos2",
										"offset" : 
										{
											"x" : 0.0,
											"y" : 1.0,
											"z" : 0.0,
										},
									},
								},
							],
						},
						
						{
							"$type": "FireEffect",
							"effectPattern": "Eff_ThunderFall_01",
							"born":
							{
								"$type": "ConfigBornByGlobalValue",
								"positionKey": "ThunderPos3",
							},
						},
						{
							"$type" : "TriggerAttackEvent",
							"targetType" : "Enemy",
							"attackEvent": 
							{
								"attackPattern" : 
								{
									"$type" : "ConfigAttackSphere",
									"triggerType" : "TriggerNoRepeat",
									"radius" : 2.5,
									"born":
									{
										"$type": "ConfigBornByGlobalValue",
										"positionKey": "ThunderPos3",
									},
								},
								"attackInfo":
								{
									"attackProperty":
									{
										"damagePercentage": 1.0,
										"strikeType": "Default",
										"elementType": "Electric",
										"elementDurability": 50,
										"enBreak": 500.0,
									},
									"hitPattern" :
									{
										"hitImpulseType":"LV4",
										"overrideHitImpulse":
										{
											"hitLevel": "Heavy",	//hitlevel = 2
											"hitImpulseX": 50,	//hitlevel = 2
											"hitImpulseY": 800,	//hitlevel = 2
										},
										"reboundRatio" : 0,
										"hitHaltTime" : 0.0,
										"hitHaltTimeScale" : 0.05,
										"muteHitText" : false,
									},
								},
							},
						},
						{
							"$type":"Randomed",
							"chance":0.65,
							"successActions":
							[
								{
									"$type": "CreateGadget",//创造闪电球
									"gadgetID": 70900269,
									"campID": 4001,
									"campTargetType": "Enemy",
									"doOffStage":true,
									"born":
									{
										"$type": "ConfigBornByGlobalValue",
										"positionKey": "ThunderPos3",
										"offset" : 
										{
											"x" : 0.0,
											"y" : 1.0,
											"z" : 0.0,
										},
									},
								},
							],
						},
						
						{
							"$type": "FireEffect",
							"effectPattern": "Eff_ThunderFall_01",
							"born":
							{
								"$type": "ConfigBornByGlobalValue",
								"positionKey": "ThunderPos4",
							},
							"predicates":
							[
								{
									"$type": "ByTargetGlobalValue",
									"key": "Second_Thunder",
									"value": 1,
									"compareType": "Equal",
								},
							],
						},
						{
							"$type" : "TriggerAttackEvent",
							"targetType" : "Enemy",
							"attackEvent": 
							{
								"attackPattern" : 
								{
									"$type" : "ConfigAttackSphere",
									"triggerType" : "TriggerNoRepeat",
									"radius" : 2.5,
									"born":
									{
										"$type": "ConfigBornByGlobalValue",
										"positionKey": "ThunderPos4",
									},
								},
								"attackInfo":
								{
									"attackProperty":
									{
										"damagePercentage": 1.0,
										"strikeType": "Default",
										"elementType": "Electric",
										"elementDurability": 50,
										"enBreak": 500.0,
									},
									"hitPattern" :
									{
										"hitImpulseType":"LV4",
										"overrideHitImpulse":
										{
											"hitLevel": "Heavy",	//hitlevel = 2
											"hitImpulseX": 50,	//hitlevel = 2
											"hitImpulseY": 800,	//hitlevel = 2
										},
										"reboundRatio" : 0,
										"hitHaltTime" : 0.0,
										"hitHaltTimeScale" : 0.05,
										"muteHitText" : false,
									},
								},
							},
							"predicates":
							[
								{
									"$type": "ByTargetGlobalValue",
									"key": "Second_Thunder",
									"value": 1,
									"compareType": "Equal",
								},
							],
						},
						{
							"$type":"Randomed",
							"chance":0.65,
							"successActions":
							[
								{
									"$type": "CreateGadget",//创造闪电球
									"gadgetID": 70900269,
									"campID": 4001,
									"campTargetType": "Enemy",
									"doOffStage":true,
									"born":
									{
										"$type": "ConfigBornByGlobalValue",
										"positionKey": "ThunderPos4",
										"offset" : 
										{
											"x" : 0.0,
											"y" : 1.0,
											"z" : 0.0,
										},
									},
								},
							],
							"predicates":
							[
								{
									"$type": "ByTargetGlobalValue",
									"key": "Second_Thunder",
									"value": 1,
									"compareType": "Equal",
								},
							],
						},

						{
							"$type": "FireEffect",
							"effectPattern": "Eff_ThunderFall_01",
							"born":
							{
								"$type": "ConfigBornByGlobalValue",
								"positionKey": "ThunderPos5",
							},
							"predicates":
							[
								{
									"$type": "ByTargetGlobalValue",
									"key": "Third_Thunder",
									"value": 1,
									"compareType": "Equal",
								},
							],
						},
						{
							"$type" : "TriggerAttackEvent",
							"targetType" : "Enemy",
							"attackEvent": 
							{
								"attackPattern" : 
								{
									"$type" : "ConfigAttackSphere",
									"triggerType" : "TriggerNoRepeat",
									"radius" : 2.5,
									"born":
									{
										"$type": "ConfigBornByGlobalValue",
										"positionKey": "ThunderPos5",
									},
								},
								"attackInfo":
								{
									"attackProperty":
									{
										"damagePercentage": 1.0,
										"strikeType": "Default",
										"elementType": "Electric",
										"elementDurability": 50,
										"enBreak": 500.0,
									},
									"hitPattern" :
									{
										"hitImpulseType":"LV4",
										"overrideHitImpulse":
										{
											"hitLevel": "Heavy",	//hitlevel = 2
											"hitImpulseX": 50,	//hitlevel = 2
											"hitImpulseY": 800,	//hitlevel = 2
										},
										"reboundRatio" : 0,
										"hitHaltTime" : 0.0,
										"hitHaltTimeScale" : 0.05,
										"muteHitText" : false,
									},
								},
							},
							"predicates":
							[
								{
									"$type": "ByTargetGlobalValue",
									"key": "Third_Thunder",
									"value": 1,
									"compareType": "Equal",
								},
							],
						},
						{
							"$type":"Randomed",
							"chance":0.65,
							"successActions":
							[
								{
									"$type": "CreateGadget",//创造闪电球
									"gadgetID": 70900269,
									"campID": 4001,
									"campTargetType": "Enemy",
									"doOffStage":true,
									"born":
									{
										"$type": "ConfigBornByGlobalValue",
										"positionKey": "ThunderPos5",
										"offset" : 
										{
											"x" : 0.0,
											"y" : 1.0,
											"z" : 0.0,
										},
									},
								},
							],
							"predicates":
							[
								{
									"$type": "ByTargetGlobalValue",
									"key": "Third_Thunder",
									"value": 1,
									"compareType": "Equal",
								},
							],
						},

						{
							"$type": "AddGlobalValue",
							"key": "First_Thunder",
							"value": -1,
							"useLimitRange": true,
							"maxValue": 1,
							"minValue": 0,
						},
						{
							"$type": "AddGlobalValue",
							"key": "Second_Thunder",
							"value": -1,
							"useLimitRange": true,
							"maxValue": 1,
							"minValue": 0,
						},
						{
							"$type": "AddGlobalValue",
							"key": "Third_Thunder",
							"value": -1,
							"useLimitRange": true,
							"maxValue": 1,
							"minValue": 0,
						},
					],
				},

			"Phase1":
			{
				"onAdded":
				[
					{
						"$type": "AddGlobalValue",
						"key": "IN_THUNDER_AREA",
						"target":"Team",
						"value": 5,
						"useLimitRange": true,
						"maxValue": 1,
						"minValue": 0,
					},
				],
				"modifierMixins":
				[/*
					{
						"$type": "TriggerWeatherMixin",
						"type" : "Weather",
						"weatherPattern": "ElementDungeon_Thunder",
						"transDuration" : 0.5,
						"duration" : 0, 
					},*/
				],
			},

			"Phase2":
			{
				"onAdded":
				[
					{
						"$type": "AddGlobalValue",
						"key": "IN_THUNDER_AREA",
						"target":"Team",
						"value": 5,
						"useLimitRange": true,
						"maxValue": 2,
						"minValue": 0,
					},
				],
				"modifierMixins":
				[/*
					{
						"$type": "TriggerWeatherMixin",
						"type" : "Weather",
						"weatherPattern": "ElementDungeon_Thunder",
						"transDuration" : 0.5,
						"duration" : 0,
					},*/
				],
			},

			/////////////////////////////
			//
			//雷元素召唤2阶段
			//
			/////////////////////////////
				"Thunder_Summonor_Phase2":
				{
					"stacking":"Unique",
					"thinkInterval":30,//召唤落雷时间间隔
					"onThinkInterval":
					[
						{
							"$type": "ApplyModifier",
							"modifierName": "Thunder_Hit_Phase2",
						},
					],
				},

				"Thunder_Hit_Phase2":
				{
					"stacking":"Unique",
					"duration":5,
					"onAdded":
					[
						{
							"$type": "ApplyModifier",
							"modifierName": "Thunder_Trace",
						},
					],
					"thinkInterval":0.5,
					"onThinkInterval":
					[
						{
							"$type": "ApplyModifier",
							"modifierName": "Thunder_Trace",
						},
					],
				},

				"GetPos_Phase2":
				{
					"duration":0.1,
					"onAdded":
					[
						//随机位置
						{
							"$type": "SetGlobalPos",
							"key": "ThunderPos_Phase2",
							"target":"Applier",
							"born":
							{
								"$type": "ConfigBornBySelf",
								"bornRandom" :
								{
									"$type": "BornRandomFromCenter",
									"minRandomRange": 1,
									"maxRandomRange": 1,
								},
							},
						},
					],
				},

				"Thunder_Trace":
				{
					"duration":0.45,
					"onAdded":
					[
						{
							"$type": "ApplyModifier",
							"target": "CurLocalAvatar",
							"modifierName": "GetPos_Phase2",
						},
						//预警特效
						{
							"$type": "FireEffect",
							"effectPattern": "Eff_Ambor_AlertCircle",
							"born":
							{
								"$type": "ConfigBornByGlobalValue",
								"positionKey": "ThunderPos_Phase2",
							},
						},
					],
					"onRemoved":
					[
						//落雷特效
						{
							"$type": "FireEffect",
							"effectPattern": "Eff_ThunderFall_01",
							"born":
							{
								"$type": "ConfigBornByGlobalValue",
								"positionKey": "ThunderPos_Phase2",
							},
						},
						//落雷伤害
						{
							"$type" : "TriggerAttackEvent",
							"targetType" : "Enemy",
							"attackEvent": 
							{
								"attackPattern" : 
								{
									"$type" : "ConfigAttackSphere",
									"triggerType" : "TriggerNoRepeat",
									"radius" : 2.5,
									"born":
									{
										"$type": "ConfigBornByGlobalValue",
										"positionKey": "ThunderPos_Phase2",
									},
								},
								"attackInfo":
								{
									"attackProperty":
									{
										"damagePercentage": 1.0,
										"strikeType": "Default",
										"elementType": "Electric",
										"elementDurability": 50,
										"enBreak": 500.0,
									},
									"hitPattern" :
									{
										"hitImpulseType":"LV4",
										"overrideHitImpulse":
										{
											"hitLevel": "Heavy",	//hitlevel = 2
											"hitImpulseX": 50,	//hitlevel = 2
											"hitImpulseY": 800,	//hitlevel = 2
										},
										"reboundRatio" : 0,
										"hitHaltTime" : 0.0,
										"hitHaltTimeScale" : 0.05,
										"muteHitText" : false,
									},
								},
							},
						},
						//创造闪电球
						{
							"$type":"Randomed",
							"chance":0.65,
							"successActions":
							[
								{
									"$type": "CreateGadget",//创造闪电球
									"gadgetID": 70900269,
									"campID": 4001,
									"campTargetType": "Enemy",
									"doOffStage":true,
									"born":
									{
										"$type": "ConfigBornByGlobalValue",
										"positionKey": "ThunderPos_Phase2",
										"offset" : 
										{
											"x" : 0.0,
											"y" : 1.0,
											"z" : 0.0,
										},
									},
								},
							],
						},
					],
				},
		},
	},
},
///////////////////////////////////////
//
// 水元素场阶段切换器
//
////////////////////////////////////
{
	"Default": 
	{
		"$type": "ConfigAbility",
		"abilityName": "SceneObj_Gear_ElementField_WaterController",
		"abilityMixins":
		[
			{
				"$type": "AttachToGadgetStateMixin",
				"gadgetState": 0,
				"modifierName": "Default",
			},
			{
				"$type": "AttachToGadgetStateMixin",
				"gadgetState": 201,
				"modifierName": "Element_Handle",
			},
		],
		"modifiers": 
		{
			"Default":
			{
				"onAdded":
				[

				],
			},
			"Element_Handle":
			{
				"onAdded":
				[
					{
						"$type": "ApplyModifier",
						"modifierName": "UNIQUE_Water_Summonor",//召唤水围绕
						"target": "CurTeamAvatars",
						"doOffStage":true,
					},
					{
						"$type": "CreateGadget",//创建随主体一起死亡的子弹
						"gadgetID": 70330016,
						"lifeByOwnerIsAlive": true,
					},
				],
				"onRemoved":
				[
					{
						"$type": "RemoveModifier",
						"modifierName": "UNIQUE_Water_Summonor",
						"target": "CurTeamAvatars",
					},
				],
				"thinkInterval": 10,
				"onThinkInterval":
				[
					{
						"$type": "CreateGadget",
						"gadgetID": 70330015,
						"born":
						{
							"$type": "ConfigBornBySelf",
							"onGround": true,
						},
					},
				],
			},
/////////////////////////////
//
//水召唤
//
/////////////////////////////
			"UNIQUE_Water_Summonor":
			{
				"isUnique": true,
				"stacking":"Unique",
				"elementDurability": 55,
				"elementType": "Water",
				"isElementDurabilityMutable": false,
			},	
		},
		"abilitySpecials" :
		{
			"CounterStage" : 0.0,
		},
	},
},
///////////////////////////////////////
//
// 元素场子弹
//
////////////////////////////////////
{
	"Default": 
	{
		"$type": "ConfigAbility",
		"abilityName": "SceneObj_Gear_ElementField_Bullet",
		
		"onAdded":
		[
			{
				"$type": "ApplyModifier",
				"modifierName": "Normal",
			},
		],
/*
		"onAbilityStart":
		[
			{
				"$type": "RemoveUniqueModifier",
				"modifierName": "UNIQUE_Fire_Summonor",
				"target": "Team",
			},
			{
				"$type": "RemoveUniqueModifier",
				"modifierName": "UNIQUE_Fire_Damge",
				"target": "CurTeamAvatars",
			},
			{
				"$type": "RemoveUniqueModifier",
				"modifierName": "UNIQUE_Fire_Charge_Controller",
				"target": "CurTeamAvatars",
			},

			{
				"$type": "RemoveUniqueModifier",
				"modifierName": "UNIQUE_Ice_Summonor",
				"target": "Team",
			},
			{
				"$type": "RemoveUniqueModifier",
				"modifierName": "UNIQUE_Ice_SpeedSlow",
				"target": "CurTeamAvatars",
			},
			{
				"$type": "RemoveUniqueModifier",
				"modifierName": "UNIQUE_Ice_Charge_Controller",
				"target": "CurTeamAvatars",
			},

			{
				"$type": "RemoveUniqueModifier",
				"modifierName": "UNIQUE_Water_Summonor",
				"target": "CurTeamAvatars",
			},
		],
		*/
		"modifiers": 
		{
			"Normal":
			{
				"onKill":
				[
					{
						"$type":"KillSelf",
					},
					/*
					{
						"$type": "RemoveUniqueModifier",
						"modifierName": "UNIQUE_Fire_Summonor",
						"target": "Team",
					},
					{
						"$type": "RemoveUniqueModifier",
						"modifierName": "UNIQUE_Fire_Damge",
						"target": "CurTeamAvatars",
					},
					{
						"$type": "RemoveUniqueModifier",
						"modifierName": "UNIQUE_Fire_Charge_Controller",
						"target": "CurTeamAvatars",
					},
					*/
					{
						"$type": "RemoveUniqueModifier",
						"modifierName": "UNIQUE_Ice_Summonor",
						"target": "Team",
					},
					{
						"$type": "RemoveUniqueModifier",
						"modifierName": "UNIQUE_Ice_SpeedSlow",
						"target": "CurTeamAvatars",
					},
					{
						"$type": "RemoveUniqueModifier",
						"modifierName": "UNIQUE_Ice_Charge_Controller",
						"target": "CurTeamAvatars",
					},

					{
						"$type": "RemoveUniqueModifier",
						"modifierName": "UNIQUE_Water_Summonor",
						"target": "CurTeamAvatars",
					},

					{
						"$type": "DebugLog",
						"doOffStage":true,
						"content": "onKillActions Start!!!!!!++++++++++++++++++++++",
					},
				],
			},
		},
	},
},
]