[
///////////////////////////////////////////////////////////
//
//	宝箱优化-常规-Lv1
//
//////////////////////////////////////////////////////////
	{
		"Default":
		{
			"$type": "ConfigAbility",
			"abilityName": "SceneObj_Chest_Default_Lv1",
			"abilityMixins":
			[
				{
					"$type": "AttachToGadgetStateMixin",
					"gadgetState": 901,
					"modifierName": "EffectAttach",
				},
			],
			"modifiers":
			{
				"EffectAttach":
				{
					"onAdded":
					[
						{
							"$type" : "FireEffect",
							"effectPattern": "Eff_Item_SpecialTreasureBox_Born",
						},
					],
				},
			},
		},
	},
///////////////////////////////////////////////////////////
//
//	宝箱优化-常规-Lv2
//
//////////////////////////////////////////////////////////
	{
		"Default":
		{
			"$type": "ConfigAbility",
			"abilityName": "SceneObj_Chest_Default_Lv2",
			"abilityMixins":
			[
				{
					"$type": "AttachToGadgetStateMixin",
					"gadgetState": 901,
					"modifierName": "EffectAttach",
				},
			],
			"modifiers":
			{
				"EffectAttach":
				{
					"onAdded":
					[
						{
							"$type" : "FireEffect",
							"effectPattern": "Eff_Item_SpecialTreasureBox_Born",
						},
					],
				},
			},
		},
	},
///////////////////////////////////////////////////////////
//
//	宝箱优化-常规-Lv3
//
//////////////////////////////////////////////////////////
	{
		"Default":
		{
			"$type": "ConfigAbility",
			"abilityName": "SceneObj_Chest_Default_Lv3",
			"abilityMixins":
			[
				{
					"$type": "AttachToGadgetStateMixin",
					"gadgetState": 901,
					"modifierName": "EffectAttach",
				},
			],
			"modifiers":
			{
				"EffectAttach":
				{
					"onAdded":
					[
						{
							"$type" : "FireEffect",
							"effectPattern": "Eff_Item_SpecialTreasureBox_Born",
						},
					],
				},
			},
		},
	},
///////////////////////////////////////////////////////////
//
//	宝箱优化-常规-Lv4
//
//////////////////////////////////////////////////////////
	{
		"Default":
		{
			"$type": "ConfigAbility",
			"abilityName": "SceneObj_Chest_Default_Lv4",
			"abilityMixins":
			[
				{
					"$type": "AttachToGadgetStateMixin",
					"gadgetState": 901,
					"modifierName": "EffectAttach",
				},
			],
			"modifiers":
			{
				"EffectAttach":
				{
					"onAdded":
					[
						{
							"$type" : "FireEffect",
							"effectPattern": "Eff_Item_SpecialTreasureBox_Born",
						},
					],
				},
			},
		},
	},
///////////////////////////////////////////////////////////
//
//	藏宝图宝箱
//
//////////////////////////////////////////////////////////
	{
		"Default":
		{
			"$type": "ConfigAbility",
			"abilityName": "SceneObj_Chest_TreasureMap",
			"abilityMixins":
			[
				{
					"$type": "AttachToGadgetStateMixin",
					"gadgetState": 901,
					"modifierName": "EffectAttach",
				},
			],
			"modifiers":
			{
				"EffectAttach":
				{
					"onAdded":
					[
						{
							"$type" : "FireEffect",
							"effectPattern": "Eff_Item_SpecialTreasureBox_Born",
						},
					],
				},
			},
		},
	},
///////////////////////////////////////////////////////////
//
//	宝箱优化-常规-Lv5
//
//////////////////////////////////////////////////////////
	{
		"Default":
		{
			"$type": "ConfigAbility",
			"abilityName": "SceneObj_Chest_Default_Lv5",
			"abilityMixins":
			[
				{
					"$type": "AttachToGadgetStateMixin",
					"gadgetState": 901,
					"modifierName": "EffectAttach",
				},
			],
			"modifiers":
			{
				"EffectAttach":
				{
					"onAdded":
					[
						{
							"$type" : "FireEffect",
							"effectPattern": "Eff_Item_SpecialTreasureBox_Born",
						},
					],
				},
			},
		},
	},
///////////////////////////////////////////////////////////
//
//	花宝箱
//
//////////////////////////////////////////////////////////
	{
		"Default":
		{
			"$type": "ConfigAbility",
			"abilityName": "SceneObj_Chest_Flora",
			"onAdded":
			[
				{
					"$type": "ApplyModifier",
					"modifierName": "EffectAttach",
				},
			],
			"abilityMixins":
			[
				{
					"$type": "AttachToGadgetStateMixin",
					"gadgetState": 102,
					"modifierName": "Chest_Open",
				},
				{
					"$type": "AttachToStateIDMixin",
					"stateIDs": ["Open","FloraBorn","InIdle"],
					"targe": "Self",
					"modifierName": "SetFloraVisiable",
				},
				{
					"$type": "AttachToStateIDMixin",
					"stateIDs": ["FloraBorn"],
					"targe": "Self",
					"modifierName": "BornEff",
				},
				{
					"$type": "AttachToStateIDMixin",
					"stateIDs": ["InIdle"],
					"targe": "Self",
					"modifierName": "SetInteractEnable",
				},
				{
					"$type": "AttachToStateIDMixin",
					"stateIDs": ["InVisible"],
					"targe": "Self",
					"modifierName": "SetInteractEnableF",
				},
			],
			"modifiers":
			{
				"BornEff":
				{
					"onAdded":
					[
						{
							"$type" : "FireEffect",
							"effectPattern": "Eff_SceneObj_FloraChest_Ground",
						},
					],
				},
				"SetFloraVisiable":
				{
					"onAdded":
					[
						{
							"$type" : "TriggerSetRenderersEnable",
							"doOffStage" : true,
							"renderNames" : ["Property_Prop_FloraChest_01_Lod0"],
							"setEnable" : true,
						},
					],
				},
				"SetFloraInVisiable":
				{
					"onAdded":
					[
						{
							"$type" : "TriggerSetRenderersEnable",
							"doOffStage" : true,
							"renderNames" : ["Property_Prop_FloraChest_01_Lod0"],
							"setEnable" : false,
						},
					],
					"onRemoved":
					[
						{
							"$type" : "TriggerSetRenderersEnable",
							"doOffStage" : true,
							"renderNames" : ["Property_Prop_FloraChest_01_Lod0"],
							"setEnable" : true,
						},
						{
							"$type" : "FireEffect",
							"effectPattern": "Eff_SceneObj_FloraChest_Ground",
						},
					],
				},


				"SetInteractEnable":
				{

				},
				"SetInteractEnableF":
				{

				},
				"EffectAttach":
				{
					"thinkInterval": 1,
					"onThinkInterval":
					[
						{
							"$type" : "ApplyModifier",
							"modifierName" : "Black_Smoke",
						},
					],
				},
				"Black_Smoke":
				{
					"stacking": "Unique",
					"onAdded":
					[
						{
							"$type": "SetAnimatorInt",
							"intID": "Born",
							"value": 1,
						},
						{
							"$type" : "AttachEffect",
							"effectPattern": "Eff_SceneObj_FloarChest_Debirs",
						},
					],
				},	
				"Chest_Open":
				{

				},
			},
		},
	},
///////////////////////////////////////////////////////////
//
//	宝箱优化-荆棘
//
//////////////////////////////////////////////////////////
	{
		"Default":
		{
			"$type": "ConfigAbility",
			"abilityName": "SceneObj_Chest_Bramble_Interact",
			"abilityMixins":
			[
				{
					"$type": "AttachToGadgetStateMixin",
					"gadgetState": 0,
					"modifierName": "Chest_Default",
				},
				{
					"$type": "AttachToGadgetStateMixin",
					"gadgetState": 104,
					"modifierName": "Chest_Bramble",
				},
			],
			"onAdded":
			[
				{
					//燃烧时免疫其余燃烧攻击
					"$type": "AddGlobalValue",
					"key": "_ABILITY_BURNING_IGNITE_ONLY",
					"value": 1,
					"useLimitRange": true,
					"maxValue": 1,
					"minValue": 1,
				},
			],
			"modifiers":
			{
				"Chest_Default":
				{
					"onAdded":
					[
						{
							"$type": "EnableGadgetIntee",
							"enable": true,
						},
						{
							"$type": "SetAnimatorInt",
							"intID": "ChestState",
							"value": 1,
						},
					],
				},
				"Chest_Bramble":
				{
					"onAdded":
					[
						{
							"$type": "AttachModifier",
							"modifierName": "GrassMaterial",
						},
						{
							"$type": "EnableGadgetIntee",
							"enable": false,
						},
					],
				},
				"GrassMaterial":
				{
					"elementType": "Wood",
					"elementDurability": 30,	
					"onRemoved":
					[
						{
							"$type": "FireEffect",
							"effectPattern": "Eff_SceneObj_WoodenObject_BurnOut",
							"born":
							{
								"$type": "ConfigBornByAttachPoint",
								"attachPointName": "AttachPoint",
							},
						},
						{
							"$type": "ExecuteGadgetLua",
							"param1": 0,
						},
					],
				},
			},
		},
	},
///////////////////////////////////////////////////////////
//
//	宝箱优化-冰冻
//
//////////////////////////////////////////////////////////
	{
		"Default":
		{
			"$type": "ConfigAbility",
			"abilityName": "SceneObj_Chest_Frozen_Interact",
			"abilityMixins":
			[
				{
					"$type": "AttachToGadgetStateMixin",
					"gadgetState": 0,
					"modifierName": "Chest_Default",
				},
				{
					"$type": "AttachToGadgetStateMixin",
					"gadgetState": 105,
					"modifierName": "Chest_Frozen",
				},
			],
			"onAdded":
			[
				{
              		"$type": "AttachAbilityStateResistance",
              		"resistanceListID": 11001,
            	},
			],
			"modifiers":
			{
				"Chest_Default":
				{
					"onAdded":
					[
						{
							"$type": "EnableGadgetIntee",
							"enable": true,
						},
						{
							"$type": "SetAnimatorInt",
							"intID": "ChestState",
							"value": 1,
						},
					],
				},
				"Chest_Frozen":
				{
					"onAdded":
					[
						{
							"$type": "AttachModifier",
							"modifierName": "IceMaterial",
						},
						{
							"$type": "EnableGadgetIntee",
							"enable": false,
						},
					],
				},
				"IceMaterial":
				{
					"elementType": "Ice",
					"elementDurability": 30,
					"onBeingHit":
					[
						{
							
							"$type": "AddGlobalValue",
							"key": "_FIRE_HIT",
							"value": -1,
							"useLimitRange": true,
							"maxValue": 1,
							"minValue": 0,
						},
						{
							//火攻击加判定
							"$type": "AddGlobalValue",
							"key": "_FIRE_HIT",
							"value": 1,
							"useLimitRange": true,
							"maxValue": 1,
							"minValue": 0,
							"predicates":
							[
								{
									"$type": "ByHitElement",
									"element": "Fire",
								},
							],
						},
					],
					"onRemoved":
					[
						{
							"$type": "ExecuteGadgetLua",
							"param1": 0,
						},
						{
							"$type": "FireEffect",
							"effectPattern": "Eff_SceneObj_TreasureBox_FrozenBreak",
							"predicates":
							[
								{
									"$type": "ByTargetGlobalValue",
									"key": "_FIRE_HIT",
									"value": 0,
									"compareType": "Equal",
								},
							],
						},
						{
							"$type": "FireEffect",
							"effectPattern": "Eff_SceneObj_TreasureBox_FrozenThaw",
							"predicates":
							[
								{
									"$type": "ByTargetGlobalValue",
									"key": "_FIRE_HIT",
									"value": 1,
									"compareType": "Equal",
								},
							],
						},
						
					],
				},
			},
		},
	},
///////////////////////////////////////////////////////////
//
//	宝箱优化-岩封
//
//////////////////////////////////////////////////////////
	{
		"Default":
		{
			"$type": "ConfigAbility",
			"abilityName": "SceneObj_Chest_Rock_Interact",
			"abilityMixins":
			[
				{
					"$type": "AttachToGadgetStateMixin",
					"gadgetState": 0,
					"modifierName": "Chest_Default",
				},
				{
					"$type": "AttachToGadgetStateMixin",
					"gadgetState": 106,
					"modifierName": "Chest_Rock",
				},
			],
			"modifiers":
			{
				"Chest_Default":
				{
					"onAdded":
					[
						{
							"$type": "EnableGadgetIntee",
							"enable": true,
						},
						{
							"$type": "SetAnimatorInt",
							"intID": "ChestState",
							"value": 1,
						},
					],
				},
				"Chest_Rock":
				{
					"elementType": "Rock",
					"elementDurability": 30,
					"modifierMixins":
					[
						{
							"$type": "AttachModifierToElementDurabilityMixin",
							"valueSteps": [0.5, 15, 30.5],
							"modifierNameSteps": [ "RockPhase2", "RockPhase1"],
						},
						{
							"$type": "ShieldBarMixin",
						},
					],
					"onAdded":
					[
						{
							"$type": "EnableGadgetIntee",
							"enable": false,
						},
					],
					"onRemoved":
					[
						{
							"$type": "ExecuteGadgetLua",
							"param1": 0,
						},
						{
							"$type": "FireEffect",
							"effectPattern": "Eff_Item_Ore_StackingRock_Break_02",
							"born":
							{
								"$type": "ConfigBornByTarget",
							},
						},
					],
				},
				"RockPhase1":
				{
					"onRemoved":
					[
						{
							"$type": "SetAnimatorInt",
							"intID": "ChestState",
							"value": 2,
						},
						{
							"$type": "FireEffect",
							"effectPattern": "Eff_Item_Ore_StackingRock_Break_02",
							"born":
							{
								"$type": "ConfigBornByTarget",
							},
						},
					],
				},
				"RockPhase2":
				{
					"onAdded":
					[
						{
							"$type": "SetAnimatorInt",
							"intID": "ChestState",
							"value": 2,
						},
					],
				},
			},
		},
	},
///////////////////////////////////////////////////////////
//
// 宝箱
//
///////////////////////////////////////////////////////////
	{
		"Default": 
		{
			"$type": "ConfigAbility",
			"abilityName": "SceneObj_Chest_Interact",
			"abilityMixins":
			[
				{
					"$type": "AttachToGadgetStateMixin",
					"gadgetState": 0,
					"modifierName": "000_Default",
				},
				{
					"$type": "AttachToGadgetStateMixin",
					"gadgetState": 101,
					"modifierName": "101_LockState",
				},
				{
					"$type": "AttachToGadgetStateMixin",
					"gadgetState": 103,
					"modifierName": "103_TrapState",
				},
				{
					"$type": "AttachToGadgetStateMixin",
					"gadgetState": 104,
					"modifierName": "104_BrambleState",
				},
				{
					"$type": "AttachToGadgetStateMixin",
					"gadgetState": 105,
					"modifierName": "105_FrozenState",
				},
				{
					"$type": "AttachToGadgetStateMixin",
					"gadgetState": 901,
					"modifierName": "901_FireEffect",
				},
			],
			"onAdded":
			[
				{
					"$type": "FireEffect",
					"effectPattern": "Eff_Item_SpecialTreasureBox_Born",
				},
			],
			"modifiers": 
			{
				"901_FireEffect":
				{
					"onAdded":
					[
						{
							"$type": "FireEffect",
							"effectPattern": "Eff_Item_SpecialTreasureBox_Born",
						},
					],
				},
				"000_Default":
				{
					"onAdded":
					[
						{
							"$type": "SetAnimatorInt",
							"intID": "GadgetState",
							"value": 0,
						},
						{
							"$type": "EnableGadgetIntee",
							"enable": true,
						},
					],
				},
				"101_LockState":
				{
					"onAdded":
					[
						{
							"$type": "SetAnimatorInt",
							"intID": "GadgetState",
							"value": 101,
						},
						{
							"$type": "EnableGadgetIntee",
							"enable": false,
						},
						{
							"$type": "AttachEffect",
							"effectPattern": "Eff_Item_SpecialTreasureBox_LockIdle",
						},
					],
					"onRemoved":
					[
						{
							"$type": "FireEffect",
							"effectPattern": "Eff_Item_SpecialTreasureBox_Unlock",
						},
					],
				},
				"103_TrapState":
				{
					"onAdded":
					[
						{
							"$type": "SetAnimatorInt",
							"intID": "GadgetState",
							"value": 103,
						},
						/*{
							"$type": "EnableGadgetIntee",
							"enable": false,
						},*/
					],
				},
				"104_BrambleState":
				{
					"onAdded":
					[
						{
							"$type": "AttachModifier",
							"modifierName": "ElementGrass",
						},
						{
							"$type": "SetAnimatorInt",
							"intID": "GadgetState",
							"value": 104,
						},
						/*{
							"$type": "EnableGadgetIntee",
							"enable": false,
						},*/
					],
					"onRemoved":
					[
						{
							"$type": "RemoveModifier",
							"modifierName": "ElementGrass",
						},
					],
				},
				"ElementGrass":
				{
					"elementType": "Wood",
					"elementDurability": 25,
					"onRemoved":
					[
						{
							"$type": "ExecuteGadgetLua",
							//"sourceName": "ChestStateChange",
							"param1": 0,
						},
						{
							"$type": "FireEffect",
							"effectPattern": "Eff_SceneObj_WoodenObject_BurnOut",
							"born":
							{
								"$type": "ConfigBornByAttachPoint",
								"attachPointName": "AttachPoint",
							},
						},
					],
				},
				"105_FrozenState":
				{
					"onAdded":
					[
						{
							"$type": "AttachModifier",
							"modifierName": "ElementIce",
						},
						{
							"$type": "SetAnimatorInt",
							"intID": "GadgetState",
							"value": 105,
						},
						/*{
							"$type": "EnableGadgetIntee",
							"enable": false,
						},*/
					],
					"onRemoved":
					[
						{
							"$type": "RemoveModifier",
							"modifierName": "ElementIce",
						},
					],
				},
				"ElementIce":
				{
					"elementType": "Ice",
					"elementDurability": 25,
					"onRemoved":
					[
						{
							"$type": "ExecuteGadgetLua",
							//"sourceName": "ChestStateChange",
							"param1": 0,
						},
						{
							"$type": "FireEffect",
							"effectPattern": "Eff_SceneObj_WoodenObject_BurnOut",
							"born":
							{
								"$type": "ConfigBornByAttachPoint",
								"attachPointName": "AttachPoint",
							},
						},
					],
				},
			},
		},
	},
/////////////////////////////////////////////////////////////////////////////////////////////////
//	
//	喷泉冰冻白盒
//
/////////////////////////////////////////////////////////////////////////////////////////////////
	{
		"Default":
		{
			"$type": "ConfigAbility",
			"abilityName": "Fountain_Frozen",
			"onAdded":
			[
				{
					"$type": "AttachModifier",
					"modifierName": "Fountain",
				},
			],
			"modifiers":
			{
				"Fountain":
				{
					"onBeingHit":
					[
						{
							"$type": "AttachModifier",
							"modifierName": "Frozen_State",
							"predicates":
							[
								{
									"$type": "ByHitElement",
									"element": "Ice",
								},
							],
						},
					],
				},
				"Frozen_State":
				{
					"duration": 10,
					"elementType": "Ice",
					"onAdded":
					[
						{
							"$type": "SetAnimatorInt",
							"intID": "Frozen",
							"value": 1,
						},
					],
					"onRemoved":
					[
						{
							"$type": "SetAnimatorInt",
							"intID": "Frozen",
							"value": 0,
						},
					],
				},
			},
		},
	},
	///////////////////////////////////////////////////////////
//
// 掉落宝箱
//
///////////////////////////////////////////////////////////
	{
		"Default": 
		{
			"$type": "ConfigAbility",
			"abilityName": "SceneObj_Chest_Drop",
			"abilityMixins":
			[
				{
					"$type": "AttachToGadgetStateMixin",
					"gadgetState": 201,
					"modifierName": "LockState",
				},
				{
					"$type": "AttachToGadgetStateMixin",
					"gadgetState": 0,
					"modifierName": "CanOpen",
				},
			],
			"onAdded":
			[
				{
					"$type": "FireEffect",
					"effectPattern": "Eff_Item_SpecialTreasureBox_Born",
				},
			],
			"onFieldEnter":
			[
				{
					"$type": "ExecuteGadgetLua",
					//"sourceName": "ChestStateChange",
					"param1": 0,
				},
			],
			"modifiers": 
			{
				"LockState":
				{
					"onAdded":
					[
						{
							"$type": "EnableGadgetIntee",
							"enable": false,
						},
					],
				},
				"CanOpen":
				{
					"duration":2,
					"onAdded":
					[
						{
							"$type": "SetAnimatorTrigger",
							"triggerID": "Drop",
						},
					],
					"onRemoved":
					[
						{
							"$type": "EnableGadgetIntee",
							"enable": true,
						},
					],
				},
			},
		},
	},
///////////////////////////////////////////////////////////
//
// 英雄王宝藏
//
///////////////////////////////////////////////////////////
	{
		"Default": 
		{
			"$type": "ConfigAbility",
			"abilityName": "SceneObj_Chest_Hero_Treasure",
			"abilityMixins":
			[
				{
					"$type": "AttachToGadgetStateMixin",
					"gadgetState": 201,
					"modifierName": "Challenge",
				},
				{
					"$type": "AttachToGadgetStateMixin",
					"gadgetState": 901,
					"modifierName": "Default",
				},
				{
					"$type": "AttachToGadgetStateMixin",
					"gadgetState": 203,
					"modifierName": "Success",
				},
			],
			"onAbilityStart":
			[
				{
					"$type": "ExecuteGadgetLua",
					"param1": 0,
				},
			],
			"modifiers": 
			{
				"Default":
				{

				},
				"Success":
				{
					
				},
				"Challenge":
				{

				},
			},
		},
	},
///////////////////////////////////////////////////////////
//
// 空模型宝箱
//
///////////////////////////////////////////////////////////
	{
		"Default": 
		{
			"$type": "ConfigAbility",
			"abilityName": "SceneObj_Chest_Empty",
			"onAdded":
			[
				{
					"$type" : "ApplyModifier",
					"modifierName" : "Default",
				},
			],
			"modifiers": 
			{
				"Default":
				{
					"onAdded":
					[
						{
							"$type": "EnableGadgetIntee",
							"enable": true,
						},
					],
				},
			},
		},
	},
///////////////////////////////////////////////////////////
//
// 1.5 导能圆盘活动 地脉之果碎片
//
///////////////////////////////////////////////////////////
	{
		"Default": 
		{
			"$type": "ConfigAbility",
			"abilityName": "SceneObj_Area_Common_Property_Ani_Prop_LaylineShard_01_Ability",
			"abilityMixins":
			[
				{
					"$type": "AttachToGadgetStateMixin",
					"gadgetState": 0,
					"modifierName": "LockState",
				},
				{
					"$type": "AttachToGadgetStateMixin",
					"gadgetState": 201,
					"modifierName": "UnlockState",
				},
				{
					"$type":"AttachToStateIDMixin",
					"stateIDs":["ChestNoOpenState"],
					"modifierName": "ChestNoOpen",
				},
			],
			"modifiers": 
			{
				"LockState":
				{
					"onAdded":
					[
						{
							"$type":"AttachEffect",
							"effectPattern":"Eff_SceneObj_LaylineShard_01_Normal",
							"born":
							{
								"$type": "ConfigBornByAttachPoint",
								"attachPointName": "RootNode",
							},
						},
						{
							"$type":"AttachEffect",
							"effectPattern":"Eff_Item_SpecialTreasureBox_LockIdle",
							"born":
							{
								"$type": "ConfigBornByAttachPoint",
								"attachPointName": "RootNode",
							},
						},
					],
				},
				"UnlockState":
				{
					"duration":2,
					"onAdded":
					[
						{
							"$type":"FireEffect",
							"effectPattern":"Eff_Item_SpecialTreasureBox_Unlock",
							"born":
							{
								"$type": "ConfigBornByAttachPoint",
								"attachPointName": "RootNode",
							},
							"predicates":
							[
								{
									"$type":"ByAnimatorBool",
									"parameter":"HaveUnlock",
									"value":false
								}
							]
						},
						{
							"$type": "SetAnimatorBool",
							"boolID": "HaveUnlock",
							"value": true,
							"MPTriggerOnRemote": true,
							"predicates":
							[
								{
									"$type":"ByAnimatorBool",
									"parameter":"HaveUnlock",
									"value":false
								}
							]
						},

					],
					"onRemoved":
					[

						{
							"$type": "EnableGadgetIntee",
							"enable": true,
						},
					],			
				},
				"ChestNoOpen":
				{
					"onAdded":
					[
						{
							"$type":"AttachEffect",
							"effectPattern":"Eff_SceneObj_LaylineShard_01_Powerup",
							"born":
							{
								"$type": "ConfigBornByAttachPoint",
								"attachPointName": "RootNode",
							},
						},
					],
				},
				"ChestOpen":
				{
					"onAdded":
					[
						{
							"$type":"FireEffect",
							"effectPattern":"Eff_SceneObj_LaylineShard_01_Destroy",
							"born":
							{
								"$type": "ConfigBornByAttachPoint",
								"attachPointName": "RootNode",
							},
						},
					],
				},
			},
		},
	},	
///////////////////////////////////////////////////////////
//
//	宝箱优化-常规-Lv1 FollowMove
//
//////////////////////////////////////////////////////////
	{
		"Default":
		{
			"$type": "ConfigAbility",
			"abilityName": "SceneObj_Chest_FollowMove_Lv1",
			"abilityMixins":
			[
				{
					"$type": "AttachToGadgetStateMixin",
					"gadgetState": 901,
					"modifierName": "EffectAttach",
				},
				{
					"$type": "AttachToGadgetStateMixin",
					"gadgetState": 101,
					"modifierName": "LockEffect",
				},
			],
			"modifiers":
			{
				"EffectAttach":
				{
					"onAdded":
					[
						{
							"$type" : "FireEffect",
							"effectPattern": "Eff_Item_SpecialTreasureBox_Born",
						},
					],
				},
				"LockEffect":
				{
					"onAdded":
					[
						{
							"$type" : "AttachEffect",
							"effectPattern": "Eff_Item_SpecialTreasureBox_LockIdle_Follow",
						},
					],
				},
			},
		},
	},
///////////////////////////////////////////////////////////
//
//	垃圾宝箱
//
//////////////////////////////////////////////////////////
	{
		"Default":
		{
			"$type": "ConfigAbility",
			"abilityName": "SceneObj_Area_Dq_Property_Ani_Prop_JunkChest_01",
			"onAdded": 
			[
				{
					"$type": "AttachEffect",
					"effectPattern": "Eff_SceneObj_Hint_01_Big",
					"born":
					{
						"$type": "ConfigBornByAttachPoint",
						"attachPointName": "EffectNode",
					}
				},
			]
		},
	},
///////////////////////////////////////////////////////////
//
//	须弥摩拉宝箱-垃圾宝箱
//
//////////////////////////////////////////////////////////
	{
		"Default":
		{
			"$type": "ConfigAbility",
			"abilityName": "SceneObj_Area_Xm_Property_Prop_SumeruCrudeChest_01_Ability",
			"onAdded": 
			[
				{
					"$type": "AttachModifier",
					"modifierName": "UNIQUE_AttachEffect",
				},
			],
			"modifiers":
			{
				"UNIQUE_AttachEffect":
				{
					"isUnique":true,
                    "stacking":"Unique",
					"onAdded":
					[
						{
							"$type": "AttachEffect",
							"effectPattern": "Eff_SceneObj_Hint_01_Big",
							"born":
							{
								"$type": "ConfigBornByAttachPoint",
								"attachPointName": "EffectNode",
							}
						},
					]
				}
			}
		},
	},
]