[
//////////////////////////////////////////////////////////////////
//
// 沙堆吹散（70710211）
//
//////////////////////////////////////////////////////////////////
	{
		"Default": 
		{
			"$type": "ConfigAbility",
			"abilityName": "SceneObj_Area_Common_Property_Ani_Prop_SandStacks_Interact",
			"onAdded": 
			[
				{
	              "$type": "AttachAbilityStateResistance",
	              "resistanceListID": 14005,
	            },
	            {
					"$type": "AttachAbilityStateResistance",
					"resistanceListID": 14002,
				},
				{
					"$type": "AttachModifier",
					"modifierName": "NormalModifier",
				},
				{
					//燃烧时免疫其余燃烧攻击
					"$type": "AddGlobalValue",
					"key": "_ABILITY_BURNING_IGNITE_ONLY",
					"value": 1,
					"useLimitRange": true,
					"maxValue": 1,
					"minValue": 1,
				},
			],
			"modifiers": 
			{
				"NormalModifier": 
				{
					"onBeingHit":
					[
						{
							"$type": "AttachModifier",
							"modifierName": "ElementWindModifier",
							"predicates":
							[
								{
									"$type": "ByHitElement",
									"element": "Wind",
								},
							],
						},
					],
				},
				"ElementWindModifier": 
				{
					"duration":2,
					"onAdded":
					[
						{
							"$type": "FireEffect",
							"effectPattern": "Eff_SceneObj_SandStacks_01_BlowOff",
							"born":
							{
								"$type": "ConfigBornByAttachPoint",
								"attachPointName": "AttachPoint",
							},
						},
						{
							"$type": "SetAnimatorTrigger",
							"triggerID": "DieTrigger",
						},
					],					
					"onRemoved":
					[
						{
							"$type": "KillSelf",
						},
					],
				},
			},
		},
	},
//////////////////////////////////////////////////////////////////
//
// 沙堆交互
//
//////////////////////////////////////////////////////////////////
	{
		"Default": 
		{
			"$type": "ConfigAbility",
			"abilityName": "SceneObj_Area_Common_Property_Ani_Prop_SandStacksInteraction_01",
			"abilityMixins" : 
			[

				{
					"$type": "AttachToGadgetStateMixin",
					"gadgetState": 201,
					"modifierName": "ElementWindModifier",
				},
			],
			"modifiers": 
			{
				"NormalModifier": 
				{
					"onBeingHit":
					[
						
					],
				},
				"ElementWindModifier": 
				{
					"duration":2,
					"onAdded":
					[
						{
							"$type": "FireEffect",
							"effectPattern": "Eff_SceneObj_SandStacks_01_BlowOff",
							"born":
							{
								"$type": "ConfigBornByAttachPoint",
								"attachPointName": "AttachPoint",
							},
						},
						{
							"$type": "SetAnimatorTrigger",
							"triggerID": "DieTrigger",
						},
					],					
					"onRemoved":
					[
						{
							"$type": "KillSelf",
						},
					],
				},
			},
		},
	},
]