
[
////////////////////////////////////////////////////////////////
//
//  岩属性创生物创生时检测技能
//
////////////////////////////////////////////////////////////////
	{
		"Default": 
		{
			"$type": "ConfigAbility",
			"abilityName": "Scene_RockGadget_Summon_Detect",
			"onAdded":
			[
				{
					"$type": "AddGlobalValue",
					"key" : "_SCENE_GADGET_ISSUMMON",
					"value" : 1,
					"useLimitRange" : true,
					"maxValue" : 1,
					"minValue" : 0,
				},
			],
		},
	},
]

								 