[
/////////////////////////////////////////////////////////
//
// 30米监测器
//
/////////////////////////////////////////////////////////
	{
		"Default": 
		{
			"$type": "ConfigAbility",
			"abilityName": "SceneObj_Environment_Field_30",
			"abilityMixins":
			[
				{
					"$type": "AttachToGadgetStateMixin",
					"gadgetState": 201,
					"modifierName": "State_201",
				},
				{
					"$type": "AttachToGadgetStateMixin",
					"gadgetState": 202,
					"modifierName": "State_202",
				},
			],
			"onAdded":
			[
				{
					"$type": "AttachModifier",
					"modifierName": "Distance_Check",
				},
				{
					"$type": "AddGlobalValue",
					"key": "_Cur_Gadget_State",
					"value": 0,
				},
			],
			"modifiers": 
			{
				"State_201":
				{
					"onAdded":
					[
						{
							"$type": "AddGlobalValue",
							"key": "_Cur_Gadget_State",
							"value": 1,
							"useLimitRange": true,
							"maxValue": 1,
							"minValue": 1,
						},
					],
				},
				"State_202":
				{
					"onAdded":
					[
						{
							"$type": "AddGlobalValue",
							"key": "_Cur_Gadget_State",
							"value": -1,
							"useLimitRange": true,
							"maxValue": -1,
							"minValue": -1,
						},
					],
				},
				"Distance_Check":
				{
					"thinkInterval": 3,
					"onThinkInterval":
					[
						{
							"$type": "Predicated",
							"target": "CurLocalAvatar",
							"targetPredicates":
							[
								{
									"$type": "ByTargetPositionToSelfPosition",
									"compareType": "XZ",
									"value": 30,
									"logic": "Lesser",
								},
							],
							"successActions":
							[
								{
									"$type": "AddGlobalValue",
									"target": "Self",
									"key": "_Next_Gadget_State",
									"value": 1,
									"useLimitRange": true,
									"maxValue": 1,
									"minValue": 1,
								},
							],
							"failActions":
							[
								{
									"$type": "AddGlobalValue",
									"target": "Self",
									"key": "_Next_Gadget_State",
									"value":-1,
									"useLimitRange": true,
									"maxValue": -1,
									"minValue": -1,
								},
							],
						},
						{
							"$type": "ApplyModifier",
							"modifierName": "Change_State",
						},
					],
				},
				"Change_State":
				{
					"duration": 1,
					"onAdded":
					[
						{
							"$type": "ExecuteGadgetLua",
							"param1": 201,
							"predicates":
							[
								{
									"$type": "ByTargetGlobalValue",
									"key": "_Next_Gadget_State",
									"value": 1,
									"compareType": "Equal",
								},
								{
									"$type": "ByNot",
									"predicates":
									[
										{
											"$type": "ByTargetGlobalValue",
											"key": "_Cur_Gadget_State",
											"value": 1,
											"compareType": "Equal",
										},
									],
								},
							],
						},
						{
							"$type": "ExecuteGadgetLua",
							"param1": 202,
							"predicates":
							[
								{
									"$type": "ByTargetGlobalValue",
									"key": "_Next_Gadget_State",
									"value": -1,
									"compareType": "Equal",
								},
								{
									"$type": "ByNot",
									"predicates":
									[
										{
											"$type": "ByTargetGlobalValue",
											"key": "_Cur_Gadget_State",
											"value": -1,
											"compareType": "Equal",
										},
									],
								},
							],
						},
					],
				},
			},
		},
	},
/////////////////////////////////////////////////////////
//
//竞技场守卫
//
/////////////////////////////////////////////////////////
	{
		"Default": 
		{
			"$type": "ConfigAbility",
			"abilityName": "SceneObj_Environment_Other_AreaGuardian",
			"onAdded":
			[
				{
					"$type": "AttachModifier",
					"modifierName": "GuardianStart",
				},
			],
			"modifiers": 
			{
				"GuardianStart":
				{
					"onBeingHit":
					[
						/*{
							"$type": "ExecuteGroupTrigger",
							"sourceName": "GuardianStart",
							"param1": 0,
						},*/
					],
				},
			},
		},
	},
]