[
//////////////////////////////////
//
//  1.5 试玩活动 解密机关 父物件（浮空版）
//
//////////////////////////////////
	{
		"Default":
		{
			"$type": "ConfigAbility",
			"abilityName": "SceneObj_Level_Common_Property_Prop_RunesParent_01_Ability",
			"abilityMixins" : 
			[
				{
					"$type": "AttachToGadgetStateMixin",
					"gadgetState": 0,
					"modifierName": "CheckSelf",
				},
				{
					"$type": "AttachToGadgetStateMixin",
					"gadgetState": 201,
					"modifierName": "AttachLine",
				},
				{
					"$type":"AttachModifierToSelfGlobalValueMixin",
					"globalValueKey":"_Children01_Active",
					"valueSteps":[0.5,1.5],
					"modifierNameSteps":["Active01"],
				},
				{
					"$type":"AttachModifierToSelfGlobalValueMixin",
					"globalValueKey":"_Children02_Active",
					"valueSteps":[0.5,1.5],
					"modifierNameSteps":["Active02"],
				},
				{
					"$type":"AttachModifierToSelfGlobalValueMixin",
					"globalValueKey":"_Children03_Active",
					"valueSteps":[0.5,1.5],
					"modifierNameSteps":["Active03"],
				},
			],
			"modifiers":
			{
				"Active01":
				{
					"onAdded":
					[
						{
							"$type": "SetAnimatorBool",
							"boolID": "State1",
							"value": true,
						},
					],
				},
				"Active02":
				{
					"onAdded":
					[
						{
							"$type": "SetAnimatorBool",
							"boolID": "State2",
							"value": true,
						},
					],
				},
				"Active03":
				{
					"onAdded":
					[
						{
							"$type": "SetAnimatorBool",
							"boolID": "State3",
							"value": true,
						},
					],
				},
				"CheckSelf":
				{
					"thinkInterval":1,
					"onThinkInterval":
					[
						{
							"$type" : "Predicated",
							"target" : "Self",
							"targetPredicates" :
							[
								{
									"$type": "ByTargetGlobalValue",
									"key": "_Children01_Active",
									"value": 1,
									"compareType": "Equal",
								},
								{
									"$type": "ByTargetGlobalValue",
									"key": "_Children02_Active",
									"value": 1,
									"compareType": "Equal",
								},
								{
									"$type": "ByTargetGlobalValue",
									"key": "_Children03_Active",
									"value": 1,
									"compareType": "Equal",
								},
							],
							"successActions" :
							[
								{
									"$type": "ExecuteGadgetLua",//201：切202
									"target": "Self",
									"param1": 201,
								},						
							],
						},
					],
				},
				"AttachLine":
				{
					"onAdded":
					[
						{
							"$type": "AttachEffect",
							"effectPattern": "Eff_SceneObj_RuneParent_01",
							"born":
							{
								"$type":"ConfigBornByAttachPoint",
								"attachPointName":"ReceivePoint",
							},
						},
						/*
						{
							"$type": "ApplyModifier",
							"modifierName": "SendCoreLine",
							"otherTargets":
							{
								"$type": "SelectTargetsBySelfGroup",
								"operation": "OR",
								"value": 2,
								"compareType": "Greater",
							},
						},
						*/
					],
				},
				/*
				"SendCoreLine":
				{
					"onAdded":
					[
						{
							"$type": "AttachEffect",
							"effectPattern": "Eff_SceneObj_Runes_01_Chains",
							"target":"Applier",
							"born":
							{
								"$type":"ConfigBornByAttachPoint",
								"attachPointName":"EffectNode",
								"attachPointTargetType":"Self",
							},
						},
					],
				},	
				*/				
			},
		}, 
	},
//////////////////////////////////
//
//  1.5 试玩活动 解密机关 父物件（底座版）
//
//////////////////////////////////
	{
		"Default":
		{
			"$type": "ConfigAbility",
			"abilityName": "SceneObj_Level_Common_Property_Prop_RunesParent_02_Ability",
			"abilityMixins" : 
			[
				{
					"$type":"AttachModifierToSelfGlobalValueMixin",
					"globalValueKey":"_Children01_Active",
					"valueSteps":[0.5,1.5],
					"modifierNameSteps":["Active01"],
				},
				{
					"$type":"AttachModifierToSelfGlobalValueMixin",
					"globalValueKey":"_Children02_Active",
					"valueSteps":[0.5,1.5],
					"modifierNameSteps":["Active02"],
				},
				{
					"$type":"AttachModifierToSelfGlobalValueMixin",
					"globalValueKey":"_Children03_Active",
					"valueSteps":[0.5,1.5],
					"modifierNameSteps":["Active03"],
				},
			],
			"modifiers":
			{
				"Active01":
				{
					"onAdded":
					[
						{
							"$type": "SetAnimatorBool",
							"boolID": "State1",
							"value": true,
						},
					],
				},
				"Active02":
				{
					"onAdded":
					[
						{
							"$type": "SetAnimatorBool",
							"boolID": "State2",
							"value": true,
						},
					],
				},
				"Active03":
				{
					"onAdded":
					[
						{
							"$type": "SetAnimatorBool",
							"boolID": "State3",
							"value": true,
						},
					],
				},					
			},
		},
	},	
//////////////////////////////////
//
//  1.5 试玩活动 解密机关 子物件 01 
//
//////////////////////////////////
	{
		"Default":
		{
			"$type": "ConfigAbility",
			"abilityName": "SceneObj_Level_Common_Property_Prop_RunesChild_01_Ability",
			"onAdded":
			[
				{
					"$type": "AttachEffect",
					"effectPattern": "Eff_SceneObj_RunesChild_01",
					"effectTempleteID": 100,
					"born":
					{
						"$type": "ConfigBornByAttachPoint",
						"attachPointName": "EffectNode",
					},
				},
			],
			"abilityMixins" : 
			[
				{
					"$type": "AttachToGadgetStateMixin",
					"gadgetState": 0,
					"modifierName": "DisActive",
				},
				{
					"$type": "AttachToGadgetStateMixin",
					"gadgetState": 201,
					"modifierName": "Active",
				},
				{
					"$type": "AttachToGadgetStateMixin",
					"gadgetState": 202,
					"modifierName": "Success",
				},
			],
			"modifiers":
			{
				"DisActive":
				{
					"onAdded":
					[
			            {
							"$type": "SendEffectTrigger",
							"parameter": "State",
							"type": "Int",
							"effectPattern": "Eff_SceneObj_RunesChild_01",
							"value": 0,
						},
					],
				},
				"Active":
				{
					"onAdded":
					[
			            {
							"$type": "SendEffectTrigger",
							"parameter": "State",
							"type": "Int",
							"effectPattern": "Eff_SceneObj_RunesChild_01",
							"value": 201,
						},
					],
				},
				"Success":
				{
					"duration": 1.0,
					"onAdded":
					[
			            {
							"$type": "SendEffectTrigger",
							"parameter": "State",
							"type": "Int",
							"effectPattern": "Eff_SceneObj_RunesChild_01",
							"value": 201,
						},
					],
					"onRemoved":
					[
						{
							"$type": "FireEffect",
							"effectPattern": "Eff_SceneObj_Common_Success_01",
							"born":
							{
								"$type": "ConfigBornByAttachPoint",
								"attachPointName": "ReceivePoint",
							},
						},
						{
							"$type": "ApplyModifier",
							"modifierName": "SendLine",
							"otherTargets":
							{
								"$type": "SelectTargetsBySelfGroup",
								"operation": "OR",
								"value": 2,
								"compareType": "Equal",
							},
						},
						{
							"$type": "ApplyModifier",
							"modifierName": "ChangeFatherGlobalValue",
						},	
					],
				},
				"SendLine":
				{
					"onAdded":
					[
						{
							"$type": "AttachEffect",
							"effectPattern": "Eff_SceneObj_Runes_01_Chains",
							"target":"Applier",
							"born":
							{
								"$type":"ConfigBornByAttachPoint",
								"attachPointName":"EffPoint01",
								"attachPointTargetType":"Self",
							},
						},
					],
				},
				"ChangeFatherGlobalValue":
				{
					"duration":0.5,
					"onRemoved":
					[
				 		{
				 			"$type":"SetGlobalValue",
				 			"key" : "_Children01_Active",
				 			"value": 1,
				 			"otherTargets":
							{
								"$type": "SelectTargetsBySelfGroup",
								"operation": "OR",
								"value": 2,
								"compareType": "Equal",
							},
				 		},
				 		{
				 			"$type":"SetGlobalValue",
				 			"key" : "_Children01_Active",
				 			"value": 1,
				 			"otherTargets":
							{
								"$type": "SelectTargetsBySelfGroup",
								"operation": "OR",
								"value": 4,
								"compareType": "Equal",
							},
				 		},
					],
				},
					
			},
		},
	},
//////////////////////////////////
//
//  1.5 试玩活动 解密机关 子物件 02 
//
//////////////////////////////////
	{
		"Default":
		{
			"$type": "ConfigAbility",
			"abilityName": "SceneObj_Level_Common_Property_Prop_RunesChild_02_Ability",
			"onAdded":
			[
				{
					"$type": "AttachEffect",
					"effectPattern": "Eff_SceneObj_RunesChild_01",
					"effectTempleteID": 101,
					"born":
					{
						"$type": "ConfigBornByAttachPoint",
						"attachPointName": "EffectNode",
					},
				},
			],
			"abilityMixins" : 
			[
				{
					"$type": "AttachToGadgetStateMixin",
					"gadgetState": 0,
					"modifierName": "DisActive",
				},
				{
					"$type": "AttachToGadgetStateMixin",
					"gadgetState": 201,
					"modifierName": "Active",
				},
				{
					"$type": "AttachToGadgetStateMixin",
					"gadgetState": 202,
					"modifierName": "Success",
				},
			],
			"modifiers":
			{
				"DisActive":
				{
					"onAdded":
					[
			            {
							"$type": "SendEffectTrigger",
							"parameter": "State",
							"type": "Int",
							"effectPattern": "Eff_SceneObj_RunesChild_01",
							"value": 0,
						},
					],
				},
				"Active":
				{
					"onAdded":
					[
			            {
							"$type": "SendEffectTrigger",
							"parameter": "State",
							"type": "Int",
							"effectPattern": "Eff_SceneObj_RunesChild_01",
							"value": 201,
						},
					],
				},
				"Success":
				{
					"duration": 1.0,
					"onAdded":
					[
						{
				              "$type": "SendEffectTrigger",
				              "type": "Int",
				              "parameter": "State",
				              "value": 201,
				              "effectPattern": "Eff_SceneObj_RunesChild_01",
			            },
					],
					"onRemoved":
					[
						{
							"$type": "FireEffect",
							"effectPattern": "Eff_SceneObj_Common_Success_01",
							"born":
							{
								"$type": "ConfigBornByAttachPoint",
								"attachPointName": "ReceivePoint",
							},
						},
						{
							"$type": "ApplyModifier",
							"modifierName": "SendLine",
							"otherTargets":
							{
								"$type": "SelectTargetsBySelfGroup",
								"operation": "OR",
								"value": 2,
								"compareType": "Equal",
							},
						},
						{
							"$type": "ApplyModifier",
							"modifierName": "ChangeFatherGlobalValue",
						},	
					],
				},
				"SendLine":
				{
					"onAdded":
					[
						{
							"$type": "AttachEffect",
							"effectPattern": "Eff_SceneObj_Runes_01_Chains",
							"target":"Applier",
							"born":
							{
								"$type":"ConfigBornByAttachPoint",
								"attachPointName":"EffPoint02",
								"attachPointTargetType":"Self",
							},
						},
					],
				},
				"ChangeFatherGlobalValue":
				{
					"duration":0.5,
					"onRemoved":
					[
				 		{
				 			"$type":"SetGlobalValue",
				 			"key" : "_Children02_Active",
				 			"value": 1,
				 			"otherTargets":
							{
								"$type": "SelectTargetsBySelfGroup",
								"operation": "OR",
								"value": 2,
								"compareType": "Equal",
							},
				 		},
				 		{
				 			"$type":"SetGlobalValue",
				 			"key" : "_Children02_Active",
				 			"value": 1,
				 			"otherTargets":
							{
								"$type": "SelectTargetsBySelfGroup",
								"operation": "OR",
								"value": 4,
								"compareType": "Equal",
							},
				 		},
					],
				},
					
			},
		},
	},
//////////////////////////////////
//
//  1.5 试玩活动 解密机关 子物件 03
//
//////////////////////////////////
	{
		"Default":
		{
			"$type": "ConfigAbility",
			"abilityName": "SceneObj_Level_Common_Property_Prop_RunesChild_03_Ability",
			"onAdded":
			[
				{
					"$type": "AttachEffect",
					"effectPattern": "Eff_SceneObj_RunesChild_01",
					"effectTempleteID": 102,
					"born":
					{
						"$type": "ConfigBornByAttachPoint",
						"attachPointName": "EffectNode",
					},
				},
			],
			"abilityMixins" : 
			[
				{
					"$type": "AttachToGadgetStateMixin",
					"gadgetState": 0,
					"modifierName": "DisActive",
				},
				{
					"$type": "AttachToGadgetStateMixin",
					"gadgetState": 201,
					"modifierName": "Active",
				},
				{
					"$type": "AttachToGadgetStateMixin",
					"gadgetState": 202,
					"modifierName": "Success",
				},
			],
			"modifiers":
			{
				"DisActive":
				{
					"onAdded":
					[
			            {
							"$type": "SendEffectTrigger",
							"parameter": "State",
							"type": "Int",
							"effectPattern": "Eff_SceneObj_RunesChild_01",
							"value": 0,
						},
					],
				},
				"Active":
				{
					"onAdded":
					[
			            {
							"$type": "SendEffectTrigger",
							"parameter": "State",
							"type": "Int",
							"effectPattern": "Eff_SceneObj_RunesChild_01",
							"value": 201,
						},
					],
				},
				"Success":
				{
					"duration": 1.0,
					"onAdded":
					[
						{
				              "$type": "SendEffectTrigger",
				              "type": "Int",
				              "parameter": "State",
				              "value": 201,
				              "effectPattern": "Eff_SceneObj_RunesChild_01",
			            },
					],
					"onRemoved":
					[
						{
							"$type": "FireEffect",
							"effectPattern": "Eff_SceneObj_Common_Success_01",
							"born":
							{
								"$type": "ConfigBornByAttachPoint",
								"attachPointName": "ReceivePoint",
							},
						},
						{
							"$type": "ApplyModifier",
							"modifierName": "SendLine",
							"otherTargets":
							{
								"$type": "SelectTargetsBySelfGroup",
								"operation": "OR",
								"value": 2,
								"compareType": "Equal",
							},
						},
						{
							"$type": "ApplyModifier",
							"modifierName": "ChangeFatherGlobalValue",
						},	
					],
				},
				"SendLine":
				{
					"onAdded":
					[
						{
							"$type": "AttachEffect",
							"effectPattern": "Eff_SceneObj_Runes_01_Chains",
							"target":"Applier",
							"born":
							{
								"$type":"ConfigBornByAttachPoint",
								"attachPointName":"EffPoint03",
								"attachPointTargetType":"Self",
							},
						},
					],
				},
				"ChangeFatherGlobalValue":
				{
					"duration":0.5,
					"onRemoved":
					[
				 		{
				 			"$type":"SetGlobalValue",
				 			"key" : "_Children03_Active",
				 			"value": 1,
				 			"otherTargets":
							{
								"$type": "SelectTargetsBySelfGroup",
								"operation": "OR",
								"value": 2,
								"compareType": "Equal",
							},
				 		},
				 		{
				 			"$type":"SetGlobalValue",
				 			"key" : "_Children03_Active",
				 			"value": 1,
				 			"otherTargets":
							{
								"$type": "SelectTargetsBySelfGroup",
								"operation": "OR",
								"value": 4,
								"compareType": "Equal",
							},
				 		},
					],
				},
					
			},
		},
	},
///////////////////////////////////////
//
// 试玩地城 攻击球
//
////////////////////////////////////
	{
		"Default": 
		{
			"$type": "ConfigAbility",
			"abilityName": "SceneObj_Gear_Dungeon_MistTrial_Ball_AttackUp",
			"onFieldEnter":
			[
				{
					"$type": "ApplyModifier",
					"target":"CurTeamAvatars",
					"modifierName": "AttackUp",
					"doOffStage":true,
				},
				// {
				// 	"$type":"SendEffectTrigger",
				// 	"effectPattern":"Eff_Tower_Ball_AttackUp_01",
				// 	"parameter":"Die",
				// },	
				{
					"$type": "RemoveModifier",
					"target":"Self",
					"modifierName": "EffectBall",
				},
				{
					"$type" : "FireEffect",
					"effectPattern" : "Eff_Tower_Ball_Active_01",
				},
				{
					"$type":"KillSelf",
					"hideEntity": true,
				},
			],
			"onAdded":
			[
				{
					"$type":"AttachModifier",
					"target":"Self",
					"modifierName":"EffectBall"
				},
			],
			"modifiers": 
			{
				"EffectBall":
				{
					"onAdded":
					[
						{
							"$type" : "AttachEffect",
							"effectPattern" : "Eff_Tower_Ball_AttackUp_01",
						},
					],
				},
				"AttackUp":
				{
					"duration": 30,
					"state": "AttackUp",
					"stacking": "Refresh",
					"isLimitedProperties": true,
					"properties":
					{
						"Actor_AttackRatio": 0.25,
					},
					"doOffStage":true,
				},
			},
		},
	},

///////////////////////////////////////
//
// 试玩地城 治疗球
//
////////////////////////////////////
	{
		"Default": 
		{
			"$type": "ConfigAbility",
			"abilityName": "SceneObj_Gear_Dungeon_MistTrial_Ball_Heal",
			"onFieldEnter":
			[
				{
					"$type": "ApplyModifier",
					"target":"CurTeamAvatars",
					"modifierName": "HealHP",
					"doOffStage":true,
				},
				// {
				// 	"$type":"SendEffectTrigger",
				// 	"effectPattern":"Eff_Tower_Ball_Heal_01",
				// 	"parameter":"Die",
				// },	
				{
					"$type": "RemoveModifier",
					"target":"Self",
					"modifierName": "EffectBall",
				},
				{
					"$type" : "FireEffect",
					"effectPattern" : "Eff_Tower_Ball_Active_01",
				},
				{
					"$type":"KillSelf",
					"hideEntity": true,
				},
			],
			"onAdded":
			[
				{
					"$type":"AttachModifier",
					"target":"Self",
					"modifierName":"EffectBall"
				},
			],
			"modifiers": 
			{
				"EffectBall":
				{
					"onAdded":
					[
						{
							"$type" : "AttachEffect",
							"effectPattern" : "Eff_Tower_Ball_Heal_01",
						},
					],
				},
				"HealHP":
				{
					"duration": 0.5,
					"onAdded":
					[
						{
							"$type":"HealHP",
							"amountByTargetMaxHPRatio": 0.2,
							"doOffStage":true,
						},
					],
				},
			},
		},
	},

///////////////////////////////////////
//
// 试玩地城 移速球
//
////////////////////////////////////
	{
		"Default": 
		{
			"$type": "ConfigAbility",
			"abilityName": "SceneObj_Gear_Dungeon_MistTrial_Ball_SpeedUp",
			"onFieldEnter":
			[
				{
					"$type": "ApplyModifier",
					"target":"CurTeamAvatars",
					"modifierName": "SpeedUp",
					"doOffStage":true,
				},
				// {
				// 	"$type":"SendEffectTrigger",
				// 	"effectPattern":"Eff_Tower_Ball_MoveSpeed_01",
				// 	"parameter":"Die",
				// },	
				{
					"$type": "RemoveModifier",
					"target":"Self",
					"modifierName": "EffectBall",
				},
				{
					"$type" : "FireEffect",
					"effectPattern" : "Eff_Tower_Ball_Active_01",
				},
				{
					"$type":"KillSelf",
					"hideEntity": true,
				},
			],
			"onAdded":
			[
				{
					"$type":"AttachModifier",
					"target":"Self",
					"modifierName":"EffectBall"
				},
			],
			"modifiers": 
			{
				"EffectBall":
				{
					"onAdded":
					[
						{
							"$type" : "AttachEffect",
							"effectPattern" : "Eff_Tower_Ball_MoveSpeed_01",
						},
					],
				},
				"SpeedUp":
				{
					"duration": 30,
					"state": "SpeedUp",
					"stacking": "Refresh",
					"isLimitedProperties": true,
					"properties":
					{
						"Animator_MoveSpeedRatio": 0.15,
					},					
				},
			},
		},
	},	

//////////////////////////////////
//
//  2.1换人挑战大火盆
//
//////////////////////////////////
	{
		"Default":
		{
			"$type": "ConfigAbility",
			"abilityName": "SceneObj_Level_Common_Property_Ani_Prop_StageFireBasket_01",
			//基础：0，无特效；
			//101：小火；
			//201：临时大火，5秒后转回101；
			//202：临时最大火，5秒后转到203
			//203：最大火，持续
			"abilityMixins" : 
			[
				{
					"$type": "AttachToGadgetStateMixin",
					"gadgetState": 0,
					"modifierName": "DefaultEffect",
				},
				{
					"$type": "AttachToGadgetStateMixin",
					"gadgetState": 101,
					"modifierName": "BurnEffect",
				},
				{
					"$type": "AttachToGadgetStateMixin",
					"gadgetState": 201,
					"modifierName": "SuperBurnEffect",
				},
				{
					"$type": "AttachToGadgetStateMixin",
					"gadgetState": 202,
					"modifierName": "TempSuperBurnEffect",
				},
				{
					"$type": "AttachToGadgetStateMixin",
					"gadgetState": 203,
					"modifierName": "PersistentSuperBurnEffect",
				},
			],
			"modifiers":
			{
				//gadgetstate = 0
				"DefaultEffect":
				{
				},
				//gadgetstate = 101
				"BurnEffect":
				{
					"onAdded": 
					[
						{
							"$type": "AttachEffect",
							"effectPattern": "Eff_SceneObj_Fire_01_StageBasin_Large",
						}
					]
				},
				//gadgetstate = 201
				//大火特效，持续5秒以后切回201
				"SuperBurnEffect":
				{
					"duration": 5,
					"onAdded": 
					[
						{
							"$type": "AttachEffect",
							"effectPattern": "Eff_SceneObj_Fire_02_LargeFireBasket",
						}
					],
					"onRemoved": 
					[
						{
							"$type": "ExecuteGadgetLua",
							"target": "Self",
							"param1": 101,
						},	
					]
					
				},
				//gadgetstate = 202
				//大火特效，持续5秒以后切回201
				"TempSuperBurnEffect":
				{
					"duration": 5,
					"onAdded": 
					[
						{
							"$type": "AttachEffect",
							"effectPattern": "Eff_SceneObj_Fire_02_LargeFireBasket",
						}
					],
					"onRemoved": 
					[
						{
							"$type": "ExecuteGadgetLua",
							"target": "Self",
							"param1": 203,
						},	
					]
					
				},
				//gadgetstate = 203
				//大火特效，持续
				"PersistentSuperBurnEffect":
				{
					"onAdded": 
					[
						{
							"$type": "AttachEffect",
							"effectPattern": "Eff_SceneObj_Fire_01_StageBasin_LargeHigh",
						}
					],
				}

				
			},
		}, 
	},



//////////////////////////////////
//
//  2.1换人挑战小火盆
//
//////////////////////////////////
	{
		"Default":
		{
			"$type": "ConfigAbility",
			"abilityName": "SceneObj_Level_Common_Property_Ani_Prop_StageSmallFireBasket_01",
			//基础：0，无特效；
			//101：小火；
			//201：临时大火，5秒后转回101；
			//202：临时最大火，5秒后转到203
			//203：最大火，持续
			"abilityMixins" : 
			[
				{
					"$type": "AttachToGadgetStateMixin",
					"gadgetState": 0,
					"modifierName": "DefaultEffect",
				},
				{
					"$type": "AttachToGadgetStateMixin",
					"gadgetState": 101,
					"modifierName": "BurnEffect",
				},
				{
					"$type": "AttachToGadgetStateMixin",
					"gadgetState": 201,
					"modifierName": "SuperBurnEffect",
				},
				{
					"$type": "AttachToGadgetStateMixin",
					"gadgetState": 202,
					"modifierName": "TempSuperBurnEffect",
				},
				{
					"$type": "AttachToGadgetStateMixin",
					"gadgetState": 203,
					"modifierName": "PersistentSuperBurnEffect",
				},
			],
			"modifiers":
			{
				//gadgetstate = 0
				"DefaultEffect":
				{
				},
				//gadgetstate = 101
				"BurnEffect":
				{
					"onAdded": 
					[
						{
							"$type": "AttachEffect",
							"effectPattern": "Eff_SceneObj_Fire_01_StageHangLamp",
						}
					]
				},
				//gadgetstate = 201
				//大火特效，持续5秒以后切回201
				"SuperBurnEffect":
				{
					"duration": 5,
					"onAdded": 
					[
						{
							"$type": "AttachEffect",
							"effectPattern": "Eff_SceneObj_Fire_02_SmallFireBasket",
						}
					],
					"onRemoved": 
					[
						{
							"$type": "ExecuteGadgetLua",
							"target": "Self",
							"param1": 101,
						},	
					]
					
				},
				//gadgetstate = 202
				//大火特效，持续5秒以后切回201
				"TempSuperBurnEffect":
				{
					"duration": 5,
					"onAdded": 
					[
						{
							"$type": "AttachEffect",
							"effectPattern": "Eff_SceneObj_Fire_02_SmallFireBasket",
						}
					],
					"onRemoved": 
					[
						{
							"$type": "ExecuteGadgetLua",
							"target": "Self",
							"param1": 203,
						},	
					]
					
				},
				//gadgetstate = 203
				//大火特效，持续
				"PersistentSuperBurnEffect":
				{
					"onAdded": 
					[
						{
							"$type": "AttachEffect",
							"effectPattern": "Eff_SceneObj_Fire_01_StageHangLamp",
						}
					],
				}

				
			},
		}, 
	},


//////////////////////////////////
//
//  2.1换人挑战挂灯
//
//////////////////////////////////
	{
		"Default":
		{
			"$type": "ConfigAbility",
			"abilityName": "SceneObj_Level_Common_Property_Ani_Prop_StageHangLamp_01",
			"abilityMixins" : 
			[
				{
					"$type": "AttachToGadgetStateMixin",
					"gadgetState": 0,
					"modifierName": "DefaultEffect",
				},
				{
					"$type": "AttachToGadgetStateMixin",
					"gadgetState": 201,
					"modifierName": "BurnEffect",
				},
			],
			"modifiers":
			{
				"DefaultEffect":
				{
				},
				"BurnEffect":
				{
					"onAdded": 
					[
						{
							"$type": "AttachEffect",
							"effectPattern": "Eff_SceneObj_Fire_01_StageHangLamp",
						}
					]
				},

			},
		}, 
	},


//////////////////////////////////
//
//  2.1换人挑战场景氛围灯光
//
//////////////////////////////////
	{
		"Default":
		{
			"$type": "ConfigAbility",
			"abilityName": "SceneObj_Level_Common_Property_Prop_SumoAtmosphere",
			"abilityMixins" : 
			[
				{
					"$type": "AttachToGadgetStateMixin",
					"gadgetState": 0,
					"modifierName": "Default",
				},
				{
					"$type": "AttachToGadgetStateMixin",
					"gadgetState": 201,
					"modifierName": "Phase1",
				},
				{
					"$type": "AttachToGadgetStateMixin",
					"gadgetState": 202,
					"modifierName": "Phase2",
				},
				{
					"$type": "AttachToGadgetStateMixin",
					"gadgetState": 203,
					"modifierName": "Phase3",
				},
				{
					"$type": "AttachToGadgetStateMixin",
					"gadgetState": 204,
					"modifierName": "Phase4",
				},
			],
			"modifiers":
			{
				"Default":
				{
					"onAdded": 
					[
						//灯光气氛
						{
							"$type":"EnableSceneTransformByName",
							"transformNames":["Default_Light"],
							"setEnable":true,
						},
						{
							"$type":"EnableSceneTransformByName",
							"transformNames":["Default_Light_Mobile"],
							"setEnable":true,
						},
						{
							"$type":"EnableSceneTransformByName",
							"transformNames":["Phase1_Light"],
							"setEnable":false,
						},
						{
							"$type":"EnableSceneTransformByName",
							"transformNames":["Phase1_Light_Mobile"],
							"setEnable":false,
						},
						{
							"$type":"EnableSceneTransformByName",
							"transformNames":["Phase2_Light"],
							"setEnable":false,
						},
						{
							"$type":"EnableSceneTransformByName",
							"transformNames":["Phase2_Light_Mobile"],
							"setEnable":false,
						},
						{
							"$type":"EnableSceneTransformByName",
							"transformNames":["Phase3_Light"],
							"setEnable":false,
						},
						{
							"$type":"EnableSceneTransformByName",
							"transformNames":["Phase3_Light_Mobile"],
							"setEnable":false,
						},
						{
							"$type":"EnableSceneTransformByName",
							"transformNames":["Phase4_Light"],
							"setEnable":false,
						},
						{
							"$type":"EnableSceneTransformByName",
							"transformNames":["Phase4_Light_Mobile"],
							"setEnable":false,
						},

						//窗户
						{
							"$type":"EnableSceneTransformByName",
							"transformNames":["Default_Windows"],
							"setEnable":true,
						},
						{
							"$type":"EnableSceneTransformByName",
							"transformNames":["Phase3_Windows"],
							"setEnable":false,
						},
						{
							"$type":"EnableSceneTransformByName",
							"transformNames":["Phase4_Windows"],
							"setEnable":false,
						},
					]
				},
				"Phase1":
				{
					"onAdded": 
					[
						//灯光气氛
						{
							"$type":"EnableSceneTransformByName",
							"transformNames":["Default_Light"],
							"setEnable":false,
						},
						{
							"$type":"EnableSceneTransformByName",
							"transformNames":["Default_Light_Mobile"],
							"setEnable":false,
						},
						{
							"$type":"EnableSceneTransformByName",
							"transformNames":["Phase1_Light"],
							"setEnable":true,
						},
						{
							"$type":"EnableSceneTransformByName",
							"transformNames":["Phase1_Light_Mobile"],
							"setEnable":true,
						},
						{
							"$type":"EnableSceneTransformByName",
							"transformNames":["Phase2_Light"],
							"setEnable":false,
						},
						{
							"$type":"EnableSceneTransformByName",
							"transformNames":["Phase2_Light_Mobile"],
							"setEnable":false,
						},
						{
							"$type":"EnableSceneTransformByName",
							"transformNames":["Phase3_Light"],
							"setEnable":false,
						},
						{
							"$type":"EnableSceneTransformByName",
							"transformNames":["Phase3_Light_Mobile"],
							"setEnable":false,
						},
						{
							"$type":"EnableSceneTransformByName",
							"transformNames":["Phase4_Light"],
							"setEnable":false,
						},
						{
							"$type":"EnableSceneTransformByName",
							"transformNames":["Phase4_Light_Mobile"],
							"setEnable":false,
						},

						//窗户
						{
							"$type":"EnableSceneTransformByName",
							"transformNames":["Default_Windows"],
							"setEnable":true,
						},
						{
							"$type":"EnableSceneTransformByName",
							"transformNames":["Phase3_Windows"],
							"setEnable":false,
						},
						{
							"$type":"EnableSceneTransformByName",
							"transformNames":["Phase4_Windows"],
							"setEnable":false,
						},
					]
				},
				"Phase2":
				{
					"onAdded": 
					[
						//灯光气氛
						{
							"$type":"EnableSceneTransformByName",
							"transformNames":["Default_Light"],
							"setEnable":false,
						},
						{
							"$type":"EnableSceneTransformByName",
							"transformNames":["Default_Light_Mobile"],
							"setEnable":false,
						},
						{
							"$type":"EnableSceneTransformByName",
							"transformNames":["Phase1_Light"],
							"setEnable":false,
						},
						{
							"$type":"EnableSceneTransformByName",
							"transformNames":["Phase1_Light_Mobile"],
							"setEnable":false,
						},
						{
							"$type":"EnableSceneTransformByName",
							"transformNames":["Phase2_Light"],
							"setEnable":true,
						},
						{
							"$type":"EnableSceneTransformByName",
							"transformNames":["Phase2_Light_Mobile"],
							"setEnable":true,
						},
						{
							"$type":"EnableSceneTransformByName",
							"transformNames":["Phase3_Light"],
							"setEnable":false,
						},
						{
							"$type":"EnableSceneTransformByName",
							"transformNames":["Phase3_Light_Mobile"],
							"setEnable":false,
						},
						{
							"$type":"EnableSceneTransformByName",
							"transformNames":["Phase4_Light"],
							"setEnable":false,
						},
						{
							"$type":"EnableSceneTransformByName",
							"transformNames":["Phase4_Light_Mobile"],
							"setEnable":false,
						},

						//窗户
						{
							"$type":"EnableSceneTransformByName",
							"transformNames":["Default_Windows"],
							"setEnable":true,
						},
						{
							"$type":"EnableSceneTransformByName",
							"transformNames":["Phase3_Windows"],
							"setEnable":false,
						},
						{
							"$type":"EnableSceneTransformByName",
							"transformNames":["Phase4_Windows"],
							"setEnable":false,
						},
					]
				},
				"Phase3":
				{
					"onAdded": 
					[
						//灯光气氛
						{
							"$type":"EnableSceneTransformByName",
							"transformNames":["Default_Light"],
							"setEnable":false,
						},
						{
							"$type":"EnableSceneTransformByName",
							"transformNames":["Default_Light_Mobile"],
							"setEnable":false,
						},
						{
							"$type":"EnableSceneTransformByName",
							"transformNames":["Phase1_Light"],
							"setEnable":false,
						},
						{
							"$type":"EnableSceneTransformByName",
							"transformNames":["Phase1_Light_Mobile"],
							"setEnable":false,
						},
						{
							"$type":"EnableSceneTransformByName",
							"transformNames":["Phase2_Light"],
							"setEnable":false,
						},
						{
							"$type":"EnableSceneTransformByName",
							"transformNames":["Phase2_Light_Mobile"],
							"setEnable":false,
						},
						{
							"$type":"EnableSceneTransformByName",
							"transformNames":["Phase3_Light"],
							"setEnable":true,
						},
						{
							"$type":"EnableSceneTransformByName",
							"transformNames":["Phase3_Light_Mobile"],
							"setEnable":true,
						},
						{
							"$type":"EnableSceneTransformByName",
							"transformNames":["Phase4_Light"],
							"setEnable":false,
						},
						{
							"$type":"EnableSceneTransformByName",
							"transformNames":["Phase4_Light_Mobile"],
							"setEnable":false,
						},

						//窗户
						{
							"$type":"EnableSceneTransformByName",
							"transformNames":["Default_Windows"],
							"setEnable":false,
						},
						{
							"$type":"EnableSceneTransformByName",
							"transformNames":["Phase3_Windows"],
							"setEnable":true,
						},
						{
							"$type":"EnableSceneTransformByName",
							"transformNames":["Phase4_Windows"],
							"setEnable":false,
						},
					]
				},
				"Phase4":
				{
					"onAdded": 
					[
						//灯光气氛
						{
							"$type":"EnableSceneTransformByName",
							"transformNames":["Default_Light"],
							"setEnable":false,
						},
						{
							"$type":"EnableSceneTransformByName",
							"transformNames":["Default_Light_Mobile"],
							"setEnable":false,
						},
						{
							"$type":"EnableSceneTransformByName",
							"transformNames":["Phase1_Light"],
							"setEnable":false,
						},
						{
							"$type":"EnableSceneTransformByName",
							"transformNames":["Phase1_Light_Mobile"],
							"setEnable":false,
						},
						{
							"$type":"EnableSceneTransformByName",
							"transformNames":["Phase2_Light"],
							"setEnable":false,
						},
						{
							"$type":"EnableSceneTransformByName",
							"transformNames":["Phase2_Light_Mobile"],
							"setEnable":false,
						},
						{
							"$type":"EnableSceneTransformByName",
							"transformNames":["Phase3_Light"],
							"setEnable":false,
						},
						{
							"$type":"EnableSceneTransformByName",
							"transformNames":["Phase3_Light_Mobile"],
							"setEnable":false,
						},
						{
							"$type":"EnableSceneTransformByName",
							"transformNames":["Phase4_Light"],
							"setEnable":true,
						},
						{
							"$type":"EnableSceneTransformByName",
							"transformNames":["Phase4_Light_Mobile"],
							"setEnable":true,
						},

						//窗户
						{
							"$type":"EnableSceneTransformByName",
							"transformNames":["Default_Windows"],
							"setEnable":false,
						},
						{
							"$type":"EnableSceneTransformByName",
							"transformNames":["Phase3_Windows"],
							"setEnable":false,
						},
						{
							"$type":"EnableSceneTransformByName",
							"transformNames":["Phase4_Windows"],
							"setEnable":true,
						},
					]
				},

			},
		}, 
	},



]