[
//ServerUploadTool Save to [/root/env/data/json/ability/Temp/LevelAbilities]

/////////////////////////////////////////////////////////
//
// TsurumiMist
//
/////////////////////////////////////////////////////////
{
	"Default": 
	{
		"$type": "ConfigAbility",
		"abilityName": "ClimateAbility_TsurumiMist",
		"modifiers":
		{
			"SERVER_ClimateAbility_TsurumiMist_Area":
			{
				"stacking": "Multiple",
				"onAdded":
				[
					{
						"$type": "ApplyModifier",
						"modifierName": "UNIQUE_ClimateAbility_Avatar_TsurumiMistPoint_Search_Handler",
						"predicates":
						[
							{
								"$type":"ByIsLocalAvatar",
							}
						]	
					}
				],
				"thinkInterval":1,
				"onThinkInterval":
				[
					{
						"$type": "ApplyModifier",
						"modifierName": "UNIQUE_ClimateAbility_Avatar_TsurumiMistPoint_Search_Handler",
						"predicates":
						[
							{
								"$type":"ByIsLocalAvatar",
							}
						]
						
					}
				],
				"onAvatarIn":
				[ 
					{
						"$type":"ApplyModifier",
						"doOffStage":true,
						"modifierName": "UNIQUE_ClimateAbility_Avatar_TsurumiMistPoint_Search_Handler",
					}
				],
				"onAvatarOut":
				[
					{
						"$type":"RemoveModifier",
						"doOffStage":true,
						"modifierName": "UNIQUE_ClimateAbility_Avatar_TsurumiMistPoint_Search_Handler",
					}
				],
				"onRemoved":
				[
					{
						"$type":"RemoveModifier",
						"doOffStage":true,
						"modifierName": "UNIQUE_ClimateAbility_Avatar_TsurumiMistPoint_Search_Handler",
					}
				]
			},
			"UNIQUE_ClimateAbility_Avatar_TsurumiMistPoint_Search_Handler":
			{
				"isUnique":true,
				"thinkInterval": 0.5,
				"onThinkInterval":
				[
					{
						"$type":"Predicated",
						"otherTargets":
						{
							"$type": "SelectTargetsByShape",
							"shapeName": "CircleR12H10",
							"centerBasedOn": "Self",
							"campTargetType": "All",
							"campBasedOn": "Self",
						},
						"targetPredicates":
						[
							{
								"$type": "ByTargetGlobalValue",
								"key": "IS_TSURUMIMIST_POINT",
								"value": 1,
								"compareType": "Equal",
							}
						],
						"successActions":
						[
							{
								"$type":"ApplyModifier",
								"target":"CurLocalAvatar",
								"modifierName":"UNIQUE_TsurumiMistBuff"
							}
						]
					},
					
				],
			},
			"UNIQUE_TsurumiMistBuff":
			{
				"duration":1.0,	
				"isUnique":true,
				"stacking": "Refresh",
				"thinkInterval": 0.2,
				"onThinkInterval":
				[

					{
						"$type":"AddClimateMeter",
						"climateType":"TsurumiRegionalMist",
						"value":-25.0,
						"target":"Self",
					},
				],
				"modifierMixins":
				[
					{
						"$type": "ResistClimateMixin",
						"type":"Current",
						"climateTypes": ["TsurumiRegionalMist"],
						"source": "All",
						"trend": "Rise",
						"ratio": -999.0,
					},
				],
				
			},
		},
	},
},
/////////////////////////////////////////////////////////
//
// TatariRegion
//
/////////////////////////////////////////////////////////
	{
		"Default": 
		{
			"$type": "ConfigAbility",
			"abilityName": "ClimateAbility_TatariRegion",
			"modifiers":
			{
				"SERVER_ClimateAbility_TatariRegion_Area":
				{
					"stacking": "Multiple",
					"onAdded":
					[
						{
							"$type": "ApplyModifier",
							"modifierName": "UNIQUE_ClimateAbility_Avatar_TatariRegionPoint_Search_Handler",
							"predicates":
							[
								{
									"$type":"ByIsLocalAvatar",
								}
							]	
					    },
					],
					"thinkInterval":1,
					"onThinkInterval":
					[
						{
							"$type": "ApplyModifier",
							"modifierName": "UNIQUE_ClimateAbility_Avatar_TatariRegionPoint_Search_Handler",
							"predicates":
							[
								{
									"$type":"ByIsLocalAvatar",
								}
							]
							
					    }
					],
					"onAvatarIn":
					[ 
						{
							"$type":"ApplyModifier",
							"doOffStage":true,
							"modifierName": "UNIQUE_ClimateAbility_Avatar_TatariRegionPoint_Search_Handler",
						}
					],
					"onAvatarOut":
					[
						{
							"$type":"RemoveModifier",
							"doOffStage":true,
							"modifierName": "UNIQUE_ClimateAbility_Avatar_TatariRegionPoint_Search_Handler",
						}
					],
					"onRemoved":
					[
                        {
							"$type":"RemoveModifier",
							"doOffStage":true,
							"modifierName": "UNIQUE_ClimateAbility_Avatar_TatariRegionPoint_Search_Handler",
						}
					]
				},
				"UNIQUE_ClimateAbility_Avatar_TatariRegionPoint_Search_Handler":
				{
					"isUnique":true,
					"thinkInterval": 0.5,
					"onThinkInterval":
					[
						{
							"$type":"Predicated",
							"otherTargets":
							{
								"$type": "SelectTargetsByShape",
								"shapeName": "CircleR5H10",
								"centerBasedOn": "Self",
								"campTargetType": "All",
								"campBasedOn": "Self",
							},
							"targetPredicates":
							[
								{
									"$type": "ByTargetGlobalValue",
									"key": "IS_TATAERIREGION_POINT",
									"value": 1,
									"compareType": "Equal",
								}
							],
							"successActions":
							[
								{
									"$type":"ApplyModifier",
									"target":"CurLocalAvatar",
									"modifierName":"UNIQUE_TatariRegionBuff"
								}
							]
						},
						/*
						{
							"$type":"ApplyModifier",
							"target":"CurLocalAvatar",
							"modifierName":"UNIQUE_TatariRegionBuff",
							"predicates":
							[
								{
									"$type":"ByTargetGlobalValue",
									"key":"HAS_ELECTRIC_FAIRY_BUFF",
									"value":1,
									"compareType":"Equal"
								}
							],
						}	
						*/
					],
				},
				"UNIQUE_TatariRegionBuff":
				{
					"duration":1.0,	
					"isUnique":true,
					"stacking": "Refresh",
					"thinkInterval": 0.2,
					"onThinkInterval":
					[

						{
							"$type":"AddClimateMeter",
							"climateType":"TatariRegion",
							"value":-50.0,
							"target":"Self",
						},
					],
					"modifierMixins":
					[
						{
							"$type": "ResistClimateMixin",
							"type":"Current",
							"climateTypes": ["TatariRegion"],
							"source": "All",
							"trend": "Rise",
							"ratio": -999.0,
						},
					],
					
				},
				"SERVER_ClimateAbility_TatariRegion_Lv1":
				{
					"stacking": "Multiple",
				},
				"UNIQUE_MinusElectricReject":
				{
					"isUnique":true,
					"stacking": "Unique",
					"duration":0.5,
					"onAdded":
					[
						{
							"$type": "AddGlobalValue",
							"key": "_ABILITY_SceneObj_Electric_Fairy_Immunity_Time",
							"value": -1,
							"useLimitRange": true,
							"maxValue": 100,
							"minValue": 0,
						},	
					]
				},
				"SERVER_ClimateAbility_TatariRegion_Lv2":
				{
					"stacking": "Multiple",
					"thinkInterval": 2,
					"onThinkInterval":
					[
						{
	                        "$type":"SetGlobalValue",
	                        "doOffStage": false,
	                        "target":"Team",
	                        "key":"_TatariRegionLoseHp",
	                        "value" : 0,
	                        "predicates": 
							[
								{
									"$type": "ByGameTimeIsLocked",
									"isLocked": false,
								},
								{
	                                "$type": "ByTargetGlobalValue",
	                                "target":"Self",
	                                "key": "HAS_ELECTRIC_FAIRY_BUFF",
	                                "value": 1,
	                                "compareType": "Equal",
	                            },
							],
	                    },
						{
	                        "$type":"AddGlobalValue",
	                        "doOffStage": false,
	                        "target":"Team",
	                        "key":"_TatariRegionLoseHp",
	                        "useLimitRange":true,
	                        "value" : 1,
	                        "maxValue":35,
	                        "minValue":0,
	                        "predicates": 
							[
								{
									"$type": "ByGameTimeIsLocked",
									"isLocked": false,
								},
								{
	                                "$type": "ByTargetGlobalValue",
	                                "target":"Self",
	                                "key": "HAS_ELECTRIC_FAIRY_BUFF",
	                                "value": 0,
	                                "compareType": "NoneOrEqual",
	                            },
							],
	                    },
	                    {
			              "$type": "CopyGlobalValue",
			              "srcTarget": "Team",
			              "doOffStage": true,
			              "dstTarget": "Self",
			              "srcKey": "_TatariRegionLoseHp",
			              "dstKey": "_TatariRegionLoseHp",
			            },
                        {
                            "$type":"Predicated",
                            "target":"Self",
                            "targetPredicates":
                            [
                            	{
                                    "$type":"ByTargetGlobalValue",
                                    "key":"_TatariRegionLoseHp",
                                    "value":30,
                                    "compareType":"MoreThan",
                                },

                            ],
                            "successActions":
                            [
                                {
									"$type": "LoseHP",
									"target": "CurLocalAvatar",
									"amountByTargetMaxHPRatio": 0.03,//每秒低温的扣血百分比
									"amount":450,
									"enableInvincible": true,//无敌可以抵挡这个扣血行为
									"enableLockHP": true,//锁血可以抵挡这个扣血行为							
									"lethal": true,//低温扣血的致死性
									"disableWhenLoading":true,
									"predicates": 
									[
										{
											"$type": "ByGameTimeIsLocked",
											"isLocked": false,
										},
										{
											"$type": "ByNot",
											"predicates":
											[
												{
													"$type":"ByTargetGlobalValue",
													"key":"HAS_ELECTRIC_FAIRY_BUFF",
													"value":1,
													"compareType":"Equal"
												}
											],
										},
										{
											"$type":"ByIsLocalAvatar",
										}
									],
								},
								{
									"$type": "ApplyModifier",
									"doOffStage": false,
									"modifierName": "UNIQUE_MinusElectricReject",
									"target":"Team",
								},	
                            ],
                            "failActions":
                            [
                                {
									"$type": "LoseHP",
									"target": "CurLocalAvatar",
									"amountByTargetMaxHPRatio": 0.01,//每秒低温的扣血百分比
									"amount":150,
									"enableInvincible": true,//无敌可以抵挡这个扣血行为
									"enableLockHP": true,//锁血可以抵挡这个扣血行为							
									"lethal": true,//低温扣血的致死性
									"disableWhenLoading":true,
									"predicates": 
									[
										{
											"$type": "ByGameTimeIsLocked",
											"isLocked": false,
										},
										{
											"$type": "ByNot",
											"predicates":
											[
												{
													"$type":"ByTargetGlobalValue",
													"key":"HAS_ELECTRIC_FAIRY_BUFF",
													"value":1,
													"compareType":"Equal"
												}
											],
										},
										{
											"$type":"ByIsLocalAvatar",
										}
									],
								},
								{
									"$type": "ApplyModifier",
									"doOffStage": false,
									"modifierName": "UNIQUE_MinusElectricReject",
									"target":"Team",
								},	
                            ],
                        },	
					],
					"onAdded":
					[
						{
	                        "$type":"SetGlobalValue",
	                        "target":"Team",
	                        "key":"_TatariRegionLoseHp",
	                        "value" : 0,
	                    },
					],
					"onRemoved":
					[
						{
	                        "$type":"SetGlobalValue",
	                        "target":"Team",
	                        "key":"_TatariRegionLoseHp",
	                        "value" : 0,
	                    },
					],
				},
			},
		},
	},
/////////////////////////////////////////////////////////
//
// SeiraiStorm
//
/////////////////////////////////////////////////////////
	{
		"Default": 
		{
			"$type": "ConfigAbility",
			"abilityName": "ClimateAbility_SeiraiStorm",
			"isDynamicAbility":true,
			"modifiers":
			{
				"SERVER_ClimateAbility_SeiraiStorm_Area":
				{
					"stacking": "Multiple",
					"onAdded":
					[
						{
							"$type": "ApplyModifier",
							"modifierName": "UNIQUE_ClimateAbility_Avatar_SeiraiStorm_Thunder_Handler",
							"predicates":
							[
								{
									"$type":"ByIsLocalAvatar",
								}
							]	
					    },
					],
					"thinkInterval":1,
					"onThinkInterval":
					[
						{
							"$type": "ApplyModifier",
							"modifierName": "UNIQUE_ClimateAbility_Avatar_SeiraiStorm_Thunder_Handler",
							"predicates":
							[
								{
									"$type":"ByIsLocalAvatar",
								}
							]
							
					    }
					],
					"onAvatarIn":
					[ 
						{
							"$type":"ApplyModifier",
							"doOffStage":true,
							"modifierName": "UNIQUE_ClimateAbility_Avatar_SeiraiStorm_Thunder_Handler",
						}
					],
					"onAvatarOut":
					[
						{
							"$type":"RemoveModifier",
							"doOffStage":true,
							"modifierName": "UNIQUE_ClimateAbility_Avatar_SeiraiStorm_Thunder_Handler",
						}
					],
					"onRemoved":
					[
                        {
							"$type":"RemoveModifier",
							"doOffStage":true,
							"modifierName": "UNIQUE_ClimateAbility_Avatar_SeiraiStorm_Thunder_Handler",
						}
					]
				},
				"UNIQUE_ClimateAbility_Avatar_SeiraiStorm_Thunder_Handler":
				{
					"isUnique":true,
				},
				"SERVER_ClimateAbility_SeiraiStorm_Lv1"://低阈值无效果
				{
					"stacking": "Multiple",
				},
				"SERVER_ClimateAbility_SeiraiStorm_Lv2"://高阈值有效果
				{
					"stacking": "Multiple",
					"thinkInterval": 2,
					"onAdded":
					[
						{
	                        "$type":"AddGlobalValue",
	                        "target":"Team",
	                        "key":"_SeiraiStormLoseHp",
	                        "useLimitRange":true,
	                        "value" : -20,
	                        "maxValue":20,
	                        "minValue":0,
	                    },
					],
					"onRemoved":
					[
						{
	                        "$type":"AddGlobalValue",
	                        "target":"Team",
	                        "key":"_SeiraiStormLoseHp",
	                        "useLimitRange":true,
	                        "value" : -20,
	                        "maxValue":20,
	                        "minValue":0,
	                    },
					],
					"onThinkInterval":
					[
						{
	                        "$type":"AddGlobalValue",
	                        "doOffStage": false,
	                        "target":"Team",
	                        "key":"_SeiraiStormLoseHp",
	                        "useLimitRange":true,
	                        "value" : 1,
	                        "maxValue":20,
	                        "minValue":0,
	                        "predicates": 
							[
								{
									"$type": "ByGameTimeIsLocked",
									"isLocked": false,
								},
							],
	                    },
					],

				},
			},
		},
	},	

/////////////////////////////////////////////////////////
//
// SeaMist
//
/////////////////////////////////////////////////////////
	{
		"Default": 
		{
			"$type": "ConfigAbility",
			"abilityName": "ClimateAbility_SeaMist",
			"modifiers":
			{
				"SERVER_ClimateAbility_Cold_Area":
				{
					"stacking": "Multiple",
					"onAdded":
					[
						{
							"$type": "ApplyModifier",
							"modifierName": "UNIQUE_ClimateAbility_Avatar_SeaMistPoint_Search_Handler",
							"predicates":
							[
								{
									"$type":"ByIsLocalAvatar",
								}
							]	
					    }
					],
					"thinkInterval":1,
					"onThinkInterval":
					[
						{
							"$type": "ApplyModifier",
							"modifierName": "UNIQUE_ClimateAbility_Avatar_SeaMistPoint_Search_Handler",
							"predicates":
							[
								{
									"$type":"ByIsLocalAvatar",
								}
							]
							
					    }
					],
					"onAvatarIn":
					[ 
						{
							"$type":"ApplyModifier",
							"doOffStage":true,
							"modifierName": "UNIQUE_ClimateAbility_Avatar_SeaMistPoint_Search_Handler",
						}
					],
					"onAvatarOut":
					[
						{
							"$type":"RemoveModifier",
							"doOffStage":true,
							"modifierName": "UNIQUE_ClimateAbility_Avatar_SeaMistPoint_Search_Handler",
						}
					],
					"onRemoved":
					[
                        {
							"$type":"RemoveModifier",
							"doOffStage":true,
							"modifierName": "UNIQUE_ClimateAbility_Avatar_SeaMistPoint_Search_Handler",
						}
					]
				},
				"UNIQUE_ClimateAbility_Avatar_SeaMistPoint_Search_Handler":
				{
					"isUnique":true,
					"thinkInterval": 0.5,
					"onThinkInterval":
					[
						{
							"$type":"Predicated",
							"otherTargets":
							{
								"$type": "SelectTargetsByShape",
								"shapeName": "CircleR6.5H5",
								"centerBasedOn": "Self",
								"campTargetType": "All",
								"campBasedOn": "Self",
							},
							"targetPredicates":
							[
								{
									"$type": "ByTargetGlobalValue",
									"key": "IS_SEAMIST_POINT",
									"value": 1,
									"compareType": "Equal",
								}
							],
							"successActions":
							[
								{
									"$type":"ApplyModifier",
									"target":"CurLocalAvatar",
									"modifierName":"UNIQUE_SeaMistBuff"
								}
							]
						},
						
					],
				},
				"UNIQUE_SeaMistBuff":
				{
					"duration":1.0,	
					"isUnique":true,
					"stacking": "Refresh",
					"thinkInterval": 0.2,
					"onThinkInterval":
					[

						{
							"$type":"AddClimateMeter",
							"climateType":"SeaMist",
							"value":-5.0,
							"target":"Self",
						},
					],
					"modifierMixins":
					[
						{
							"$type": "ResistClimateMixin",
							"type":"Current",
							"climateTypes": ["SeaMist"],
							"source": "All",
							"trend": "Rise",
							"ratio": -999.0,
						},
					],
					
				},
			},
		},
	},

/////////////////////////////////////////////////////////
//
// Cold
//
/////////////////////////////////////////////////////////
{
	"Default": 
	{
		"$type": "ConfigAbility",
		"abilityName": "ClimateAbility_Cold",
		"modifiers":
		{
			"SERVER_ClimateAbility_Cold_Area":
			{
				"stacking": "Multiple",
				"onAdded":
				[
					{
						"$type": "ApplyModifier",
						"modifierName": "UNIQUE_ClimateAbility_Avatar_Warmpoint_Search_Handler",
						"predicates":
						[
							{
								"$type":"ByIsLocalAvatar",
							}
						]	
				    }
				],
				"thinkInterval":1,
				"onThinkInterval":
				[
					{
						"$type": "ApplyModifier",
						"modifierName": "UNIQUE_ClimateAbility_Avatar_Warmpoint_Search_Handler",
						"predicates":
						[
							{
								"$type":"ByIsLocalAvatar",
							}
						]
						
				    }
				],
				"onAvatarIn":
				[ 
					{
						"$type":"ApplyModifier",
						"doOffStage":true,
						"modifierName": "UNIQUE_ClimateAbility_Avatar_Warmpoint_Search_Handler",
					}
				],
				"onAvatarOut":
				[
					{
						"$type":"RemoveModifier",
						"doOffStage":true,
						"modifierName": "UNIQUE_ClimateAbility_Avatar_Warmpoint_Search_Handler",
					}
				],
				"onRemoved":
				[
					{
						"$type":"RemoveServerBuff",
                    	"isTeamBuff":true,
                    	"target":"CurTeamAvatars",
							"sBuffId":500101,
					},
					{
                    	"$type":"RemoveServerBuff",
                    	"isTeamBuff":true,
                    	"target":"CurTeamAvatars",
							"sBuffId":500102,
                    },
                    {
						"$type":"RemoveModifier",
						"doOffStage":true,
						"modifierName": "UNIQUE_ClimateAbility_Avatar_Warmpoint_Search_Handler",
					}
				]
			},
			"UNIQUE_ClimateAbility_Avatar_Warmpoint_Search_Handler":
			{
				"isUnique":true,
				"thinkInterval": 0.5,
				"onThinkInterval":
				[
					{
						"$type":"Predicated",
						"otherTargets":
						{
							"$type": "SelectTargetsByShape",
							"shapeName": "CircleR6.5H5",
							"centerBasedOn": "Self",
							"campTargetType": "All",
							"campBasedOn": "Self",
						},
						"targetPredicates":
						[
							{
								"$type": "ByTargetGlobalValue",
								"key": "IS_WARM_POINT",
								"value": 1,
								"compareType": "Equal",
							}
						],
						"successActions":
						[
							{
								"$type":"ApplyModifier",
								"target":"CurLocalAvatar",
								"modifierName":"UNIQUE_WarmBuff"
							}
						]
					},
					
				],
			},
			"UNIQUE_WarmBuff":
			{
				"duration":1.0,	
				"isUnique":true,
				"stacking": "Refresh",
				"thinkInterval": 0.2,
				"onThinkInterval":
				[

					{
						"$type":"AddClimateMeter",
						"climateType":"Cold",
						"value":-5.0,
						"target":"Self",
					},
				],
				"modifierMixins":
				[
					{
						"$type": "ResistClimateMixin",
						"type":"Current",
						"climateTypes": ["Cold"],
						"source": "All",
						"trend": "Rise",
						"ratio": -999.0,
					},
				],
				
			},

			"SERVER_ClimateAbility_Cold_Lv1":
			{
				"stacking": "Multiple",
				"onAdded":
				[
					{
						"$type": "ApplyModifier",
						"modifierName": "ClimateAbility_Cold_Lv1_Handler",
						"predicates":
						[
							{
								"$type":"ByIsLocalAvatar",
							}
						]
						
				    },
				    {
						"$type": "ApplyModifier",
						"modifierName": "ClimateAbility_Avatar_Perform_Handler",
						"predicates":
						[
							{
								"$type":"ByIsLocalAvatar",
							}
						]
						
				    },
				],
				"onAvatarIn":
				[
					{
						"$type":"ApplyModifier",
						"doOffStage":true,
						"modifierName": "ClimateAbility_Cold_Lv1_Handler",
					},
					{
						"$type":"ApplyModifier",
						"doOffStage":true,
						"modifierName": "ClimateAbility_Avatar_Perform_Handler",
					},
				],
				"onAvatarOut":
				[
					{
						"$type":"RemoveModifier",
						"doOffStage":true,
						"modifierName": "ClimateAbility_Cold_Lv1_Handler",
					},
					{
						"$type":"RemoveModifier",
						"doOffStage":true,
						"modifierName": "ClimateAbility_Avatar_Perform_Handler",
					},
				],
				"onRemoved":
				[
                    {
						"$type":"RemoveModifier",
						"doOffStage":true,
						"modifierName": "ClimateAbility_Cold_Lv1_Handler",
					},
					{
						"$type":"RemoveModifier",
						"doOffStage":true,
						"modifierName": "ClimateAbility_Avatar_Perform_Handler",
					},
				]
			},
			"ClimateAbility_Cold_Lv1_Handler":
			{
				"modifierMixins":
				[
					{
						"$type": "AttachToAbilityStateMixin",
						"abilityStates": ["ElementWet","ElementFrozen","ElementIce","ElementFreeze"],
						"modifierName": "UNIQUE_ClimateAbility_Cold_Lv1_Accelerator_IceAndWater",
					},
					{
						"$type": "AttachToAbilityStateMixin",
						"abilityStates": ["ElementFire","ElementBurning"],
						"modifierName": "UNIQUE_ClimateAbility_Cold_Lv1_Accelerator_FireAndBurning",
					},
					{
						"$type": "AttachToStateIDMixin",
						"stateIDs": ["Swim"],
						"modifierName": "UNIQUE_ClimateAbility_Cold_Lv1_Accelerator_Swiming",
						"isCheckOnAttach":true
					},
				],
			},
			"SERVER_ClimateAbility_Cold_Lv2":
			{
				"stacking": "Multiple",
				"thinkInterval": 1,
				"onThinkInterval":
				[
					{
						"$type": "LoseHP",
						"target": "CurLocalAvatar",
						"amountByTargetMaxHPRatio": 0.01,//每秒低温的扣血百分比
						"amount":150,
						"enableInvincible": true,//无敌可以抵挡这个扣血行为
						"enableLockHP": true,//锁血可以抵挡这个扣血行为							
						"lethal": true,//低温扣血的致死性
						"disableWhenLoading":true,
						"predicates": 
						[
							{
								"$type": "ByGameTimeIsLocked",
								"isLocked": false,
							},
						],
					},
				],
			},
			"UNIQUE_ClimateAbility_Cold_Lv1_Accelerator_Flag_Element":
			{
				"isUnique": true,
				"onAdded":
				[
					{
//flag value, dont set range.
						"$type" : "AddGlobalValue",
						"key" : "_ABILITY_CLIMATE_COLD_ACCELERATOR_FLAG",
						"value" : 1,
						"useLimitRange" : false,
					},
				],
				"onRemoved":
				[
					{
//flag value, dont set range.
						"$type" : "AddGlobalValue",
						"key" : "_ABILITY_CLIMATE_COLD_ACCELERATOR_FLAG",
						"value" : -1,
						"useLimitRange" : false,
					},
				],
			},
			"ClimateAbility_Cold_Lv1_Accelerator_Blank":
			{

			},
			"ClimateAbility_Cold_Lv1_Accelerator":
			{
				"modifierMixins":
				[
					{
						"$type": "ResistClimateMixin",
						"type":"Current",
						"climateTypes": ["Cold"],
						"source": "Climate",
						"trend": "Rise",
						"ratio": 0.5,
					},
				],
			},
			"UNIQUE_ClimateAbility_Cold_Lv1_Accelerator_IceAndWater"://冰水附着会改变低温增速
			{
				"isUnique": true,
				"modifierMixins":
				[
					{
						"$type": "ResistClimateMixin",
						"type":"Current",
						"climateTypes": ["Cold"],
						"source": "Climate",
						"trend": "Rise",
						"ratio": 0.2,
					},
				],
			},
			"UNIQUE_ClimateAbility_Cold_Lv1_Accelerator_FireAndBurning"://火附着会改变低温增速
			{
				"isUnique": true,
				"modifierMixins":
				[
					{
						"$type": "ResistClimateMixin",
						"type":"Current",
						"climateTypes": ["Cold"],
						"source": "Climate",
						"trend": "Rise",
						"ratio": -0.2,
					},
				],
			},
			"UNIQUE_ClimateAbility_Cold_Lv1_Accelerator_Swiming"://游泳状态会改变低温增速，因为游泳时必潮湿，所以玩家游泳时实际的低温增速要加上潮湿的增速。
			{
				"isUnique": true,
				"modifierMixins":
				[
					{
						"$type": "ResistClimateMixin",
						"type":"Current",
						"climateTypes": ["Cold"],
						"source": "Climate",
						"trend": "Rise",
						"ratio": 1.8,
					},
				],
			},
			"ClimateAbility_Avatar_Perform_Handler"://角色在寒冷区域哈气表现，不再有动作表现，只播特效的话就实现的轻量级一些。
			{
				"modifierMixins":
				[
					{
						"$type": "AttachToStateIDMixin",
						"stateIDs": ["NormalStandby",],
						"modifierName": "NormalStandby_Avatar_Perform_Cold_Breath",
					},
					{
						"$type": "AttachToStateIDMixin",
						"stateIDs": ["Climb","Sprint","Fly"],
						"modifierName": "Move_Avatar_Perform_Cold_Breath",
					},
					{
						"$type":"AttachToNormalizedTimeMixin",//不想在state频繁切换时表现鬼畜，每个拎出来写
						"stateID":"Walk",
						"modifierName":"Walk_Avatar_Perform_Cold_Breath",
						"normalizeStart":0.0,
						"normalizeEnd":1.0,
					},
					{
						"$type":"AttachToNormalizedTimeMixin",
						"stateID":"Run",
						"modifierName":"Run_Avatar_Perform_Cold_Breath",
						"normalizeStart":0.0,
						"normalizeEnd":1.0,
					},
				],														
			},
			"NormalStandby_Avatar_Perform_Cold_Breath":
			{
				"thinkInterval":3,
				"onThinkInterval":
				[
					{
						"$type":"FireEffect",
						"effectPattern":"Eff_Character_Cold_Breath",
						"predicates":
						[
							{
								"$type": "ByNot",
								"predicates":
								[
									{
										"$type": "ByHasFeatureTag",
										"featureTagIDs": [10052],
									},
								],
							},
						],						
					},
				],
			},
			"Move_Avatar_Perform_Cold_Breath"://特效完全跟隨角色移動時，粒子生命周期太長，看起來特效像是長在人臉上的，很奇怪。所以角色移動時用短粒子生命周期的特效
			{
				"thinkInterval":3,
				"onThinkInterval":
				[
					{
						"$type":"FireEffect",
						"effectPattern":"Eff_Character_Cold_Breath_Move",
						"predicates":
						[
							{
								"$type": "ByNot",
								"predicates":
								[
									{
										"$type": "ByHasFeatureTag",
										"featureTagIDs": [10052],
									},
								],
							},
						],						
					},
				],
			},
			"Walk_Avatar_Perform_Cold_Breath":
			{
				"thinkInterval":3,
				"onThinkInterval":
				[
					{
						"$type":"FireEffect",
						"effectPattern":"Eff_Character_Cold_Breath_Move",
						"predicates":
						[
							{
								"$type": "ByNot",
								"predicates":
								[
									{
										"$type": "ByHasFeatureTag",
										"featureTagIDs": [10052],
									},
								],
							},
						],
					},
				],
			},
			"Run_Avatar_Perform_Cold_Breath":
			{
				"thinkInterval":2,//跑起來呼吸急促 （冲起來要深呼吸，所以還是3秒）
				"onThinkInterval":
				[
					{
						"$type":"FireEffect",
						"effectPattern":"Eff_Character_Cold_Breath_Move",						
						"predicates":
						[
							{
								"$type": "ByNot",
								"predicates":
								[
									{
										"$type": "ByHasFeatureTag",
										"featureTagIDs": [10052],
									},
								],
							},
						],
					},
				],
			},
		},
	},
},
/////////////////////////////////////////////////////////
//
// ColdMonster
//
/////////////////////////////////////////////////////////
{
	"Default": 
	{
		"$type": "ConfigAbility",
		"abilityName": "ClimateAbility_ColdMonster",
		"modifiers":
		{
			//新开serverBuffID用于调节数值难度
			"SERVER_ClimateAbility_ColdMonster_Area":
			{
				"stacking": "Multiple",
				"onAdded":
				[
					{
						"$type": "ApplyModifier",
						"modifierName": "UNIQUE_ClimateAbility_ColdMonster_Avatar_HotPoint_Search_Handler",
						"predicates":
						[
							{
								"$type":"ByIsLocalAvatar",
							},
						],
				    },
				],
				"thinkInterval": 1,
				"onThinkInterval":
				[
					{
						"$type": "ApplyModifier",
						"modifierName": "UNIQUE_ClimateAbility_ColdMonster_Avatar_HotPoint_Search_Handler",
						"predicates":
						[
							{
								"$type":"ByIsLocalAvatar",
							},
						],
				    },
				],
				"onAvatarIn":
				[ 
					{
						"$type": "ApplyModifier",
						"doOffStage": true,
						"modifierName": "UNIQUE_ClimateAbility_ColdMonster_Avatar_HotPoint_Search_Handler",
					},
				],
				"onAvatarOut":
				[
					{
						"$type": "RemoveUniqueModifier",
						"doOffStage": true,
						"modifierName": "UNIQUE_ClimateAbility_ColdMonster_Avatar_HotPoint_Search_Handler",
					},
				],
				"onRemoved":
				[
                    {
						"$type": "RemoveUniqueModifier",
						"doOffStage": true,
						"modifierName": "UNIQUE_ClimateAbility_ColdMonster_Avatar_HotPoint_Search_Handler",
					},
				],
			},
			//新开serverBuffID用于调节数值难度
			"UNIQUE_ClimateAbility_ColdMonster_Avatar_HotPoint_Search_Handler":
			{
				"isUnique": true,
				"thinkInterval": 0.5,
				"onThinkInterval":
				[
					{
						"$type":"Predicated",
						"otherTargets":
						{
							"$type": "SelectTargetsByShape",
							"shapeName": "CircleR3H5",
							"centerBasedOn": "Self",
							"campTargetType": "All",
							"campBasedOn": "Self",
						},
						"targetPredicates":
						[
							{
								"$type": "ByTargetGlobalValue",
								"key": "IS_HOTMONSTER_POINT",
								"value": 1,
								"compareType": "Equal",
							}
						],
						"successActions":
						[
							{
								"$type": "ApplyModifier",
								"target": "CurLocalAvatar",
								"modifierName": "UNIQUE_ColdMonster_ColdBuff",
							},
						],
					},
				],
			},
			//新开serverBuffID用于调节数值难度
			"UNIQUE_ColdMonster_ColdBuff":
			{
				"duration": 1.0,	
				"isUnique": true,
				"stacking": "Refresh",
				"onThinkIntervalIsFixedUpdate": true,
				"thinkInterval": 0.2,
				"onThinkInterval":
				[
					{
						"$type": "AddClimateMeter",
						"climateType": "ColdMonster",
						"value": -4.0,
						"target": "Self",
					},
				],
			},
			//新开serverBuffID用于调节数值难度
			"SERVER_ClimateAbility_ColdMonster_Lv1":
			{
				"stacking": "Multiple",
				"onAdded":
				[
					{
						"$type": "ApplyModifier",
						"modifierName": "ClimateAbility_ColdMonster_Lv1_Handler",
						"predicates":
						[
							{
								"$type":"ByIsLocalAvatar",
							},
						],
				    },
				    {
						"$type": "ApplyModifier",
						"modifierName": "ClimateAbility_Avatar_Perform_Handler",
						"predicates":
						[
							{
								"$type":"ByIsLocalAvatar",
							},
						],
				    },
				],
				"onAvatarIn":
				[
					{
						"$type":"ApplyModifier",
						"doOffStage":true,
						"modifierName": "ClimateAbility_ColdMonster_Lv1_Handler",
					},
					{
						"$type":"ApplyModifier",
						"doOffStage":true,
						"modifierName": "ClimateAbility_Avatar_Perform_Handler",
					},
				],
				"onAvatarOut":
				[
					{
						"$type":"RemoveModifier",
						"doOffStage":true,
						"modifierName": "ClimateAbility_ColdMonster_Lv1_Handler",
					},
					{
						"$type":"RemoveModifier",
						"doOffStage":true,
						"modifierName": "ClimateAbility_Avatar_Perform_Handler",
					},
				],
				"onRemoved":
				[
                    {
						"$type":"RemoveModifier",
						"doOffStage":true,
						"modifierName": "ClimateAbility_ColdMonster_Lv1_Handler",
					},
					{
						"$type":"RemoveModifier",
						"doOffStage":true,
						"modifierName": "ClimateAbility_Avatar_Perform_Handler",
					},
				]
			},
			"ClimateAbility_ColdMonster_Lv1_Handler":
			{
				"modifierMixins":
				[
					{
						"$type": "AttachToAbilityStateMixin",
						"abilityStates": ["ElementWet","ElementFrozen","ElementIce","ElementFreeze"],
						"modifierName": "UNIQUE_ClimateAbility_ColdMonster_Lv1_Accelerator_IceAndWater",
					},
					{
						"$type": "AttachToAbilityStateMixin",
						"abilityStates": ["ElementFire","ElementBurning"],
						"modifierName": "UNIQUE_ClimateAbility_ColdMonster_Lv1_Accelerator_FireAndBurning",
					},
				],
			},
			//新开serverBuffID用于调节数值难度
			"SERVER_ClimateAbility_ColdMonster_Lv2":
			{
				"stacking": "Multiple",
				"thinkInterval": 1,
				"onThinkInterval":
				[
					{
						"$type": "LoseHP",
						"target": "CurLocalAvatar",
						"amountByTargetMaxHPRatio": 0.03,//每秒低温的扣血百分比
						"amount":150,
						"enableInvincible": true,//无敌可以抵挡这个扣血行为
						"enableLockHP": true,//锁血可以抵挡这个扣血行为							
						"lethal": true,//低温扣血的致死性
						"disableWhenLoading":true,
						"predicates": 
						[
							{
								"$type": "ByGameTimeIsLocked",
								"isLocked": false,
							},
							{
								"$type": "ByTargetGlobalValue",
								"key": "_MONSTER_LASIGNORA_CLIMATE_QUESTADJUST",
								"value": 0,
								"compareType": "NoneOrEqual",
							},
						],
					},
					//剧情数值难度降低
					{
						"$type": "LoseHP",
						"target": "CurLocalAvatar",
						"amountByTargetMaxHPRatio": 0.01,//每秒低温的扣血百分比
						"amount":150,
						"enableInvincible": true,//无敌可以抵挡这个扣血行为
						"enableLockHP": true,//锁血可以抵挡这个扣血行为							
						"lethal": true,//低温扣血的致死性
						"disableWhenLoading":true,
						"predicates": 
						[
							{
								"$type": "ByGameTimeIsLocked",
								"isLocked": false,
							},
							{
								"$type": "ByTargetGlobalValue",
								"key": "_MONSTER_LASIGNORA_CLIMATE_QUESTADJUST",
								"value": 1,
								"compareType": "Equal",
							},
						],
					},
				],
			},
			"UNIQUE_ClimateAbility_ColdMonster_Lv1_Accelerator_IceAndWater"://冰水附着会改变低温增速
			{
				"isUnique": true,
				"modifierMixins":
				[
					{
						"$type": "ResistClimateMixin",
						"type":"Current",
						"climateTypes": ["ColdMonster"],
						"source": "Climate",
						"trend": "Rise",
						"ratio": 0.2,
					},
				],
			},
			"UNIQUE_ClimateAbility_ColdMonster_Lv1_Accelerator_FireAndBurning"://火附着会改变低温增速
			{
				"isUnique": true,
				"modifierMixins":
				[
					{
						"$type": "ResistClimateMixin",
						"type":"Current",
						"climateTypes": ["ColdMonster"],
						"source": "Climate",
						"trend": "Rise",
						"ratio": -0.2,
					},
				],
			},
			"ClimateAbility_Avatar_Perform_Handler"://角色在寒冷区域哈气表现，不再有动作表现，只播特效的话就实现的轻量级一些。
			{
				"modifierMixins":
				[
					{
						"$type": "AttachToStateIDMixin",
						"stateIDs": ["NormalStandby",],
						"modifierName": "NormalStandby_Avatar_Perform_Cold_Breath",
					},
					{
						"$type": "AttachToStateIDMixin",
						"stateIDs": ["Climb","Sprint","Fly"],
						"modifierName": "Move_Avatar_Perform_Cold_Breath",
					},
					{
						"$type":"AttachToNormalizedTimeMixin",//不想在state频繁切换时表现鬼畜，每个拎出来写
						"stateID":"Walk",
						"modifierName":"Walk_Avatar_Perform_Cold_Breath",
						"normalizeStart":0.0,
						"normalizeEnd":1.0,
					},
					{
						"$type":"AttachToNormalizedTimeMixin",
						"stateID":"Run",
						"modifierName":"Run_Avatar_Perform_Cold_Breath",
						"normalizeStart":0.0,
						"normalizeEnd":1.0,
					},
				],														
			},
			"NormalStandby_Avatar_Perform_Cold_Breath":
			{
				"thinkInterval":3,
				"onThinkInterval":
				[
					{
						"$type":"FireEffect",
						"effectPattern":"Eff_Character_Cold_Breath",						
					},
				],
			},
			"Move_Avatar_Perform_Cold_Breath"://特效完全跟隨角色移動時，粒子生命周期太長，看起來特效像是長在人臉上的，很奇怪。所以角色移動時用短粒子生命周期的特效
			{
				"thinkInterval":3,
				"onThinkInterval":
				[
					{
						"$type":"FireEffect",
						"effectPattern":"Eff_Character_Cold_Breath_Move",						
					},
				],
			},
			"Walk_Avatar_Perform_Cold_Breath":
			{
				"thinkInterval":3,
				"onThinkInterval":
				[
					{
						"$type":"FireEffect",
						"effectPattern":"Eff_Character_Cold_Breath_Move",						
					},
				],
			},
			"Run_Avatar_Perform_Cold_Breath":
			{
				"thinkInterval":2,//跑起來呼吸急促 （冲起來要深呼吸，所以還是3秒）
				"onThinkInterval":
				[
					{
						"$type":"FireEffect",
						"effectPattern":"Eff_Character_Cold_Breath_Move",						
					},
				],
			},
		},
	},
},
/////////////////////////////////////////////////////////
//
// HotMonster
//
/////////////////////////////////////////////////////////
{
	"Default": 
	{
		"$type": "ConfigAbility",
		"abilityName": "ClimateAbility_HotMonster",
		"modifiers":
		{
			//新开serverBuffID用于调节数值难度
			"SERVER_ClimateAbility_HotMonster_Area":
			{
				"stacking": "Multiple",
				"onAdded":
				[
					{
						"$type": "ApplyModifier",
						"modifierName": "UNIQUE_ClimateAbility_HotMonster_Avatar_ColdPoint_Search_Handler",
						"predicates":
						[
							{
								"$type":"ByIsLocalAvatar",
							},
						],
				    },
				],
				"thinkInterval": 1,
				"onThinkInterval":
				[
					{
						"$type": "ApplyModifier",
						"modifierName": "UNIQUE_ClimateAbility_HotMonster_Avatar_ColdPoint_Search_Handler",
						"predicates":
						[
							{
								"$type":"ByIsLocalAvatar",
							},
						],
				    },
				],
				"onAvatarIn":
				[ 
					{
						"$type": "ApplyModifier",
						"doOffStage": true,
						"modifierName": "UNIQUE_ClimateAbility_HotMonster_Avatar_ColdPoint_Search_Handler",
					},
				],
				"onAvatarOut":
				[
					{
						"$type": "RemoveUniqueModifier",
						"doOffStage": true,
						"modifierName": "UNIQUE_ClimateAbility_HotMonster_Avatar_ColdPoint_Search_Handler",
					},
				],
				"onRemoved":
				[
                    {
						"$type": "RemoveUniqueModifier",
						"doOffStage": true,
						"modifierName": "UNIQUE_ClimateAbility_HotMonster_Avatar_ColdPoint_Search_Handler",
					},
				],
			},
			//新开serverBuffID用于调节数值难度
			"UNIQUE_ClimateAbility_HotMonster_Avatar_ColdPoint_Search_Handler":
			{
				"isUnique": true,
				"thinkInterval": 0.5,
				"onThinkInterval":
				[
					{
						"$type":"Predicated",
						"otherTargets":
						{
							"$type": "SelectTargetsByShape",
							"shapeName": "CircleR3H5",
							"centerBasedOn": "Self",
							"campTargetType": "All",
							"campBasedOn": "Self",
						},
						"targetPredicates":
						[
							{
								"$type": "ByTargetGlobalValue",
								"key": "IS_COLDMONSTER_POINT",
								"value": 1,
								"compareType": "Equal",
							}
						],
						"successActions":
						[
							{
								"$type": "ApplyModifier",
								"target": "CurLocalAvatar",
								"modifierName": "UNIQUE_HotMonster_ColdBuff",
							},
						],
					},
				],
			},
			//新开serverBuffID用于调节数值难度
			"UNIQUE_HotMonster_ColdBuff":
			{
				"duration": 1.0,	
				"isUnique": true,
				"stacking": "Refresh",
				"onThinkIntervalIsFixedUpdate": true,
				"thinkInterval": 0.2,
				"onThinkInterval":
				[
					{
						"$type": "AddClimateMeter",
						"climateType": "HotMonster",
						"value": -4.0,
						"target": "Self",
					},
				],
			},
			//新开serverBuffID用于调节数值难度
			"SERVER_ClimateAbility_HotMonster_Lv1":
			{
				"stacking": "Multiple",
				"onAdded":
				[
					{
						"$type": "ApplyModifier",
						"modifierName": "ClimateAbility_HotMonster_Lv1_Handler",
						"predicates":
						[
							{
								"$type":"ByIsLocalAvatar",
							},
						],
				    },
				],
				"onAvatarIn":
				[
					{
						"$type":"ApplyModifier",
						"doOffStage":true,
						"modifierName": "ClimateAbility_HotMonster_Lv1_Handler",
					},
				],
				"onAvatarOut":
				[
					{
						"$type":"RemoveModifier",
						"doOffStage":true,
						"modifierName": "ClimateAbility_HotMonster_Lv1_Handler",
					},
				],
				"onRemoved":
				[
                    {
						"$type":"RemoveModifier",
						"doOffStage":true,
						"modifierName": "ClimateAbility_HotMonster_Lv1_Handler",
					},
				]
			},
			"ClimateAbility_HotMonster_Lv1_Handler":
			{
				"modifierMixins":
				[
					{
						"$type": "AttachToAbilityStateMixin",
						"abilityStates": ["ElementWet","ElementFrozen","ElementIce","ElementFreeze"],
						"modifierName": "UNIQUE_ClimateAbility_HotMonster_Lv1_Accelerator_IceAndWater",
					},
					{
						"$type": "AttachToAbilityStateMixin",
						"abilityStates": ["ElementFire","ElementBurning"],
						"modifierName": "UNIQUE_ClimateAbility_HotMonster_Lv1_Accelerator_FireAndBurning",
					},
				],
			},
			//新开serverBuffID用于调节数值难度
			"SERVER_ClimateAbility_HotMonster_Lv2":
			{
				"stacking": "Multiple",
				"thinkInterval": 1,
				"onThinkInterval":
				[
					{
						"$type": "LoseHP",
						"target": "CurLocalAvatar",
						"amountByTargetMaxHPRatio": 0.03,//每秒高温的扣血百分比
						"amount":150,
						"enableInvincible": true,//无敌可以抵挡这个扣血行为
						"enableLockHP": true,//锁血可以抵挡这个扣血行为							
						"lethal": true,//高温扣血的致死性
						"disableWhenLoading":true,
						"predicates": 
						[
							{
								"$type": "ByGameTimeIsLocked",
								"isLocked": false,
							},
							{
								"$type": "ByTargetGlobalValue",
								"key": "_MONSTER_LASIGNORA_HARBINGER_CLIMATE_QUESTADJUST",
								"value": 0,
								"compareType": "NoneOrEqual",
							},
						],
					},
					//剧情数值难度降低
					{
						"$type": "LoseHP",
						"target": "CurLocalAvatar",
						"amountByTargetMaxHPRatio": 0.01,//每秒高温的扣血百分比
						"amount":150,
						"enableInvincible": true,//无敌可以抵挡这个扣血行为
						"enableLockHP": true,//锁血可以抵挡这个扣血行为							
						"lethal": true,//高温扣血的致死性
						"disableWhenLoading":true,
						"predicates": 
						[
							{
								"$type": "ByGameTimeIsLocked",
								"isLocked": false,
							},
							{
								"$type": "ByTargetGlobalValue",
								"key": "_MONSTER_LASIGNORA_HARBINGER_CLIMATE_QUESTADJUST",
								"value": 1,
								"compareType": "Equal",
							},
						],
					},
				],
			},
			"UNIQUE_ClimateAbility_HotMonster_Lv1_Accelerator_IceAndWater"://冰水附着会改变高温增速
			{
				"isUnique": true,
				"modifierMixins":
				[
					{
						"$type": "ResistClimateMixin",
						"type":"Current",
						"climateTypes": ["HotMonster"],
						"source": "Climate",
						"trend": "Rise",
						"ratio": -0.2,
					},
				],
			},
			"UNIQUE_ClimateAbility_HotMonster_Lv1_Accelerator_FireAndBurning"://火附着会改变高温增速
			{
				"isUnique": true,
				"modifierMixins":
				[
					{
						"$type": "ResistClimateMixin",
						"type":"Current",
						"climateTypes": ["HotMonster"],
						"source": "Climate",
						"trend": "Rise",
						"ratio": 0.2,
					},
				],
			},
		},
	},
},
]