[
	{
		"Default":
		{
			"$type": "ConfigAbility",
			"abilityName": "LevelAbility_Combat_Watcher",
			"modifiers":
			{
				"watcher_test_modifier":
				{
					"modifierMixins":
					[
						// {
						// 	"$type":"WatcherSystemMixin",
						// 	"mixinType":"ElementReaction",
						// 	"watcherId":1001,
						// 	"predicates":
						// 	[
						// 		{
						// 			"$type":"ByHasAbilityState",
						// 			"abilityState":"ElementFire",
						// 			"target":"Target",
						// 		},
						// 		{
						// 			"$type":"ByElementTriggerEntityType",
						// 			"forcebyOriginOwner":true,
      //             					"entityTypes": [ "Avatar" ],
						// 		},
						// 	],
						// },
					],
				},
				//角色自身 或 目标进入潮湿状态
				"Watcher_EleReaction_Wet":
				{
					"modifierMixins":
					[
						{
							"$type":"WatcherSystemMixin",
							"mixinType":"ElementReaction",
							"watcherId":1002,
							"predicates":
							[
								{
									"$type":"ByHasAbilityState",
									"abilityState":"ElementWet",
									"target":"Target",
								},
								{
									"$type":"ByEntityTypes",
                  					"entityTypes": [ "Avatar" ],
								},
							],
						},
						{
							"$type":"WatcherSystemMixin",
							"mixinType":"ElementReaction",
							"watcherId":1002,
							"predicates":
							[
								{
									"$type":"ByHasAbilityState",
									"abilityState":"ElementWet",
									"target":"Target",
								},
								{
									"$type":"ByEntityTypes",
                  					"entityTypes": [ "Monster" ],
								},
								{
									"$type":"ByElementTriggerEntityType",
									"forcebyOriginOwner":true,
                  					"entityTypes": [ "Avatar" ],
								},
							],
						},
					],
				},
				//角色自身 或 目标进入减速（ice）状态
				"Watcher_EleReaction_Ice":
				{
					"modifierMixins":
					[
						{
							"$type":"WatcherSystemMixin",
							"mixinType":"ElementReaction",
							"watcherId":1003,
							"predicates":
							[
								{
									"$type":"ByHasAbilityState",
									"abilityState":"ElementIce",
									"target":"Target",
								},
								{
									"$type":"ByEntityTypes",
                  					"entityTypes": [ "Avatar" ],
								},
							],
						},
						{
							"$type":"WatcherSystemMixin",
							"mixinType":"ElementReaction",
							"watcherId":1003,
							"predicates":
							[
								{
									"$type":"ByHasAbilityState",
									"abilityState":"ElementIce",
									"target":"Target",
								},
								{
									"$type":"ByEntityTypes",
                  					"entityTypes": [ "Monster" ],
								},
								{
									"$type":"ByElementTriggerEntityType",
									"forcebyOriginOwner":true,
                  					"entityTypes": [ "Avatar" ],
								},
							],
						},
					],
				},
				//角色自身进入火附着状态
				"Watcher_EleReaction_Fire":
				{
					"modifierMixins":
					[
						{
							"$type":"WatcherSystemMixin",
							"mixinType":"ElementReaction",
							"watcherId":1004,
							"predicates":
							[
								{
									"$type":"ByHasAbilityState",
									"abilityState":"ElementFire",
									"target":"Target",
								},
								{
									"$type":"ByEntityTypes",
                  					"entityTypes": [ "Avatar" ],
								},
							],
						},
						{
							"$type":"WatcherSystemMixin",
							"mixinType":"ElementReaction",
							"watcherId":1004,
							"predicates":
							[
								{
									"$type":"ByHasAbilityState",
									"abilityState":"ElementFire",
									"target":"Target",
								},
								{
									"$type":"ByEntityTypes",
                  					"entityTypes": [ "Monster" ],
								},
								{
									"$type":"ByElementTriggerEntityType",
									"forcebyOriginOwner":true,
                  					"entityTypes": [ "Avatar" ],
								},
							],
						},
					],
				},
				//角色自身 或 目标进入晶化状态
				"Watcher_EleReaction_StickRock":
				{
					"modifierMixins":
					[
						// {
						// 	"$type":"WatcherSystemMixin",
						// 	"mixinType":"ElementReaction",
						// 	"watcherId":1005,
						// 	"predicates":
						// 	[
						// 		{
						// 			"$type":"ByHasAbilityState",
						// 			"abilityState":"ElementRock",
						// 			"target":"Target",
						// 		},
						// 		{
						// 			"$type":"ByEntityTypes",
      //             					"entityTypes": [ "Avatar" ],
						// 		},
						// 	],
						// },
						// {
						// 	"$type":"WatcherSystemMixin",
						// 	"mixinType":"ElementReaction",
						// 	"watcherId":1005,
						// 	"predicates":
						// 	[
						// 		{
						// 			"$type":"ByHasAbilityState",
						// 			"abilityState":"ElementRock",
						// 			"target":"Target",
						// 		},
						// 		{
						// 			"$type":"ByEntityTypes",
      //             					"entityTypes": [ "Monster" ],
						// 		},
						// 		{
						// 			"$type":"ByElementTriggerEntityType",
						// 			"forcebyOriginOwner":true,
      //             					"entityTypes": [ "Avatar" ],
						// 		},
						// 	],
						// },
					],
				},
				//角色自身 或 目标进入冻结状态
				"Watcher_EleReaction_Frozen":
				{
					"modifierMixins":
					[
						{
							"$type":"WatcherSystemMixin",
							"mixinType":"ElementReaction",
							"watcherId":1006,
							"predicates":
							[
								{
									"$type":"ByElementReactionType",
									"reactionType":"Freeze",
								},
								{
									"$type":"ByEntityTypes",
                  					"entityTypes": [ "Avatar" ],
								},
							],
						},
						{
							"$type":"WatcherSystemMixin",
							"mixinType":"ElementReaction",
							"watcherId":1006,
							"predicates":
							[
								{
									"$type":"ByElementReactionType",
									"reactionType":"Freeze",
								},
								{
									"$type":"ByEntityTypes",
                  					"entityTypes": [ "Monster" ],
								},
								{
									"$type":"ByElementTriggerEntityType",
									"forcebyOriginOwner":true,
                  					"entityTypes": [ "Avatar" ],
								},
							],
						},
					],
				},
				//角色冻结冰面
				"Watcher_EleReaction_FreezeWater":
				{
					// "modifierMixins":
					// [
					// 	{
					// 		"$type":"WatcherSystemMixin",
					// 		"mixinType":"ElementReactionByWater",
					// 		"watcherId":1007,
					// 		"predicates":
					// 		[
					// 			{
					// 				"$type":"ByElementTriggerEntityType",
					// 				"forcebyOriginOwner":true,
     //              					"entityTypes": [ "Avatar" ],
					// 			},
					// 			{
					// 				"$type":"ByElementReactionType",
					// 				"reactionType":"Freeze",
					// 			},
					// 			{
					// 				"$type":"ByEntityTypes",
     //              					"entityTypes": [ "Water" ],
					// 			},
					// 		],
					// 	},
					// ],
				},
				//角色自身蒸发（非攻击）
				"Watcher_EleReaction_Stream_ByModifierAdd":
				{
					"modifierMixins":
					[
						{
							"$type":"WatcherSystemMixin",
							"mixinType":"ElementReaction",
							"watcherId":1008,
							"predicates":
							[
								{
									"$type":"ByElementReactionType",
									"reactionType":"Stream",
								},
								{
									"$type":"ByEntityTypes",
                  					"entityTypes": [ "Avatar" ],
								},
								{
									"$type":"ByElementReactionSourceType",
									"sourceType":"ModifierAdd",
								},
							],
						},
					],
				},
				//角色自身 或 目标被伤害蒸发
				"Watcher_EleReaction_Stream_ByHit":
				{
					"modifierMixins":
					[
						{
							"$type":"WatcherSystemMixin",
							"mixinType":"ElementReaction",
							"watcherId":1009,
							"predicates":
							[
								{
									"$type":"ByElementReactionType",
									"reactionType":"Stream",
								},
								{
									"$type":"ByElementReactionSourceType",
									"sourceType":"BeingHit",
								},
								{
									"$type":"ByEntityTypes",
                  					"entityTypes": [ "Avatar" ],
								},
							],
						},
						{
							"$type":"WatcherSystemMixin",
							"mixinType":"ElementReaction",
							"watcherId":1009,
							"predicates":
							[
								{
									"$type":"ByElementReactionType",
									"reactionType":"Stream",
								},
								{
									"$type":"ByElementReactionSourceType",
									"sourceType":"BeingHit",
								},
								{
									"$type":"ByEntityTypes",
                  					"entityTypes": [ "Monster" ],
								},
								{
									"$type":"ByElementTriggerEntityType",
									"forcebyOriginOwner":true,
                  					"entityTypes": [ "Avatar" ],
								},
							],
						},
					],
				},
				//角色自身 或 目标 感电
				"Watcher_EleReaction_Shock":
				{
					"modifierMixins":
					[
						{
							"$type":"WatcherSystemMixin",
							"mixinType":"ElementReaction",
							"watcherId":1010,
							"predicates":
							[
								{
									"$type":"ByElementReactionType",
									"reactionType":"Shock",
								},
								{
									"$type":"ByEntityTypes",
                  					"entityTypes": [ "Avatar" ],
								},
							],
						},
						{
							"$type":"WatcherSystemMixin",
							"mixinType":"ElementReaction",
							"watcherId":1010,
							"predicates":
							[
								{
									"$type":"ByElementReactionType",
									"reactionType":"Shock",
								},
								{
									"$type":"ByEntityTypes",
                  					"entityTypes": [ "Monster" ],
								},
								{
									"$type":"ByElementTriggerEntityType",
									"forcebyOriginOwner":true,
                  					"entityTypes": [ "Avatar" ],
								},
							],
						},
					],
				},
				//角色使目标感电并传导
				"Watcher_EleReaction_ConductShock":
				{
					"modifierMixins":
					[
						{
							"$type":"WatcherSystemMixin",
							"mixinType":"ListenAbilityAction",
							"watcherId":1011,
						},
					],
				},
				//角色使水体感电
				"Watcher_EleReaction_Electrified_Water":
				{
					"modifierMixins":
					[
						{
							"$type":"WatcherSystemMixin",
							"mixinType":"ElementReactionByWater",
							"watcherId":1012,
							"predicates":
							[
								{
									"$type":"ByElementTriggerEntityType",
									"forcebyOriginOwner":true,
                  					"entityTypes": [ "Avatar" ],
								},
								{
									"$type":"ByElementReactionType",
									"reactionType":"Shock",
								},
								{
									"$type":"ByEntityTypes",
                  					"entityTypes": [ "Water" ],
								},
							],
						},
					],
				},
				//角色自身 或 目标 超载
				"Watcher_EleReaction_Explode":
				{
					"modifierMixins":
					[
						{
							"$type":"WatcherSystemMixin",
							"mixinType":"ElementReaction",
							"watcherId":1013,
							"predicates":
							[
								{
									"$type":"ByElementReactionType",
									"reactionType":"Explode",
								},
								{
									"$type":"ByEntityTypes",
                  					"entityTypes": [ "Avatar" ],
								},
							],
						},
						{
							"$type":"WatcherSystemMixin",
							"mixinType":"ElementReaction",
							"watcherId":1013,
							"predicates":
							[
								{
									"$type":"ByElementReactionType",
									"reactionType":"Explode",
								},
								{
									"$type":"ByEntityTypes",
                  					"entityTypes": [ "Monster" ],
								},
								{
									"$type":"ByElementTriggerEntityType",
									"forcebyOriginOwner":true,
                  					"entityTypes": [ "Avatar" ],
								},
							],
						},
					],
				},
				//角色自身 或 目标 超导
				"Watcher_EleReaction_Superconductor":
				{
					"modifierMixins":
					[
						{
							"$type":"WatcherSystemMixin",
							"mixinType":"ElementReaction",
							"watcherId":1014,
							"predicates":
							[
								{
									"$type":"ByElementReactionType",
									"reactionType":"Superconductor",
								},
								{
									"$type":"ByEntityTypes",
                  					"entityTypes": [ "Avatar" ],
								},
							],
						},
						{
							"$type":"WatcherSystemMixin",
							"mixinType":"ElementReaction",
							"watcherId":1014,
							"predicates":
							[
								{
									"$type":"ByElementReactionType",
									"reactionType":"Superconductor",
								},
								{
									"$type":"ByEntityTypes",
                  					"entityTypes": [ "Monster" ],
								},
								{
									"$type":"ByElementTriggerEntityType",
									"forcebyOriginOwner":true,
                  					"entityTypes": [ "Avatar" ],
								},
							],
						},
					],
				},
				//目标 燃烧
				"Watcher_EleReaction_Burning":
				{
					"modifierMixins":
					[
						{
							"$type":"WatcherSystemMixin",
							"mixinType":"ElementReaction",
							"watcherId":1015,
							"predicates":
							[
								{
									"$type":"ByElementReactionType",
									"reactionType":"Burning",
								},
								{
									"$type":"ByEntityTypes",
                  					"entityTypes": [ "Monster","MonsterEquip" ],
								},
								{
									"$type":"ByElementTriggerEntityType",
									"forcebyOriginOwner":true,
                  					"entityTypes": [ "Avatar" ],
								},
							],
						},
					],
				},
				//目标 扩散
				"Watcher_EleReaction_Swirl":
				{
					"modifierMixins":
					[
						{
							"$type":"WatcherSystemMixin",
							"mixinType":"ElementReaction",
							"watcherId":1016,
							"predicates":
							[
								{
									"$type":"ByElementReactionType",
									"reactionType":"SwirlFire",
								},
								{
									"$type":"ByElementTriggerEntityType",
									"forcebyOriginOwner":true,
                  					"entityTypes": [ "Avatar" ],
								},
							],
						},
						{
							"$type":"WatcherSystemMixin",
							"mixinType":"ElementReaction",
							"watcherId":1016,
							"predicates":
							[
								{
									"$type":"ByElementReactionType",
									"reactionType":"SwirlWater",
								},
								{
									"$type":"ByElementTriggerEntityType",
									"forcebyOriginOwner":true,
                  					"entityTypes": [ "Avatar" ],
								},
							],
						},
						{
							"$type":"WatcherSystemMixin",
							"mixinType":"ElementReaction",
							"watcherId":1016,
							"predicates":
							[
								{
									"$type":"ByElementReactionType",
									"reactionType":"SwirlElectric",
								},
								{
									"$type":"ByElementTriggerEntityType",
									"forcebyOriginOwner":true,
                  					"entityTypes": [ "Avatar" ],
								},
							],
						},
						{
							"$type":"WatcherSystemMixin",
							"mixinType":"ElementReaction",
							"watcherId":1016,
							"predicates":
							[
								{
									"$type":"ByElementReactionType",
									"reactionType":"SwirlIce",
								},
								{
									"$type":"ByElementTriggerEntityType",
									"forcebyOriginOwner":true,
                  					"entityTypes": [ "Avatar" ],
								},
							],
						},
					],
				},
				//角色使用充能技
				"Watcher_Avatar_Use_ElementalBurst":
				{
					"modifierMixins":
					[
						{
							"$type":"WatcherSystemMixin",
							"mixinType":"DoSkillSuccElementalBurst",
							"watcherId":1018,
						},
					],
				},
				//角色敲矿(白铁矿或水晶矿)
				"Watcher_Avatar_Hit_Ore":
				{
					"modifierMixins":
					[
						{
							"$type":"WatcherSystemMixin",
							"mixinType":"AttackLanded",
							"listenEntityType":"LocalAvatar",
							"watcherId":1020,
							"predicates":
							[
								{
									"$type":"ByEntityTypes",
									"target":"Target",
									"entityTypes":["GatherObject"],
								},
								{
									"$type":"ByTargetConfigID",
									"target":"Target",
									"configIdArray":[70520002,70520003],
								},
							],
						},
					],
				},
				//角色获得护盾时的提示
				"Watcher_Avatar_AddShield":
				{
					"modifierMixins":
					[
						{
							"$type":"WatcherSystemMixin",
							"mixinType":"ElementShieldAdd",
							"watcherId":1021,
						},
						{
							"$type":"WatcherSystemMixin",
							"mixinType":"GlobalSubShieldAdd",
							"watcherId":1021,
						},
					],
				},
				//角色爆头
				"Watcher_Avatar_HitHead":
				{
					"modifierMixins":
					[
						{
							"$type":"WatcherSystemMixin",
							"mixinType":"AttackLanded",
							"listenEntityType":"LocalAvatar",
							"watcherId":1022,
							"predicates":
							[
								{
									"$type":"ByEntityTypes",
									"target":"Target",
									"entityTypes":["Monster"],
								},
								// {
								// 	"$type":"ByHitBoxName",
								// 	"hitBoxNames":["HeadBox"],
								// },
								{
									"$type":"ByHitBoxType",
									"hitBoxType":"Head",
								},
								{
									"$type":"ByAttackTags",
									"attackTags":["ExtraAttack"],
								},
							],
						},
					],
				},
				//弱点击破（遗迹守卫或遗迹猎者）
				"Watcher_Avatar_Weakness":
				{
					"modifierMixins":
					[
						{
							"$type":"WatcherSystemMixin",
							"mixinType":"AttackLanded",
							"listenEntityType":"LocalAvatar",
							"watcherId":1023,
							"predicates":
							[
								{
									"$type":"ByEntityTypes",
									"target":"Target",
									"entityTypes":["Monster"],
								},
								{
									"$type":"ByTargetConfigID",
									"target":"Target",
									"configIdArray":[24010101,24010201],
								},
								// {
								// 	"$type":"ByHitBoxName",
								// 	"hitBoxNames":["HeadBox","BackBox"],
								// },
								{
									"$type":"ByHitBoxType",
									"hitBoxType":"Head",
								},
								{
									"$type":"ByAttackTags",
									"attackTags":["ExtraAttack"],
								},
							],
						},
					],
				},
				//角色使用小技能
				"Watcher_Avatar_Use_ElementalArt":
				{
					"modifierMixins":
					[
						{
							"$type":"WatcherSystemMixin",
							"mixinType":"DoSkillSuccElementalArt",
							"watcherId":1025,
						},
					],
				},
				//当前角色生命值低于30%
				"Watcher_Avatar_HP_Change":
				{
					"modifierMixins":
					[
						{
							"$type":"WatcherSystemMixin",
							"mixinType":"LocalAvatarHPChange",
							"watcherId":1027,
							"predicates":
							[
								{
									"$type": "ByTargetHPRatio",
									"HPRatio": 0.3,
									"logic": "Lesser"
								},
							],
						},
					],
				},
				//角色自身融化（非攻击）
				"Watcher_EleReaction_Melt_ByModifierAdd":
				{
					"modifierMixins":
					[
						{
							"$type":"WatcherSystemMixin",
							"mixinType":"ElementReaction",
							"watcherId":1028,
							"predicates":
							[
								{
									"$type":"ByElementReactionType",
									"reactionType":"Melt",
								},
								{
									"$type":"ByEntityTypes",
                  					"entityTypes": [ "Avatar" ],
								},
								{
									"$type":"ByElementReactionSourceType",
									"sourceType":"ModifierAdd",
								},
							],
						},
					],
				},
				//角色自身 或 目标被伤害融化
				"Watcher_EleReaction_Melt_ByHit":
				{
					"modifierMixins":
					[
						{
							"$type":"WatcherSystemMixin",
							"mixinType":"ElementReaction",
							"watcherId":1029,
							"predicates":
							[
								{
									"$type":"ByElementReactionType",
									"reactionType":"Melt",
								},
								{
									"$type":"ByElementReactionSourceType",
									"sourceType":"BeingHit",
								},
								{
									"$type":"ByEntityTypes",
                  					"entityTypes": [ "Avatar" ],
								},
							],
						},
						{
							"$type":"WatcherSystemMixin",
							"mixinType":"ElementReaction",
							"watcherId":1029,
							"predicates":
							[
								{
									"$type":"ByElementReactionType",
									"reactionType":"Melt",
								},
								{
									"$type":"ByElementReactionSourceType",
									"sourceType":"BeingHit",
								},
								{
									"$type":"ByEntityTypes",
                  					"entityTypes": [ "Monster" ],
								},
								{
									"$type":"ByElementTriggerEntityType",
									"forcebyOriginOwner":true,
                  					"entityTypes": [ "Avatar" ],
								},
							],
						},
					],
				},
				//角色获得风种子：1
				"Watcher_GetFirstWindBullet":
				{
					"modifierMixins":
					[
						// {
						// 	"$type":"WatcherSystemMixin",
						// 	"mixinType":"GetFirstWindBullet",
						// 	"watcherId":1030,
						// },
						{
							"$type":"WatcherSystemMixin",
							"mixinType":"ListenAbilityAction",
							"watcherId":1030,
						},
					],
				},
				//角色获得风种子：2
				"Watcher_GetSecondWindBullet":
				{
					"modifierMixins":
					[
						{
							"$type":"WatcherSystemMixin",
							"mixinType":"ListenAbilityAction",
							"watcherId":1031,
						},
					],
				},
				//角色获得风种子：2
				"Watcher_SpawnWindFieldByWindBullet":
				{
					"modifierMixins":
					[
						{
							"$type":"WatcherSystemMixin",
							"mixinType":"ListenAbilityAction",
							"watcherId":1032,
						},
					],
				},
				//目标 结晶
				"Watcher_EleReaction_Crystallize":
				{
					"modifierMixins":
					[
						{
							"$type":"WatcherSystemMixin",
							"mixinType":"ElementReaction",
							"watcherId":1034,
							"predicates":
							[
								{
									"$type":"ByElementReactionType",
									"reactionType":"CrystallizeFire",
								},
								{
									"$type":"ByEntityTypes",
                  					"entityTypes": [ "Monster","MonsterEquip","Gadget" ],
								},
								{
									"$type":"ByElementTriggerEntityType",
									"forcebyOriginOwner":true,
                  					"entityTypes": [ "Avatar" ],
								},
							],
						},
						{
							"$type":"WatcherSystemMixin",
							"mixinType":"ElementReaction",
							"watcherId":1034,
							"predicates":
							[
								{
									"$type":"ByElementReactionType",
									"reactionType":"CrystallizeWater",
								},
								{
									"$type":"ByEntityTypes",
                  					"entityTypes": [ "Monster","MonsterEquip","Gadget" ],
								},
								{
									"$type":"ByElementTriggerEntityType",
									"forcebyOriginOwner":true,
                  					"entityTypes": [ "Avatar" ],
								},
							],
						},
						{
							"$type":"WatcherSystemMixin",
							"mixinType":"ElementReaction",
							"watcherId":1034,
							"predicates":
							[
								{
									"$type":"ByElementReactionType",
									"reactionType":"CrystallizeElectric",
								},
								{
									"$type":"ByEntityTypes",
                  					"entityTypes": [ "Monster","MonsterEquip","Gadget" ],
								},
								{
									"$type":"ByElementTriggerEntityType",
									"forcebyOriginOwner":true,
                  					"entityTypes": [ "Avatar" ],
								},
							],
						},
						{
							"$type":"WatcherSystemMixin",
							"mixinType":"ElementReaction",
							"watcherId":1034,
							"predicates":
							[
								{
									"$type":"ByElementReactionType",
									"reactionType":"CrystallizeIce",
								},
								{
									"$type":"ByEntityTypes",
                  					"entityTypes": [ "Monster","MonsterEquip","Gadget" ],
								},
								{
									"$type":"ByElementTriggerEntityType",
									"forcebyOriginOwner":true,
                  					"entityTypes": [ "Avatar" ],
								},
							],
						},
					],
				},
				//下落攻击教学
				"Watcher_Avatar_FallingAnthem":
				{
					"modifierMixins":
					[
						{
							"$type":"WatcherSystemMixin",
							"mixinType":"AvatarStateIdChange",
							"listenStateId":"FallingAnthem_BS",
							"watcherId":1035,
						},
					],
				},

				//特殊冰块受击时的pushtips
				"Watcher_SnowMountain_1102":
				{
					"modifierMixins":
					[
						{
							"$type":"WatcherSystemMixin",
							"mixinType":"ListenAbilityAction",
							"watcherId":1102,
						},
					],
				},
				//首次进入冰风暴
				"Watcher_SnowMountain_1103":
				{
					"modifierMixins":
					[
						{
							"$type":"WatcherSystemMixin",
							"mixinType":"ListenAbilityAction",
							"watcherId":1103,
						},
					],
				},
				//龙血BUFF攻击计数
				"Watcher_SnowMountain_3010116":
				{
					"modifierMixins":
					[
						{
							"$type":"WatcherSystemMixin",
							"mixinType":"ListenAbilityAction",
							"watcherId":3010116,
						},
					],
				},
				//武器附魔教學
				"Watcher_WeaponElementOverride":
				{
					"modifierMixins":
					[
						{
							"$type":"WatcherSystemMixin",
							"mixinType":"AvatarWeaponElementOverride",
							"watcherId":1036,
						},
					],
				},
///////////////////////////////////////////////稻妻大世界物件相关教学配置///////////////////

				//廢棄配置
				"Watcher_Inazuma_Gadget_1110":
				{
					// "modifierMixins":
					// [
					// 	{
					// 		"$type":"WatcherSystemMixin",
					// 		"mixinType":"ListenAbilityAction",
					// 		"watcherId":1110,
					// 	},
					// ],
				},
				//能量放大装置 或 能量反射装置交互
				"Watcher_Inazuma_Gadget_1111":
				{
					"modifierMixins":
					[
						{
							"$type":"WatcherSystemMixin",
							"mixinType":"ListenAbilityAction",
							"watcherId":1111,
						},
					],
				},
				//磁力旋转机关
				"Watcher_Inazuma_Gadget_1115":
				{
					"modifierMixins":
					[
						{
							"$type":"WatcherSystemMixin",
							"mixinType":"ListenAbilityAction",
							"watcherId":1115,
						},
					],
				},
				//获得焦灼树木庇护时的提示
				"Watcher_Inazuma_Gadget_1117":
				{
					"modifierMixins":
					[
						{
							"$type":"WatcherSystemMixin",
							"mixinType":"ListenAbilityAction",
							"watcherId":1117,
						},
					],
				},
				//雷炮能量充满时的提示
				"Watcher_Inazuma_Gadget_1119":
				{
					"modifierMixins":
					[
						{
							"$type":"WatcherSystemMixin",
							"mixinType":"ListenAbilityAction",
							"watcherId":1119,
						},
					],
				},
				//飞雷核使用提示
				"Watcher_Inazuma_Gadget_1108":
				{
					"modifierMixins":
					[
						{
							"$type":"WatcherSystemMixin",
							"mixinType":"ListenAbilityAction",
							"watcherId":1108,
						},
					],
				},
				//电桩使用提示
				"Watcher_Inazuma_Gadget_1116":
				{
					"modifierMixins":
					[
						{
							"$type":"WatcherSystemMixin",
							"mixinType":"ListenAbilityAction",
							"watcherId":1116,
						},
					],
				},

///////////////////////////////////////////////渊下宫大世界物件相关教学配置///////////////////

				//精华受拜处（封能台座）
				"Watcher_AbyssalPalace_Gadget_1130":
				{
					"modifierMixins":
					[
						{
							"$type":"WatcherSystemMixin",
							"mixinType":"ListenAbilityAction",
							"watcherId":1130,
						},
					],
				},
				//三角的机关（震动机关）
				"Watcher_AbyssalPalace_Gadget_1131":
				{
					"modifierMixins":
					[
						{
							"$type":"WatcherSystemMixin",
							"mixinType":"ListenAbilityAction",
							"watcherId":1131,
						},
					],
				},
				//日夜之台（昼夜操作台）
				"Watcher_AbyssalPalace_Gadget_1132":
				{
					"modifierMixins":
					[
						{
							"$type":"WatcherSystemMixin",
							"mixinType":"ListenAbilityAction",
							"watcherId":1132,
						},
					],
				},
				//日夜回轮（昼夜转换机关）
				"Watcher_AbyssalPalace_Gadget_1133":
				{
					"modifierMixins":
					[
						{
							"$type":"WatcherSystemMixin",
							"mixinType":"ListenAbilityAction",
							"watcherId":1133,
						},
					],
				},
				//冥鱼（冥鱼）
				"Watcher_AbyssalPalace_Gadget_1134":
				{
					"modifierMixins":
					[
						{
							"$type":"WatcherSystemMixin",
							"mixinType":"ListenAbilityAction",
							"watcherId":1134,
						},
					],
				},
///////////////////////////////////////////////层岩大世界物件相关教学配置///////////////////
				//黑泥
				"Watcher_AbyssalPalace_Gadget_1137":
				{
					"modifierMixins":
					[
						{
							"$type":"WatcherSystemMixin",
							"mixinType":"ListenAbilityAction",
							"watcherId":1137,
						},
					],
				},
				//岩髓
				"Watcher_AbyssalPalace_Gadget_1139":
				{
					"modifierMixins":
					[
						{
							"$type":"WatcherSystemMixin",
							"mixinType":"ListenAbilityAction",
							"watcherId":1139,
						},
					],
				},
				//岩屏障
				"Watcher_AbyssalPalace_Gadget_1140":
				{
					"modifierMixins":
					[
						{
							"$type":"WatcherSystemMixin",
							"mixinType":"ListenAbilityAction",
							"watcherId":1140,
						},
					],
				},
				//淤泥涌口
				"Watcher_AbyssalPalace_Gadget_1141":
				{
					"modifierMixins":
					[
						{
							"$type":"WatcherSystemMixin",
							"mixinType":"ListenAbilityAction",
							"watcherId":1141,
						},
					],
				},
//////////////////////////////////3.0 新增反应教学相关watcher ////////////////////////
				//角色自身 或 目标 激化
				"Watcher_EleReaction_Overdose":
				{
					"modifierMixins":
					[
						{
							"$type":"WatcherSystemMixin",
							"mixinType":"ElementReaction",
							"watcherId":1037,
							"predicates":
							[
								{
									"$type":"ByElementReactionType",
									"reactionType":"Overdose",
								},
								{
									"$type":"ByEntityTypes",
                  					"entityTypes": [ "Avatar" ],
								},
							],
						},
						{
							"$type":"WatcherSystemMixin",
							"mixinType":"ElementReaction",
							"watcherId":1037,
							"predicates":
							[
								{
									"$type":"ByElementReactionType",
									"reactionType":"Overdose",
								},
								{
									"$type":"ByEntityTypes",
                  					"entityTypes": [ "Monster" ],
								},
								{
									"$type":"ByElementTriggerEntityType",
									"forcebyOriginOwner":true,
                  					"entityTypes": [ "Avatar" ],
								},
							],
						},
					],
				},
				//角色自身 或 目标 绽放
				"Watcher_EleReaction_Overgrow":
				{
					"modifierMixins":
					[
						{
							"$type":"WatcherSystemMixin",
							"mixinType":"ElementReaction",
							"watcherId":1038,
							"predicates":
							[
								{
									"$type":"ByElementReactionType",
									"reactionType":"Overgrow",
								},
								{
									"$type":"ByEntityTypes",
                  					"entityTypes": [ "Avatar" ],
								},
							],
						},
						{
							"$type":"WatcherSystemMixin",
							"mixinType":"ElementReaction",
							"watcherId":1038,
							"predicates":
							[
								{
									"$type":"ByElementReactionType",
									"reactionType":"Overgrow",
								},
								{
									"$type":"ByEntityTypes",
                  					"entityTypes": [ "Monster" ],
								},
								{
									"$type":"ByElementTriggerEntityType",
									"forcebyOriginOwner":true,
                  					"entityTypes": [ "Avatar" ],
								},
							],
						},
					],
				},
				"Watcher_Sumeru_Gadget_DendroSeed":
				{//与枝条交互获取草种子时
					"modifierMixins":
					[
						{
							"$type":"WatcherSystemMixin",
							"mixinType":"ListenAbilityAction",
							"watcherId":10009,
						},
					],
				},
				"Watcher_Sumeru_Gadget_Manara":
				{//判断玩家进入死域区域范围时触发
					"modifierMixins":
					[
						{
							"$type":"WatcherSystemMixin",
							"mixinType":"ListenAbilityAction",
							"watcherId":10010,
						},
					],
				},
				"Watcher_Sumeru_Gadget_ManaraDanger":
				{//判断玩家受到死域重击效果时触发
					"modifierMixins":
					[
						{
							"$type":"WatcherSystemMixin",
							"mixinType":"ListenAbilityAction",
							"watcherId":10011,
						},
					],
				},
				"Watcher_Sumeru_Gadget_GrapplingHook":
				{//第一次出现勾爪按钮时弹教学
					"modifierMixins":
					[
						{
							"$type":"WatcherSystemMixin",
							"mixinType":"ListenAbilityAction",
							"watcherId":10014,
						},
					],
				},
				"Watcher_Sumeru_Gadget_Invisible":
				{//玩家身边触发智慧冲击波时显示
					"modifierMixins":
					[
						{
							"$type":"WatcherSystemMixin",
							"mixinType":"ListenAbilityAction",
							"watcherId":10017,
						},
					],
				},
				"Watcher_Sumeru_Gadget_TransparencyGenerator":
				{//玩家身边触发透明化发生器时显示
					"modifierMixins":
					[
						{
							"$type":"WatcherSystemMixin",
							"mixinType":"ListenAbilityAction",
							"watcherId":10032,
							"predicates":
							[
								{
									"$type": "ByHostOrGuest",
									"isHost": true,
								},
							],
						},
					],
				},
				"Watcher_Sumeru_Gadget_TransparencyWattle":
				{//玩家身边触发透明化枝条时显示
					"modifierMixins":
					[
						{
							"$type":"WatcherSystemMixin",
							"mixinType":"ListenAbilityAction",
							"watcherId":10033,
							"predicates":
							[
								{
									"$type": "ByHostOrGuest",
									"isHost": true,
								},
							],
						},
					],
				},
				"Watcher_Sumeru_Gadget_Engineer":
				{//玩家拾取元能建筑师时显示
					"modifierMixins":
					[
						{
							"$type":"WatcherSystemMixin",
							"mixinType":"ListenAbilityAction",
							"watcherId":10034,
							"target": "Target",
							"predicates":
							[
								{
		                            "$type": "ByEntityTypes",
		                            "target": "Target",
		                            "entityTypes": ["Avatar"],
		                            "isAuthority": 1,
		                        },
							],
						},
					],
				},
			},
		},
	},
///////////////////////////////////////////////////////////////////////
///
///     成就类watcher
///
///////////////////////////////////////////////////////////////////////
	{
		"Default":
		{
			"$type":"ConfigAbility",
			"abilityName":"LevelAbility_Combat_Achievement_Watcher_1",
			"modifiers":
			{
				//用弓箭射中在空中飞行的鹰。
				"Wtcher_Achievement_82001":
				{
					"modifierMixins":
					[
						{
							"$type":"WatcherSystemMixin",
							"mixinType":"ListenAbilityAction",
							"watcherId":82001,
						},
					],
				},
				//在远距离，通过瞄准射击击中敌人要害。
				"Wtcher_Achievement_82002":
				{
					"modifierMixins":
					[
						{
							"$type":"WatcherSystemMixin",
							"mixinType":"ListenAbilityAction",
							"watcherId":82002,
						},
					],
				},
				//在超远距离，通过瞄准射击击中敌人要害。
				"Wtcher_Achievement_82003":
				{
					"modifierMixins":
					[
						{
							"$type":"WatcherSystemMixin",
							"mixinType":"ListenAbilityAction",
							"watcherId":82003,
						},
					],
				},
				//粉碎一个大型岩史莱姆的岩晶护罩。
				"Wtcher_Achievement_82004":
				{
					"modifierMixins":
					[
						{
							"$type":"WatcherSystemMixin",
							"mixinType":"ListenAbilityAction",
							"watcherId":82004,
						},
					],
				},
				//粉碎一个雷莹术士的护罩。
				"Wtcher_Achievement_82005":
				{
					"modifierMixins":
					[
						{
							"$type":"WatcherSystemMixin",
							"mixinType":"ListenAbilityAction",
							"watcherId":82005,
						},
					],
				},
				//阻止深渊法师恢复护罩。
				"Wtcher_Achievement_82006":
				{
					"modifierMixins":
					[
						{
							"$type":"WatcherSystemMixin",
							"mixinType":"ListenAbilityAction",
							"watcherId":82006,
						},
					],
				},
				//烧掉一扇木盾。
				"Wtcher_Achievement_82007":
				{
					"modifierMixins":
					[
						{
							"$type":"WatcherSystemMixin",
							"mixinType":"ListenAbilityAction",
							"watcherId":82007,
						},
					],
				},
				//在无相之岩复苏前，击碎所有复苏岩柱。
				"Wtcher_Achievement_82008":
				{
					"modifierMixins":
					[
						{
							"$type":"WatcherSystemMixin",
							"mixinType":"ListenAbilityAction",
							"watcherId":82008,
						},
					],
				},
				//在无相之雷复苏前，摧毁所有复苏棱镜。
				"Wtcher_Achievement_82009":
				{
					"modifierMixins":
					[
						{
							"$type":"WatcherSystemMixin",
							"mixinType":"ListenAbilityAction",
							"watcherId":82009,
						},
					],
				},
				//在无相之风复苏前，吸收所有风之晶球。
				"Wtcher_Achievement_82010":
				{
					"modifierMixins":
					[
						{
							"$type":"WatcherSystemMixin",
							"mixinType":"ListenAbilityAction",
							"watcherId":82010,
						},
					],
				},
				//击败一个未能吸收晶球的无相之风。
				"Wtcher_Achievement_82011":
				{
					"modifierMixins":
					[
						{
							"$type":"WatcherSystemMixin",
							"mixinType":"ListenAbilityAction",
							"watcherId":82011,
						},
					],
				},
				//击败一个进行了四种元素转变的无相之风。
				"Wtcher_Achievement_82012":
				{
					"modifierMixins":
					[
						{
							"$type":"WatcherSystemMixin",
							"mixinType":"ListenAbilityAction",
							"watcherId":82012,
						},
					],
				},
				//通过攻击要害，瘫痪遗迹守卫。
				"Wtcher_Achievement_82013":
				{
					"modifierMixins":
					[
						{
							"$type":"WatcherSystemMixin",
							"mixinType":"ListenAbilityAction",
							"watcherId":82013,
						},
					],
				},
				//打落爆弹丘丘人手中的火史莱姆。
				"Wtcher_Achievement_82014":
				{
					"modifierMixins":
					[
						{
							"$type":"WatcherSystemMixin",
							"mixinType":"ListenAbilityAction",
							"watcherId":82014,
						},
					],
				},
				//通过碎冰伤害，打败一名敌人。
				"Wtcher_Achievement_82015":
				{
					"modifierMixins":
					[
						{
							"$type":"WatcherSystemMixin",
							"mixinType":"ListenAbilityAction",
							"watcherId":82015,
						},
					],
				},
				//通过连续结晶反应，获得超过1分钟的护盾。
				"Wtcher_Achievement_82016":
				{
					"modifierMixins":
					[
						{
							"$type":"WatcherSystemMixin",
							"mixinType":"ListenAbilityAction",
							"watcherId":82016,
						},
					],
				},
				//在魔化状态结束前，击败丘丘岩盔王。
				"Wtcher_Achievement_82017":
				{
					"modifierMixins":
					[
						{
							"$type":"WatcherSystemMixin",
							"mixinType":"ListenAbilityAction",
							"watcherId":82017,
						},
					],
				},
				//使用下落攻击，在坠落超过5秒后击败一名敌人。
				"Wtcher_Achievement_82018":
				{
					"modifierMixins":
					[
						{
							"$type":"WatcherSystemMixin",
							"mixinType":"ListenAbilityAction",
							"watcherId":82018,
						},
					],
				},

				//队伍中所有玩家都不被纯水精灵的小动物亡语攻击伤害到的情况下击败它
				"Watcher_Achievement_82054":
				{
					"modifierMixins":
					[
						{
							"$type":"WatcherSystemMixin",
							"mixinType":"ListenAbilityAction",
							"watcherId":82054,
						},
					],
				},
				//击破急冻树的头部弱点
				"Watcher_Achievement_82058":
				{
					"modifierMixins":
					[
						{
							"$type":"WatcherSystemMixin",
							"mixinType":"ListenAbilityAction",
							"watcherId":82058,
						},
					],
				},
				//击破急冻树的头部弱点
				"Watcher_Achievement_82059":
				{
					"modifierMixins":
					[
						{
							"$type":"WatcherSystemMixin",
							"mixinType":"ListenAbilityAction",
							"watcherId":82059,
						},
					],
				},
				//下落攻击超过5秒后击杀敌人
				"Watcher_Achievement_82060":
				{
					"modifierMixins":
					[
						{
							"$type":"WatcherSystemMixin",
							"mixinType":"ListenAbilityAction",
							"watcherId":82060,
						},
					],
				},
				//不击破头部弱点的情况下，击败急冻树
				"Watcher_Achievement_82063":
				{
					"modifierMixins":
					[
						{
							"$type":"WatcherSystemMixin",
							"mixinType":"ListenAbilityAction",
							"watcherId":82063,
						},
					],
				},
				//不击破头部弱点的情况下，击败爆炎树
				"Watcher_Achievement_82064":
				{
					"modifierMixins":
					[
						{
							"$type":"WatcherSystemMixin",
							"mixinType":"ListenAbilityAction",
							"watcherId":82064,
						},
					],
				},
				//队伍中所有玩家都不被公子飞雷神命中的情况下，击败公子
				"Watcher_Achievement_82065":
				{
					"modifierMixins":
					[
						{
							"$type":"WatcherSystemMixin",
							"mixinType":"ListenAbilityAction",
							"watcherId":82065,
						},
					],
				},
				//打落冰弹丘丘人手中的冰史莱姆
				"Watcher_Achievement_82066":
				{
					"modifierMixins":
					[
						{
							"$type":"WatcherSystemMixin",
							"mixinType":"ListenAbilityAction",
							"watcherId":82066,
						},
					],
				},
				//摧毁冰盾暴徒的盾牌
				"Watcher_Achievement_82067":
				{
					"modifierMixins":
					[
						{
							"$type":"WatcherSystemMixin",
							"mixinType":"ListenAbilityAction",
							"watcherId":82067,
						},
					],
				},
				//不让冰萨满创建冰柱的情况下击败他
				"Watcher_Achievement_82068":
				{
					"modifierMixins":
					[
						{
							"$type":"WatcherSystemMixin",
							"mixinType":"ListenAbilityAction",
							"watcherId":82068,
						},
					],
				},
				//摧毁冰萨满的冰柱
				"Watcher_Achievement_82069":
				{
					"modifierMixins":
					[
						{
							"$type":"WatcherSystemMixin",
							"mixinType":"ListenAbilityAction",
							"watcherId":82069,
						},
					],
				},
				//击败强化状态下的丘丘霜铠王
				"Watcher_Achievement_82070":
				{
					"modifierMixins":
					[
						{
							"$type":"WatcherSystemMixin",
							"mixinType":"ListenAbilityAction",
							"watcherId":82070,
						},
					],
				},
				//击破冰萤术士的冰盾
				"Watcher_Achievement_82071":
				{
					"modifierMixins":
					[
						{
							"$type":"WatcherSystemMixin",
							"mixinType":"ListenAbilityAction",
							"watcherId":82071,
						},
					],
				},
				//击败狂暴状态下的野猪王
				"Watcher_Achievement_82072":
				{
					"modifierMixins":
					[
						{
							"$type":"WatcherSystemMixin",
							"mixinType":"ListenAbilityAction",
							"watcherId":81043,
						},
					],
				},
				//使遗迹重机瘫痪
				"Watcher_Achievement_82073":
				{
					"modifierMixins":
					[
						{
							"$type":"WatcherSystemMixin",
							"mixinType":"ListenAbilityAction",
							"watcherId":82073,
						},
					],
				},
				//使爆弹丘丘人挖火史莱姆失败
				"Watcher_Achievement_82074":
				{
					"modifierMixins":
					[
						{
							"$type":"WatcherSystemMixin",
							"mixinType":"ListenAbilityAction",
							"watcherId":82074,
						},
					],
				},
				//打破无相之雷的结界
				"Watcher_Achievement_82075":
				{
					"modifierMixins":
					[
						{
							"$type":"WatcherSystemMixin",
							"mixinType":"ListenAbilityAction",
							"watcherId":82075,
						},
					],
				},
				//战斗中被石头剪刀布连续命中
				"Watcher_Achievement_82076":
				{
					"modifierMixins":
					[
						{
							"$type":"WatcherSystemMixin",
							"mixinType":"ListenAbilityAction",
							"watcherId":82076,
						},
					],
				},
				//使无相之岩从岩柱上坠落3次以上
				"Watcher_Achievement_82077":
				{
					"modifierMixins":
					[
						{
							"$type":"WatcherSystemMixin",
							"mixinType":"ListenAbilityAction",
							"watcherId":82077,
						},
					],
				},
				//不摧毁任何岩柱的情况下，使无相之岩进入重生
				"Watcher_Achievement_82078":
				{
					"modifierMixins":
					[
						{
							"$type":"WatcherSystemMixin",
							"mixinType":"ListenAbilityAction",
							"watcherId":82078,
						},
					],
				},
				//战斗中吸取10个以上无相之风的风元素晶球
				"Watcher_Achievement_82079":
				{
					"modifierMixins":
					[
						{
							"$type":"WatcherSystemMixin",
							"mixinType":"ListenAbilityAction",
							"watcherId":82079,
						},
					],
				},
				//摧毁爆炎树的爆炎种子
				"Watcher_Achievement_82080":
				{
					"modifierMixins":
					[
						{
							"$type":"WatcherSystemMixin",
							"mixinType":"ListenAbilityAction",
							"watcherId":82080,
						},
					],
				},
				//在急冻树旋转喷射时，击破其弱点
				"Watcher_Achievement_82081":
				{
					"modifierMixins":
					[
						{
							"$type":"WatcherSystemMixin",
							"mixinType":"ListenAbilityAction",
							"watcherId":82081,
						},
					],
				},
				//在债务处理人处于隐身状态时，击败他
				"Watcher_Achievement_82082":
				{
					"modifierMixins":
					[
						{
							"$type":"WatcherSystemMixin",
							"mixinType":"ListenAbilityAction",
							"watcherId":82082,
						},
					],
				},
				//在冰萤术士的冰萤全部存活时，击败他
				"Watcher_Achievement_82083":
				{
					"modifierMixins":
					[
						{
							"$type":"WatcherSystemMixin",
							"mixinType":"ListenAbilityAction",
							"watcherId":82083,
						},
					],
				},
				//在触发过风拳前锋军所有类型的元素反击时，击败他
				"Watcher_Achievement_82084":
				{
					"modifierMixins":
					[
						{
							"$type":"WatcherSystemMixin",
							"mixinType":"ListenAbilityAction",
							"watcherId":82084,
						},
					],
				},
				//成功抵挡岩龙蜥的特殊攻击，使其倒地
				"Watcher_Achievement_82085":
				{
					"modifierMixins":
					[
						{
							"$type":"WatcherSystemMixin",
							"mixinType":"ListenAbilityAction",
							"watcherId":82085,
						},
					],
				},
				//成功抵挡古岩龙蜥的特殊攻击，使其失去生命
				"Watcher_Achievement_82086":
				{
					"modifierMixins":
					[
						{
							"$type":"WatcherSystemMixin",
							"mixinType":"ListenAbilityAction",
							"watcherId":82086,
						},
					],
				},
				//成功抵挡古岩龙蜥的特殊攻击，使其失去大量生命
				"Watcher_Achievement_82087":
				{
					"modifierMixins":
					[
						{
							"$type":"WatcherSystemMixin",
							"mixinType":"ListenAbilityAction",
							"watcherId":82087,
						},
					],
				},
				//在无相冰处于眩晕时，击败它
				"Watcher_Achievement_82089":
				{
					"modifierMixins":
					[
						{
							"$type":"WatcherSystemMixin",
							"mixinType":"ListenAbilityAction",
							"watcherId":82089,
						},
					],
				},
				//让无相冰重生3次以上，再击败它
				"Watcher_Achievement_82090":
				{
					"modifierMixins":
					[
						{
							"$type":"WatcherSystemMixin",
							"mixinType":"ListenAbilityAction",
							"watcherId":82090,
						},
					],
				},
				//被雷斧丘丘暴徒引来的天雷命中
				"Watcher_Achievement_82108":
				{
					"modifierMixins":
					[
						{
							"$type":"WatcherSystemMixin",
							"mixinType":"ListenAbilityAction",
							"watcherId":82108,
						},
					],
				},
			},
		},
	},
	{
		"Default":
		{
			"$type":"ConfigAbility",
			"abilityName":"LevelAbility_Combat_Achievement_Watcher_2",
			"modifiers":
			{
				//2.0
				//击败过岩龙蜥的所有元素形态。
				"Watcher_Achievement_82091":
				{
					"modifierMixins":
					[
						{
							"$type":"WatcherSystemMixin",
							"mixinType":"ListenAbilityAction",
							"watcherId":82091,
						},
					],
				},
				//击败过古岩龙蜥所有元素形态。
				"Watcher_Achievement_82092":
				{
					"modifierMixins":
					[
						{
							"$type":"WatcherSystemMixin",
							"mixinType":"ListenAbilityAction",
							"watcherId":82092,
						},
					],
				},
				//在傀儡将军挑衅时击败它
				"Watcher_Achievement_82093":
				{
					"modifierMixins":
					[
						{
							"$type":"WatcherSystemMixin",
							"mixinType":"ListenAbilityAction",
							"watcherId":82093,
						},
					],
				},
				//在没有雷电图腾的情况下，击败丘丘雷萨满
				"Watcher_Achievement_82094":
				{
					"modifierMixins":
					[
						{
							"$type":"WatcherSystemMixin",
							"mixinType":"ListenAbilityAction",
							"watcherId":82094,
						},
					],
				},
				//击败强化状态下的雷暴王
				"Watcher_Achievement_82095":
				{
					"modifierMixins":
					[
						{
							"$type":"WatcherSystemMixin",
							"mixinType":"ListenAbilityAction",
							"watcherId":82095,
						},
					],
				},
				//不被藏镜侍女“捕获”技能命中的情况下，击败它
				"Watcher_Achievement_82096":
				{
					"modifierMixins":
					[
						{
							"$type":"WatcherSystemMixin",
							"mixinType":"ListenAbilityAction",
							"watcherId":82096,
						},
					],
				},
				//在无相之火只进入一次熄灭状态的情况下，击败它
				"Watcher_Achievement_82097":
				{
					"modifierMixins":
					[
						{
							"$type":"WatcherSystemMixin",
							"mixinType":"ListenAbilityAction",
							"watcherId":82097,
						},
					],
				},
				//击败处于虚弱状态下的遗迹机关
				"Watcher_Achievement_82098":
				{
					"modifierMixins":
					[
						{
							"$type":"WatcherSystemMixin",
							"mixinType":"ListenAbilityAction",
							"watcherId":82098,
						},
					],
				},
				//不被傀儡将军影子击中的情况下，击败它
				"Watcher_Achievement_82099":
				{
					"modifierMixins":
					[
						{
							"$type":"WatcherSystemMixin",
							"mixinType":"ListenAbilityAction",
							"watcherId":82099,
						},
					],
				},
				//不触发傀儡将军格挡的情况下，击败它
				"Watcher_Achievement_82100":
				{
					"modifierMixins":
					[
						{
							"$type":"WatcherSystemMixin",
							"mixinType":"ListenAbilityAction",
							"watcherId":82100,
						},
					],
				},
				//不触发盾反的情况下，击败古岩龙蜥
				"Watcher_Achievement_82101":
				{
					"modifierMixins":
					[
						{
							"$type":"WatcherSystemMixin",
							"mixinType":"ListenAbilityAction",
							"watcherId":82101,
						},
					],
				},
				//在无相之火重新点燃过2次的情况下，击败它
				"Watcher_Achievement_82102":
				{
					"modifierMixins":
					[
						{
							"$type":"WatcherSystemMixin",
							"mixinType":"ListenAbilityAction",
							"watcherId":82102,
						},
					],
				},
				//被无相之火的动物三连连续命中的情况下，击败它
				"Watcher_Achievement_82103":
				{
					"modifierMixins":
					[
						{
							"$type":"WatcherSystemMixin",
							"mixinType":"ListenAbilityAction",
							"watcherId":82103,
						},
					],
				},
				//通过攻击弱点使遗迹机关的四种召唤物都瘫痪一次，然后击败它
				"Watcher_Achievement_82104":
				{
					"modifierMixins":
					[
						{
							"$type":"WatcherSystemMixin",
							"mixinType":"ListenAbilityAction",
							"watcherId":82104,
						},
					],
				},
				//不击败任何遗迹机关的召唤物的情况下，击败它
				"Watcher_Achievement_82105":
				{
					"modifierMixins":
					[
						{
							"$type":"WatcherSystemMixin",
							"mixinType":"ListenAbilityAction",
							"watcherId":82105,
						},
					],
				},
				//在海乱鬼·火武器附着火元素的情况下，击败它
				"Watcher_Achievement_82106":
				{
					"modifierMixins":
					[
						{
							"$type":"WatcherSystemMixin",
							"mixinType":"ListenAbilityAction",
							"watcherId":82106,
						},
					],
				},
				//在海乱鬼·雷武器附着雷元素的情况下，击败它
				"Watcher_Achievement_82107":
				{
					"modifierMixins":
					[
						{
							"$type":"WatcherSystemMixin",
							"mixinType":"ListenAbilityAction",
							"watcherId":82107,
						},
					],
				},
				//战斗中未获得护盾的情况下，击败若陀龙王
				"Watcher_Achievement_82109":
				{
					"modifierMixins":
					[
						{
							"$type":"WatcherSystemMixin",
							"mixinType":"ListenAbilityAction",
							"watcherId":82109,
						},
					],
				},
				//不摧毁任何无相之水召唤的水滴的情况下，击败无相之水
				"Watcher_Achievement_82110":
				{
					"modifierMixins":
					[
						{
							"$type":"WatcherSystemMixin",
							"mixinType":"ListenAbilityAction",
							"watcherId":82110,
						},
					],
				},
				//被无相之水变成的海豚击中
				"Watcher_Achievement_82111":
				{
					"modifierMixins":
					[
						{
							"$type":"WatcherSystemMixin",
							"mixinType":"ListenAbilityAction",
							"watcherId":82111,
						},
					],
				},
				//没有被雷音化身音波锁定过的情况下，击败它
				"Watcher_Achievement_82112":
				{
					"modifierMixins":
					[
						{
							"$type":"WatcherSystemMixin",
							"mixinType":"ListenAbilityAction",
							"watcherId":82112,
						},
					],
				},
				//在雷音化身飞到空中时，击败它
				"Watcher_Achievement_82113":
				{
					"modifierMixins":
					[
						{
							"$type":"WatcherSystemMixin",
							"mixinType":"ListenAbilityAction",
							"watcherId":82113,
						},
					],
				},
				//不摧毁任何暖源或者冷源的情况下，击败女士
				"Watcher_Achievement_82114":
				{
					"modifierMixins":
					[
						{
							"$type":"WatcherSystemMixin",
							"mixinType":"ListenAbilityAction",
							"watcherId":82114,
						},
					],
				},
				// 【兽境之王】在x秒内连续击破两个小狗头
				"Watcher_Achievement_82121":
				{
					"modifierMixins":
					[
						{
							"$type":"WatcherSystemMixin",
							"mixinType":"ListenAbilityAction",
							"watcherId":82121,
						},
					],
				},
				// 【双子龙蜥】让龙蜥从墙上掉下来
				"Watcher_Achievement_82122":
				{
					"modifierMixins":
					[
						{
							"$type":"WatcherSystemMixin",
							"mixinType":"ListenAbilityAction",
							"watcherId":82122,
						},
					],
				},
				// 【2.5雷电将军】准确地识别出太刀状态下的残影并击破，不击中任何其他的残影
				"Watcher_Achievement_82123":
				{
					"modifierMixins":
					[
						{
							"$type":"WatcherSystemMixin",
							"mixinType":"ListenAbilityAction",
							"watcherId":82123,
						},
					],
				},
				// 【兽境猎犬】在兽境猎犬发动战吼时将其击杀
				"Watcher_Achievement_82124":
				{
					"modifierMixins":
					[
						{
							"$type":"WatcherSystemMixin",
							"mixinType":"ListenAbilityAction",
							"watcherId":82124,
						},
					],
				},
				// 【飘浮灵】使一只飘浮灵不获得任何怒气值的情况下将其击杀
				"Watcher_Achievement_82125":
				{
					"modifierMixins":
					[
						{
							"$type":"WatcherSystemMixin",
							"mixinType":"ListenAbilityAction",
							"watcherId":82125,
						},
					],
				},
				// 【无相之水】在一次无相之水挑战中，获取至少三个「水滴」发射的愈疗晶球。
				"Watcher_Achievement_82115": 
				{
					"modifierMixins": 
					[
						{
							"$type": "WatcherSystemMixin",
							"mixinType": "ListenAbilityAction",
							"watcherId": 82115
						}
					]
				},
				// 【无相之水】利用障碍物、击飞等方式，在不破坏「水滴」的情况下，阻止无相之水复苏。
				"Watcher_Achievement_82116": 
				{
					"modifierMixins": 
					[
						{
							"$type": "WatcherSystemMixin",
							"mixinType": "ListenAbilityAction",
							"watcherId": 82116
						}
					]
				},
				// 【女士】在不利用「红莲蛾」的情况下，击败「女士」 。
				"Watcher_Achievement_82117": 
				{
					"modifierMixins": 
					[
						{
							"$type": "WatcherSystemMixin",
							"mixinType": "ListenAbilityAction",
							"watcherId": 82117
						}
					]
				},
				// 【雷音权现】在不被追踪电笼击中的情况下，击败雷音权现。
				"Watcher_Achievement_82118": 
				{
					"modifierMixins": 
					[
						{
							"$type": "WatcherSystemMixin",
							"mixinType": "ListenAbilityAction",
							"watcherId": 82118
						}
					]
				},
				// 【雷音权现】在攻击雷音权现之前，被它的侦测锁定。
				"Watcher_Achievement_82119": 
				{
					"modifierMixins": 
					[
						{
							"$type": "WatcherSystemMixin",
							"mixinType": "ListenAbilityAction",
							"watcherId": 82119
						}
					]
				},
				// 【双子龙蜥】在深海龙蜥之群挑战中，在深海龙蜥未入水的情况下击败它们。
				"Watcher_Achievement_82120": 
				{
					"modifierMixins": 
					[
						{
							"$type": "WatcherSystemMixin",
							"mixinType": "ListenAbilityAction",
							"watcherId": 82120
						}
					]
				},
				// 【雷电将军周本2.6】在一次祸津御建鸣神命挑战中，躲过恶曜三钴在一轮中释放的所有金刚坏灭波。
				"Watcher_Achievement_82126": 
				{
					"modifierMixins": 
					[
						{
							"$type": "WatcherSystemMixin",
							"mixinType": "ListenAbilityAction",
							"watcherId": 82126
						}
					]
				},
				// 【遗迹巨蛇】隐藏成就  在遗迹巨蛇的挑战中，利用一次「纯光绽放」破坏二个「淤泥涌口」。
				"Watcher_Achievement_82127": 
				{
					"modifierMixins": 
					[
						{
							"$type": "WatcherSystemMixin",
							"mixinType": "ListenAbilityAction",
							"watcherId": 82127
						}
					]
				},
				// 【遗迹巨蛇】 在一次挑战中达成二次：遗迹巨蛇在汲取能量时，通过破坏「淤泥涌口」，使其瘫痪。
				"Watcher_Achievement_82128": 
				{
					"modifierMixins": 
					[
						{
							"$type": "WatcherSystemMixin",
							"mixinType": "ListenAbilityAction",
							"watcherId": 82128
						}
					]
				},
				//第一次使用「流明石」的「纯光绽放」来清除「淤泥涌口」的漆黑结晶物。
				"Watcher_Achievement_81217": 
				{
					"modifierMixins": 
					[
						{
							"$type": "WatcherSystemMixin",
							"mixinType": "ListenAbilityAction",
							"watcherId": 81217
						}
					]
				},
				//第一次为「明石灯」充能。
				"Watcher_Achievement_81219": 
				{
					"modifierMixins": 
					[
						{
							"$type": "WatcherSystemMixin",
							"mixinType": "ListenAbilityAction",
							"watcherId": 81219
						}
					]
				},
				// 【镀金旅团】在 镀金初级怪-弯刀 摆出《夺宝奇兵》名场景的特殊嘲讽时，用箭/投射物命中他
				"Watcher_Achievement_82129": 
				{
					"modifierMixins": 
					[
						{
							"$type": "WatcherSystemMixin",
							"mixinType": "ListenAbilityAction",
							"watcherId": 82129
						}
					]
				},		
				// 【小蕈兽-飞行水】让飞行水发射的水泡关住其他品种的小蕈兽
				"Watcher_Achievement_82130": 
				{
					"modifierMixins": 
					[
						{
							"$type": "WatcherSystemMixin",
							"mixinType": "ListenAbilityAction",
							"watcherId": 82130
						}
					]
				},	
				// 【精英蕈兽】在精英飞行蕈兽在空中的时候，攻击其脸部，使其坠落
				"Watcher_Achievement_82131": 
				{
					"modifierMixins": 
					[
						{
							"$type": "WatcherSystemMixin",
							"mixinType": "ListenAbilityAction",
							"watcherId": 82131
						}
					]
				},	
				// 【雷电树】放任正负电荷相撞，产生强大的堙灭波冲击
				"Watcher_Achievement_82132": 
				{
					"modifierMixins": 
					[
						{
							"$type": "WatcherSystemMixin",
							"mixinType": "ListenAbilityAction",
							"watcherId": 82132
						}
					]
				},	
				// 【超级蕈兽】见到了超级蕈兽激化态下的所有的三个强力技能 (累计，不要求同一场战斗)
				"Watcher_Achievement_82133": 
				{
					"modifierMixins": 
					[
						{
							"$type": "WatcherSystemMixin",
							"mixinType": "ListenAbilityStageAction",
							"watcherId": 82133
						}
					]
				},
				//成就：第一次使用智慧冲击波使透明化物件显形
				"Watcher_Achievement_81251": 
				{
					"modifierMixins": 
					[
						{
							"$type": "WatcherSystemMixin",
							"mixinType": "ListenAbilityAction",
							"watcherId": 81251
						}
					]
				},
				//成就：玩家第一次使用勾爪
				"Watcher_Achievement_81260": 
				{
					"modifierMixins": 
					[
						{
							"$type": "WatcherSystemMixin",
							"mixinType": "ListenAbilityAction",
							"watcherId": 81260
						}
					]
				},
				//成就：第一次击碎风滚草
				"Watcher_Achievement_81286": 
				{
					"modifierMixins": 
					[
						{
							"$type": "WatcherSystemMixin",
							"mixinType": "ListenAbilityAction",
							"watcherId": 81286,
							"target": "Target",
							"predicates":
							[
								{
		                            "$type": "ByEntityTypes",
		                            "target": "Target",
		                            "entityTypes": ["Avatar"],
		                            "isAuthority": 1,
		                        },
							],
						}
					]
				},
				//成就：玩家第一次使用大机器人开炮
				"Watcher_Achievement_81275": 
				{
					"modifierMixins": 
					[
						{
							"$type": "WatcherSystemMixin",
							"mixinType": "ListenAbilityAction",
							"watcherId": 81275,
							"predicates":
							[
								{
									"$type": "ByHostOrGuest",
									"isHost": true,
								},
							],
						}
					]
				},					
			},
		},
	},
	{
		"Default":
		{
			"$type":"ConfigAbility",
			"abilityName":"LevelAbility_Combat_Achievement_Watcher_3",
			"modifiers":
			{
				//3.X
				//【擎电树】在擎电树发射光束射线时，击碎头破的核心
				"Watcher_Achievement_82134":
				{
					"modifierMixins":
					[
						{
							"$type":"WatcherSystemMixin",
							"mixinType":"ListenAbilityAction",
							"watcherId":82134,
						},
					],
				},
				//【翠翎恐蕈】在翠翎恐蕈进入活化态，释放全部能量后的瘫痪期间，击败它
				"Watcher_Achievement_82135":
				{
					"modifierMixins":
					[
						{
							"$type":"WatcherSystemMixin",
							"mixinType":"ListenAbilityAction",
							"watcherId":82135,
						},
					],
				},
				//【翠翎恐蕈】一场战斗中，累计消灭6个由枯亡态翠翎恐蕈产生的小蕈兽
				"Watcher_Achievement_82136":
				{
					"modifierMixins":
					[
						{
							"$type":"WatcherSystemMixin",
							"mixinType":"ListenAbilityAction",
							"watcherId":82136,
						},
					],
				},
				//【永劫龙兽】一场战斗中，在永劫龙兽浮空时，击破双翅弱点使之掉下来
				"Watcher_Achievement_82137":
				{
					"modifierMixins":
					[
						{
							"$type":"WatcherSystemMixin",
							"mixinType":"ListenAbilityAction",
							"watcherId":82137,
						},
					],
				},
				//【永劫龙兽】一场战斗中，阻止一次永劫龙兽的能量洪流
				"Watcher_Achievement_82138":
				{
					"modifierMixins":
					[
						{
							"$type":"WatcherSystemMixin",
							"mixinType":"ListenAbilityAction",
							"watcherId":82138,
						},
					],
				},
				//【永劫龙兽】一场战斗中，永劫龙兽吸收2种不同的元素
				"Watcher_Achievement_82139":
				{
					"modifierMixins":
					[
						{
							"$type":"WatcherSystemMixin",
							"mixinType":"ListenAbilityAction",
							"watcherId":82139,
						},
					],
				},
				//【统辖矩阵】在统辖矩阵短路虚弱期间，击败它
				"Watcher_Achievement_82140":
				{
					"modifierMixins":
					[
						{
							"$type":"WatcherSystemMixin",
							"mixinType":"ListenAbilityAction",
							"watcherId":82140,
						},
					],
				},
				//【统辖矩阵】直接在统辖矩阵触发激化反应使其显形
				"Watcher_Achievement_82141":
				{
					"modifierMixins":
					[
						{
							"$type":"WatcherSystemMixin",
							"mixinType":"ListenAbilityAction",
							"watcherId":82141,
						},
					],
				},
				//【永劫龙兽】在永劫龙兽释放龙车时，击破头部弱点使之停下来
				"Watcher_Achievement_82142":
				{
					"modifierMixins":
					[
						{
							"$type":"WatcherSystemMixin",
							"mixinType":"ListenAbilityAction",
							"watcherId":82142,
						},
					],
				},
				//【翠翎恐蕈】在翠翎恐蕈进入活化态期间，击败它
				"Watcher_Achievement_82143":
				{
					"modifierMixins":
					[
						{
							"$type":"WatcherSystemMixin",
							"mixinType":"ListenAbilityAction",
							"watcherId":82143,
						},
					],
				},
				//【统辖矩阵】见到过统辖矩阵进入过载待机状态
				"Watcher_Achievement_82144":
				{
					"modifierMixins":
					[
						{
							"$type":"WatcherSystemMixin",
							"mixinType":"ListenAbilityAction",
							"watcherId":82144,
						},
					],
				},
				//【元能构装】不破除元能构装体隐身的情况下，击败它
				"Watcher_Achievement_82145":
				{
					"modifierMixins":
					[
						{
							"$type":"WatcherSystemMixin",
							"mixinType":"ListenAbilityAction",
							"watcherId":82145,
						},
					],
				},
				//【反应】XX秒内，通过原激化、超激化或蔓激化，破除至少2台元能构装体或半永恒统辖矩阵的不可视状态。
				"Watcher_Achievement_82152":
				{
					"modifierMixins":
					[
						{
							"$type":"WatcherSystemMixin",
							"mixinType":"ListenAbilityAction",
							"watcherId":82159,
						},
					],
				},
				// 【无相之草】在复生阶段，让三个复活Gadget同时处于激化态。
				"Watcher_Achievement_82155":
				{
					"modifierMixins":
					[
						{
							"$type":"WatcherSystemMixin",
							"mixinType":"ListenAbilityAction",
							"watcherId":82155,
						},
					],
				},
				// 【无相之草】在无相草化作藤球使用砸地攻击时，使用火元素攻击破坏其藤条外壳，使其暴露核心
				"Watcher_Achievement_82156":
				{
					"modifierMixins":
					[
						{
							"$type":"WatcherSystemMixin",
							"mixinType":"ListenAbilityAction",
							"watcherId":82156,
						},
					],
				},
				// 【散兵】一阶段中，通过破坏两个雷法阵使其瘫痪
				"Watcher_Achievement_82157":
				{
					"modifierMixins":
					[
						{
							"$type":"WatcherSystemMixin",
							"mixinType":"ListenAbilityAction",
							"watcherId":82157,
						},
					],
				},
				// 【散兵】 二阶段中，见证了终焉的降临
				"Watcher_Achievement_82158":
				{
					"modifierMixins":
					[
						{
							"$type":"WatcherSystemMixin",
							"mixinType":"ListenAbilityAction",
							"watcherId":82158,
						},
					],
				},
			},
		},
	},
	{
		"Default":
		{
			"$type":"ConfigAbility",
			"abilityName":"LevelAbility_Combat_Activity_Watcher_1",
			"abilityMixins":
			[
				{//注册一下2.3大骗骗花专用成就SGV的hash。这个SGV是ability这边不用
					"$type":"AttachModifierToSelfGlobalValueNoInitMixin",
					"globalValueKey":"SGV_HitByMimik_SkillA",
					"valueSteps":[-0.5, 0.5],
					"modifierNameSteps":["Blank"],
				},
				{//注册一下2.3大骗骗花专用成就SGV的hash。这个SGV是ability这边不用
					"$type":"AttachModifierToSelfGlobalValueNoInitMixin",
					"globalValueKey":"SGV_HitByMimik_SkillB",
					"valueSteps":[-0.5, 0.5],
					"modifierNameSteps":["Blank"],
				},
				{//注册一下2.3大骗骗花专用翻牌子SGV的hash。这个SGV是ability这边不用
					"$type":"AttachModifierToSelfGlobalValueNoInitMixin",
					"globalValueKey":"SGV_Mimik_PickUped",
					"valueSteps":[-0.5, 0.5],
					"modifierNameSteps":["Blank"],
				},
			],
			"modifiers":
			{
				"Blank":
				{
				},
				//用弓箭射中在空中飞行的鹰。
				"Watcher_Achievement_1502220":
				{
					"modifierMixins":
					[
						{
							"$type":"WatcherSystemMixin",
							"mixinType":"ListenAbilityAction",
							"watcherId":1502220,
						},
					],
				},
				//和傀儡将军战斗中不被影子击中。
				"Watcher_Achievement_1200528":
				{
					"modifierMixins":
					[
						{
							"$type":"WatcherSystemMixin",
							"mixinType":"ListenAbilityAction",
							"watcherId":1200528,
						},
					],
				},
				//不触发格挡的情况下击败它
				"Watcher_Achievement_1200529":
				{
					"modifierMixins":
					[
						{
							"$type":"WatcherSystemMixin",
							"mixinType":"ListenAbilityAction",
							"watcherId":1200529,
						},
					],
				},
				//在傀儡将军挑衅时击败它
				"Watcher_Achievement_1200530":
				{
					"modifierMixins":
					[
						{
							"$type":"WatcherSystemMixin",
							"mixinType":"ListenAbilityAction",
							"watcherId":1200530,
						},
					],
				},
				//吃到场地中的三个buff
				"Watcher_Achievement_1505108":{
					"modifierMixins":
					[
						{
							"$type":"WatcherSystemMixin",
							"mixinType":"ListenAbilityAction",
							"watcherId":1505108,
						},
					],
				},
				//不被影狼丸的大范围攻击「犬流·刀降术」命中的情况下，击败影狼丸。
				"Watcher_Achievement_1505109":{
					"modifierMixins":
					[
						{
							"$type":"WatcherSystemMixin",
							"mixinType":"ListenAbilityAction",
							"watcherId":1505109,
						},
					],
				},
				//2.3雪山骗骗花，把所有被召唤出的果实都打破
				"Watcher_Achievement_12009201":{
					"modifierMixins":
					[
						{
							"$type":"WatcherSystemMixin",
							"mixinType":"ListenAbilityAction",
							"watcherId":12009201,
						},
					],
				},
				//2.3雪山骗骗花，用果实打断蓄力技能
				"Watcher_Achievement_12009202":{
					"modifierMixins":
					[
						{
							"$type":"WatcherSystemMixin",
							"mixinType":"ListenAbilityAction",
							"watcherId":12009202,
						},
					],
				},
				//2.3雪山骗骗花，不被钻地攻击打中
				"Watcher_Achievement_12009203":{
					"modifierMixins":
					[
						{
							"$type":"WatcherSystemMixin",
							"mixinType":"ListenAbilityAction",
							"watcherId":12009203,
						},
					],
				},
				//2.3雪山骗骗花，不被果实锤击打中
				"Watcher_Achievement_12009204":{
					"modifierMixins":
					[
						{
							"$type":"WatcherSystemMixin",
							"mixinType":"ListenAbilityAction",
							"watcherId":12009204,
						},
					],
				},
				//2.3雪山骗骗花，不漏掉每个飞出的结晶
				"Watcher_Achievement_12009206":{
					"modifierMixins":
					[
						{
							"$type":"WatcherSystemMixin",
							"mixinType":"ListenAbilityAction",
							"watcherId":12009206,
						},
					],
				},
				//3.0大活动超级蕈兽，未进入过衰亡态便击杀
				"Watcher_Achievement_12015201":{
					"modifierMixins":
					[
						{
							"$type":"WatcherSystemMixin",
							"mixinType":"ListenAbilityAction",
							"watcherId":12015201,
						},
					],
				},
				//3.0大活动超级蕈兽，未被孢子爆炸击中过
				"Watcher_Achievement_12015202":{
					"modifierMixins":
					[
						{
							"$type":"WatcherSystemMixin",
							"mixinType":"ListenAbilityAction",
							"watcherId":12015202,
						},
					],
				},
				//3.0大活动超级蕈兽，未被激化技能击中过
				"Watcher_Achievement_12015204":{
					"modifierMixins":
					[
						{
							"$type":"WatcherSystemMixin",
							"mixinType":"ListenAbilityAction",
							"watcherId":12015204,
						},
					],
				},
				//3.0大活动超级蕈兽，进入过激化态
				"Watcher_Achievement_12015203":{
					"modifierMixins":
					[
						{
							"$type":"WatcherSystemMixin",
							"mixinType":"ListenAbilityAction",
							"watcherId":12015203,
						},
					],
				},
				//3.0大活动雷电树，清除正电荷
				"Watcher_Achievement_12015209":{
					"modifierMixins":
					[
						{
							"$type":"WatcherSystemMixin",
							"mixinType":"ListenAbilityAction",
							"watcherId":12015209,
						},
					],
				},
				//3.0大活动雷电树，清除负电荷
				"Watcher_Achievement_12015210":{
					"modifierMixins":
					[
						{
							"$type":"WatcherSystemMixin",
							"mixinType":"ListenAbilityAction",
							"watcherId":12015210,
						},
					],
				},
				//3.0大活动雷电树，不出现湮灭效果的情况下，击败BOSS
				"Watcher_Achievement_12015207":{
					"modifierMixins":
					[
						{
							"$type":"WatcherSystemMixin",
							"mixinType":"ListenAbilityAction",
							"watcherId":12015211,
						},
					],
				},
				//3.0大活动雷电树，负电状态下击破底部弱点，使其瘫痪
				"Watcher_Achievement_12015208":{
					"modifierMixins":
					[
						{
							"$type":"WatcherSystemMixin",
							"mixinType":"ListenAbilityAction",
							"watcherId":12015212,
						},
					],
				},
			},
		},
	},
]