[
  /*
一阶段buff：
1、火元素抗性提升X%（40%）------------------ActivityAbility_FleurFair_FireSubHurtUp
2、防御力提升X% （50%）------------------ActivityAbility_FleurFair_DefenceUp
3、护盾强效提升Y%（50%）------------------ActivityAbility_FleurFair_ShieldCostMinusUp
4、暴击率提升X% （25%）------------------ActivityAbility_FleurFair_CriticalUp
5、攻击力提升X% （40%）------------------ActivityAbility_FleurFair_AttackUp

二阶段buff：
1、水元素、冰元素、雷元素伤害提升X%（一个buff同时包含3种元素伤害提升）（35%）------------------ActivityAbility_FleurFair_ElementAddHurtUp
2、普通攻击速度提升X% （30%）------------------ActivityAbility_FleurFair_AttackSpeedUp
3、暴击伤害提升X% （75%）------------------ActivityAbility_FleurFair_CriticalHurtUp
4、体力消耗降低X%（大幅）（80%）------------------ActivityAbility_FleurFair_CostStaminaDown
5、护盾强效提升X%（大幅）（100%）------------------ActivityAbility_FleurFair_ShieldCostMinusUpLv2
PS：跟一阶段的护盾强效提升不是同一个效果，二阶段的buff效果更强------------------

三阶段buff：
1、角色每次攻击命中敌人时有X%概率触发水元素冲击波（半径10米左右），伤害怪物，并给回复自身Y%血量 （50%概率、内置CD5秒、伤害系数取10）------------------ActivityAbility_FleurFair_AttackDoAreaWaterDamage
2、角色下落攻击造成的伤害提升X%（大幅），并且附带一个冲击波对范围内敌人造成一次巨额伤害（半径10米左右） （下落攻击伤害提升50%，冲击波伤害系数取10）------------------ActivityAbility_FleurFair_FallingAttackDoAreaDamage
3、角色使用弓箭蓄力射击时必定暴击，并且额外触发一个冲击波对范围内敌人造成一次巨额伤害（半径10米左右） （冲击波系数取10）------------------ActivityAbility_FleurFair_BowExtraAttackDoAreaDamage
4、角色处于护盾状态下时，每次被怪物攻击命中都会反弹触发一个冲击波（以被反弹的怪物坐标为中心半径10米左右圆形范围），对范围内敌人造成巨额伤害 （内置CD2秒，冲击波伤害系数取10）------------------ActivityAbility_FleurFair_ShieldOnBeingHitDoAreaDamage
  */

  {
    "Default": {
      "$type": "ConfigAbility",
      "abilityName": "ActivityAbility_FleurFair_FireSubHurtUp",
      "isDynamicAbility": true,
      "onAdded": [
        {
          "$type": "AttachModifier",
          "modifierName": "UNIQUE_ActivityAbility_FleurFair_FireSubHurtUp",
          "doOffStage": true,
          "target": "Self",
        },
      ],
      "modifiers": {
        "UNIQUE_ActivityAbility_FleurFair_FireSubHurtUp": {
          "isLimitedProperties": true,
          "stacking": "Unique",
          "isUnique": true,
          "properties": {
            "Actor_FireSubHurtDelta": "%Value",
          },
        },
      },
      "abilitySpecials": {
        "Value": 0.4,
      },
    },
  }, //ActivityAbility_FleurFair_FireSubHurtUp------火元素抗性提升X%（40%）

  {
    "Default": {
      "$type": "ConfigAbility",
      "abilityName": "ActivityAbility_FleurFair_DefenceUp",
      "isDynamicAbility": true,
      "onAdded": [
        {
          "$type": "AttachModifier",
          "modifierName": "UNIQUE_ActivityAbility_FleurFair_DefenceUp",
          "doOffStage": true,
          "target": "Self",
        },
      ],
      "modifiers": {
        "UNIQUE_ActivityAbility_FleurFair_DefenceUp": {
          "isLimitedProperties": true,
          "stacking": "Unique",
          "isUnique": true,
          "properties": {
            "Actor_DefenceRatio": "%Value",
          },
        },
      },
      "abilitySpecials": {
        "Value": 0.5,
      },
    },
  }, //ActivityAbility_FleurFair_DefenceUp------防御力提升X% （50%）

  {
    "Default": {
      "$type": "ConfigAbility",
      "abilityName": "ActivityAbility_FleurFair_ShieldCostMinusUp",
      "isDynamicAbility": true,
      "onAdded": [
        {
          "$type": "AttachModifier",
          "modifierName": "UNIQUE_ActivityAbility_FleurFair_ShieldCostMinusUp",
          "doOffStage": true,
          "target": "Self",
        },
      ],
      "modifiers": {
        "UNIQUE_ActivityAbility_FleurFair_ShieldCostMinusUp": {
          "isLimitedProperties": true,
          "stacking": "Unique",
          "isUnique": true,
          "properties": {
            "Actor_ShieldCostMinusRatio": "%Value",
          },
        },
      },
      "abilitySpecials": {
        "Value": 0.5,
      },
    },
  }, //ActivityAbility_FleurFair_ShieldCostMinusUp------护盾强效提升Y%（50%）

  {
    "Default": {
      "$type": "ConfigAbility",
      "abilityName": "ActivityAbility_FleurFair_CriticalUp",
      "isDynamicAbility": true,
      "onAdded": [
        {
          "$type": "AttachModifier",
          "modifierName": "UNIQUE_ActivityAbility_FleurFair_CriticalUp",
          "doOffStage": true,
          "target": "Self",
        },
      ],
      "modifiers": {
        "UNIQUE_ActivityAbility_FleurFair_CriticalUp": {
          "isLimitedProperties": true,
          "stacking": "Unique",
          "isUnique": true,
          "properties": {
            "Actor_CriticalDelta": "%Value",
          },
        },
      },
      "abilitySpecials": {
        "Value": 0.7,
      },
    },
  }, //ActivityAbility_FleurFair_CriticalUp------暴击率提升X% （25%）

  {
    "Default": {
      "$type": "ConfigAbility",
      "abilityName": "ActivityAbility_FleurFair_AttackUp",
      "isDynamicAbility": true,
      "onAdded": [
        {
          "$type": "AttachModifier",
          "modifierName": "UNIQUE_ActivityAbility_FleurFair_AttackUp",
          "doOffStage": true,
          "target": "Self",
        },
      ],
      "modifiers": {
        "UNIQUE_ActivityAbility_FleurFair_AttackUp": {
          "isLimitedProperties": true,
          "stacking": "Unique",
          "isUnique": true,
          "properties": {
            "Actor_AttackRatio": "%Value",
          },
        },
      },
      "abilitySpecials": {
        "Value": 1.2,
      },
    },
  }, //ActivityAbility_FleurFair_AttackUp------攻击力提升X% （40%）

  {
    "Default": {
      "$type": "ConfigAbility",
      "abilityName": "ActivityAbility_FleurFair_ElementAddHurtUp",
      "isDynamicAbility": true,
      "onAdded": [
        {
          "$type": "AttachModifier",
          "modifierName": "UNIQUE_ActivityAbility_FleurFair_ElementAddHurtUp",
          "doOffStage": true,
          "target": "Self",
        },
      ],
      "modifiers": {
        "UNIQUE_ActivityAbility_FleurFair_ElementAddHurtUp": {
          "isLimitedProperties": true,
          "stacking": "Unique",
          "isUnique": true,
          "properties": {
            "Actor_WaterAddHurtDelta": "%Value",
            "Actor_IceAddHurtDelta": "%Value",
            "Actor_ElecAddHurtDelta": "%Value",
          },
        },
      },
      "abilitySpecials": {
        "Value": 1.0,
      },
    },
  }, //ActivityAbility_FleurFair_ElementAddHurtUp------水元素、冰元素、雷元素伤害提升X%（一个buff同时包含3种元素伤害提升）（35%）

  {
    "Default": {
      "$type": "ConfigAbility",
      "abilityName": "ActivityAbility_FleurFair_AttackSpeedUp",
      "isDynamicAbility": true,
      "onAdded": [
        {
          "$type": "AttachModifier",
          "modifierName": "UNIQUE_ActivityAbility_FleurFair_AttackSpeedUp",
          "doOffStage": true,
          "target": "Self",
        },
      ],
      "modifiers": {
        "UNIQUE_ActivityAbility_FleurFair_AttackSpeedUp": {
          "isLimitedProperties": true,
          "stacking": "Unique",
          "isUnique": true,
          "properties": {
            "Animator_AttackSpeedRatio": "%Value",
          },
        },
      },
      "abilitySpecials": {
        "Value": 0.2,
      },
    },
  }, //ActivityAbility_FleurFair_AttackSpeedUp------普通攻击速度提升X% （30%）

  {
    "Default": {
      "$type": "ConfigAbility",
      "abilityName": "ActivityAbility_FleurFair_CriticalHurtUp",
      "isDynamicAbility": true,
      "onAdded": [
        {
          "$type": "AttachModifier",
          "modifierName": "UNIQUE_ActivityAbility_FleurFair_CriticalHurtUp",
          "doOffStage": true,
          "target": "Self",
        },
      ],
      "modifiers": {
        "UNIQUE_ActivityAbility_FleurFair_CriticalHurtUp": {
          "isLimitedProperties": true,
          "stacking": "Unique",
          "isUnique": true,
          "properties": {
            "Actor_CriticalHurtDelta": "%Value",
          },
        },
      },
      "abilitySpecials": {
        "Value": 1.4,
      },
    },
  }, //ActivityAbility_FleurFair_CriticalHurtUp------暴击伤害提升X% （75%）

  {
    "Default": {
      "$type": "ConfigAbility",
      "abilityName": "ActivityAbility_FleurFair_CostStaminaDown",
      "isDynamicAbility": true,
      "onAdded": [
        {
          "$type": "AttachModifier",
          "modifierName": "UNIQUE_ActivityAbility_FleurFair_CostStaminaDown",
          "doOffStage": true,
          "target": "Self",
        },
      ],
      "modifiers": {
        "UNIQUE_ActivityAbility_FleurFair_CostStaminaDown": {
          "isLimitedProperties": true,
          "stacking": "Unique",
          "isUnique": true,
          "properties": {
            "Actor_CostStaminaRatio": "%Value",
          },
        },
      },
      "abilitySpecials": {
        "Value": -0.8,
      },
    },
  }, //ActivityAbility_FleurFair_CostStaminaDown------体力消耗降低X%（大幅）（80%）

  {
    "Default": {
      "$type": "ConfigAbility",
      "abilityName": "ActivityAbility_FleurFair_ShieldCostMinusUpLv2",
      "isDynamicAbility": true,
      "onAdded": [
        {
          "$type": "AttachModifier",
          "modifierName": "UNIQUE_ActivityAbility_FleurFair_ShieldCostMinusUpLv2",
          "doOffStage": true,
          "target": "Self",
        },
      ],
      "modifiers": {
        "UNIQUE_ActivityAbility_FleurFair_ShieldCostMinusUpLv2": {
          "isLimitedProperties": true,
          "stacking": "Unique",
          "isUnique": true,
          "properties": {
            "Actor_ShieldCostMinusRatio": "%Value",
          },
        },
      },
      "abilitySpecials": {
        "Value": 1,
      },
    },
  }, //ActivityAbility_FleurFair_ShieldCostMinusUpLv2------护盾强效提升X%（大幅）（100%）

  {
    "Default": {
      "$type": "ConfigAbility",
      "abilityName": "ActivityAbility_FleurFair_AttackDoAreaWaterDamage",
      "isDynamicAbility": true,
      "onAdded": [
        {
          "$type": "AttachModifier",
          "modifierName": "UNIQUE_ActivityAbility_FleurFair_AttackDoAreaWaterDamage",
          "target": "Self",
        },
        {
          "$type": "SetSystemValueToOverrideMap",
          "key": "Value_DamageSystemValue",
          "type": "ElementLevelCo",
        },
      ],
      "modifiers": {
        "UNIQUE_ActivityAbility_FleurFair_AttackDoAreaWaterDamage": {
          "buffID": 35001,
          "stacking": "Unique",
          "isUnique": true,
          "onAttackLanded": [
            {
              "$type": "Predicated",
              "target": "Other",
              "targetPredicates": [
                {
                  "$type": "ByEntityTypes",
                  "entityTypes": [
                    "Monster",
                    "Gadget"
                  ],
                },
                {
                  "$type": "ByTargetGlobalValue",
                  "key": "_ANIMAL_ENTITY_TYPE",
                  "value": 0,
                  "compareType": "NoneOrEqual",
                },
                {
                  "$type": "ByTargetGlobalValue",
                  "key": "_Is_ActivityAbility_FleurFair_AttackDoAreaWaterDamage_CD",
                  "target": "Team",
                  "value": 0,
                  "compareType": "NoneOrEqual",
                },
              ],
              "successActions": [
                {
                  "$type": "Randomed",
                  "chance": "%Value_Chance",
                  "successActions": [
                    {
                      "$type": "ApplyModifier",
                      "modifierName": "ActivityAbility_FleurFair_AttackDoAreaWaterDamage_Target",
                      "target": "Other",
                    },
                    {
                      "$type": "HealHP",
                      "doOffStage": true,
                      "target": "Caster",
                      "amountByCasterMaxHPRatio": "%Value_HPRatio",
                    },
                    {
                      "$type": "ApplyModifier",
                      "modifierName": "UNIQUE_ActivityAbility_FleurFair_AttackDoAreaWaterDamageCD_Team",
                      "target": "Team",
                    },
                  ],
                },

              ],
            },
          ],
        },
        "ActivityAbility_FleurFair_AttackDoAreaWaterDamage_Target": {
          "duration": 0.1,
          "onAdded": [
            {
              "$type": "FireEffect",
              "effectPattern": "Eff_Stages_HydroImpact_01",
              "born": {
                "$type": "ConfigBornByTarget",
              },
            },
            {
              "$type": "TriggerAttackEvent",
              "target": "Caster",
              "targetType": "Enemy",
              "attackEvent": {
                "attackPattern": {
                  "$type": "ConfigAttackSphere",
                  "triggerType": "TriggerNoRepeat",
                  "radius": 10,
                  "born": {
                    "$type": "ConfigBornBySelf",
                  },
                },
                "attackInfo": {
                  "attackProperty": {
                    "damageExtra": "%Value_DamageSystemValue*%Value_DamageSystemValueRate",
                    "elementType": "Water",
                    "ignoreAttackerProperty": true,
                    "elementDurability": 25,
                  },
                  "hitPattern": {
                    "onHitEffectName": "",
                    "hitImpulseType": "LV2", //Light x200 y0
                    "reboundRatio": 0,
                    "hitHaltTime": 0.0,
                    "hitHaltTimeScale": 0.05,
                    "muteHitText": false,
                  },
                  "forceCameraShake": false,
                  "cameraShake": {
                  },
                },
              },
            },
          ],
        },
        "UNIQUE_ActivityAbility_FleurFair_AttackDoAreaWaterDamageCD_Team": {
          "isUnique": true,
          "duration": "%Value_AreaDamageCD",
          "onAdded": [
            {
              "$type": "AddGlobalValue",
              "key": "_Is_ActivityAbility_FleurFair_AttackDoAreaWaterDamage_CD",
              "value": 1,
              "useLimitRange": true,
              "maxValue": 1,
              "minValue": 1,
            },
          ],
          "onRemoved": [
            {
              "$type": "ClearGlobalValue",
              "key": "_Is_ActivityAbility_FleurFair_AttackDoAreaWaterDamage_CD",
            },
          ],
        },
      },
      "abilitySpecials": {
        "Value_DamageSystemValue": 0,
        "Value_DamageSystemValueRate": 5,
        "Value_HPRatio": 0.1,
        "Value_AreaDamageCD": 5,
        "Value_Chance": 0.5,
      },
    },
  }, //ActivityAbility_FleurFair_AttackDoAreaWaterDamage------普通攻击和重击每次命中敌人后的n秒内，如果接续上一次普通攻击或重击，就会叠加一个持续x秒的伤害增加的buff，最多可以叠加n层。并且每次叠加时，有x%的概率释放一个能量波。

  {
    "Default": {
      "$type": "ConfigAbility",
      "abilityName": "ActivityAbility_FleurFair_FallingAttackDoAreaDamage",
      "isDynamicAbility": true,
      "onAdded": [
        {
          "$type": "AttachModifier",
          "modifierName": "UNIQUE_ActivityAbility_FleurFair_FallingAttackDoAreaDamage",
          "target": "Self",
          "doOffStage": true,
        },
        {
          "$type": "SetSystemValueToOverrideMap",
          "key": "Value_DamageSystemValue",
          "type": "ElementLevelCo",
        },
      ],
      "modifiers": {
        "UNIQUE_ActivityAbility_FleurFair_FallingAttackDoAreaDamage": {
          "isUnique": true,
          "buffID": 35001,
          "stacking": "Unique",
          "modifierMixins": [
            {
              "$type": "ModifyDamageMixin",
              "attackTags": [ "FallingAttack" ],
              "damagePercentageRatio": "%Value_FallingAttackDamage",
            },
          ],
          "onAttackLanded": [
            {
              "$type": "Predicated",
              "target": "Other",
              "targetPredicates": [
                {
                  "$type": "ByEntityTypes",
                  "entityTypes": [
                    "Monster",
                    "Gadget"
                  ],
                },
                {
                  "$type": "ByAttackTags",
                  "attackTags": [ "FallingAttack" ],
                },
              ],
              "successActions": [
                {
                  "$type": "ApplyModifier",
                  "target": "Caster",
                  "modifierName": "TriggerAreaAttack",
                },
              ],
            },
          ],
        },
        "TriggerAreaAttack": {
          "duration": 0.1,
          "stacking": "Unique",
          "onAdded": [
            {
              "$type": "FireEffect",
              "effectPattern": "Eff_Stages_FleurFairImpact_01",
              "born": {
                "$type": "ConfigBornByTarget",
              },
            },
            {
              "$type": "TriggerAttackEvent",
              "target": "Caster",
              "targetType": "Enemy",
              "attackEvent": {
                "attackPattern": {
                  "$type": "ConfigAttackSphere",
                  "triggerType": "TriggerNoRepeat",
                  "radius": 10,
                  "born": {
                    "$type": "ConfigBornBySelf",
                  },
                },
                "attackInfo": {
                  "attackProperty": {
                    "damageExtra": "%Value_DamageSystemValue*%Value_DamageSystemValueRate",
                    "ignoreAttackerProperty": true,
                    "elementDurability": 0,
                  },
                  "hitPattern": {
                    "onHitEffectName": "",
                    "hitImpulseType": "LV2", //Light x200 y0
                    "reboundRatio": 0,
                    "hitHaltTime": 0.0,
                    "hitHaltTimeScale": 0.05,
                    "muteHitText": false,
                  },
                  "forceCameraShake": false,
                  "cameraShake": {
                  },
                },
              },
            },
          ],
        },
      },
      "abilitySpecials": {
        "Value_FallingAttackDamage": 0.5,
        "Value_DamageSystemValue": 0,
        "Value_DamageSystemValueRate": 5,
      },
    },
  }, //ActivityAbility_FleurFair_FallingAttackDoAreaDamage------角色下落攻击造成的伤害提升X%（大幅），并且附带一个冲击波对范围内敌人造成一次巨额伤害（半径10米左右） （下落攻击伤害提升50%，冲击波伤害系数取10）

  {
    "Default": {
      "$type": "ConfigAbility",
      "abilityName": "ActivityAbility_FleurFair_BowExtraAttackDoAreaDamage",
      "isDynamicAbility": true,
      "onAdded": [
        {
          "$type": "AttachModifier",
          "modifierName": "UNIQUE_ActivityAbility_FleurFair_BowExtraAttackDoAreaDamage",
          "target": "Self",
          "doOffStage": true,
          "predicates": [
            {
              "$type": "ByAvatarWeaponType",
              "weaponTypes": [ "WEAPON_BOW", ],
            },
          ],
        },
        {
          "$type": "SetSystemValueToOverrideMap",
          "key": "Value_DamageSystemValue",
          "type": "ElementLevelCo",
        },
      ],
      "modifiers": {
        "UNIQUE_ActivityAbility_FleurFair_BowExtraAttackDoAreaDamage": {
          "buffID": 35001,
          "isUnique": true,
          "stacking": "Unique",
          "onAttackLanded": [
            {
              "$type": "Predicated",
              "target": "Other",
              "targetPredicates": [
                {
                  "$type": "ByEntityTypes",
                  "entityTypes": [
                    "Monster",
                    "Gadget"
                  ],
                },
                {
                  "$type": "ByAttackTags",
                  "attackTags": [ "ExtraAttack" ],
                },
                {
                  "$type": "ByTargetGlobalValue",
                  "key": "_ANIMAL_ENTITY_TYPE",
                  "value": 0,
                  "compareType": "NoneOrEqual",
                },
                {
                  "$type": "ByTargetGlobalValue",
                  "key": "_Is_ActivityAbility_FleurFair_BowExtraAttackDoAreaDamage_CD",
                  "forceByCaster": true,
                  "value": 0,
                  "compareType": "NoneOrEqual",
                },
              ],
              "successActions": [
                {
                  "$type": "ApplyModifier",
                  "modifierName": "ActivityAbility_FleurFair_BowExtraAttackDoAreaDamage_Target",
                  "target": "Other",
                },
                {
                  "$type": "ApplyModifier",
                  "doOffStage": true,
                  "modifierName": "UNIQUE_ActivityAbility_FleurFair_BowExtraAttackDoAreaDamageCD_Self",
                  "target": "Caster",
                },
              ],
            },
          ],
          "modifierMixins": [
            {
              "$type": "ModifyDamageMixin",
              "attackTags": [ "ExtraAttack" ],
              "bonusCritical": "%Value_BonusCritical",
            },
          ],
        },
        "ActivityAbility_FleurFair_BowExtraAttackDoAreaDamage_Target": {
          "duration": 0.1,
          "onAdded": [
            {
              "$type": "FireEffect",
              "effectPattern": "Eff_Stages_FleurFairImpact_01",
              "born": {
                "$type": "ConfigBornByTarget",
              },
            },
            {
              "$type": "TriggerAttackEvent",
              "target": "Caster",
              "targetType": "Enemy",
              "attackEvent": {
                "attackPattern": {
                  "$type": "ConfigAttackSphere",
                  "triggerType": "TriggerNoRepeat",
                  "radius": 10,
                  "born": {
                    "$type": "ConfigBornBySelf",
                  },
                },
                "attackInfo": {
                  "attackProperty": {
                    "damageExtra": "%Value_DamageSystemValue*%Value_DamageSystemValueRate",
                    // "elementType": "Water",
                    "ignoreAttackerProperty": true,
                    "elementDurability": 0,
                  },
                  "hitPattern": {
                    "onHitEffectName": "",
                    "hitImpulseType": "LV2", //Light x200 y0
                    "reboundRatio": 0,
                    "hitHaltTime": 0.0,
                    "hitHaltTimeScale": 0.05,
                    "muteHitText": false,
                  },
                  "forceCameraShake": false,
                  "cameraShake": {
                  },
                },
              },
            },
          ],
        },
        "UNIQUE_ActivityAbility_FleurFair_BowExtraAttackDoAreaDamageCD_Self": {
          "isUnique": true,
          "duration": "%Value_AreaDamageCD",
          "onAdded": [
            {
              "$type": "AddGlobalValue",
              "key": "_Is_ActivityAbility_FleurFair_BowExtraAttackDoAreaDamage_CD",
              "value": 1,
              "useLimitRange": true,
              "maxValue": 1,
              "minValue": 1,
            },
          ],
          "onRemoved": [
            {
              "$type": "ClearGlobalValue",
              "doOffStage": true,
              "key": "_Is_ActivityAbility_FleurFair_BowExtraAttackDoAreaDamage_CD",
            },
          ],
        },

      },
      "abilitySpecials": {
        "Value_AreaDamageCD": 1,
        "Value_BonusCritical": 1,
        "Value_DamageSystemValue": 0,
        "Value_DamageSystemValueRate": 5,
      },
    },
  }, //ActivityAbility_FleurFair_BowExtraAttackDoAreaDamage------角色使用弓箭蓄力射击时必定暴击，并且额外触发一个冲击波对范围内敌人造成一次巨额伤害（半径10米左右） （冲击波系数取10）

  {
    "Default": {
      "$type": "ConfigAbility",
      "abilityName": "ActivityAbility_FleurFair_ShieldOnBeingHitDoAreaDamage",
      "isDynamicAbility": true,
      "onAdded": [
        {
          "$type": "SetSystemValueToOverrideMap",
          "key": "Value_DamageSystemValue",
          "type": "ElementLevelCo",
        },
        {
          "$type": "AttachModifier",
          "modifierName": "UNIQUE_ActivityAbility_FleurFair_ShieldOnBeingHitDoAreaDamage",
          "target": "Self",
        },

      ],
      "modifiers": {
        "UNIQUE_ActivityAbility_FleurFair_ShieldOnBeingHitDoAreaDamage": {
          "buffID": 35001,
          "isUnique": true,
          "onBeingHit": [
            {
              "$type": "Predicated",
              "target": "Other",
              "targetPredicates": [
                {
                  "$type": "ByEntityTypes",
                  "entityTypes": [ "Monster", "Gadget" ],
                },
              ],
              "successActions": [
                {
                  "$type": "ApplyModifier",
                  "target": "Self",
                  "modifierName": "ActivityAbility_FleurFair_ShieldOnBeingHitDoAreaDamage",
                },
                {
                  "$type": "ApplyModifier",
                  "modifierName": "UNIQUE_ActivityAbility_FleurFair_ShieldOnBeingHitDoAreaDamage_CD",
                  "target": "Team",
                },
              ],
              "failActions": [
                {
                  "$type": "Predicated",
                  "target": "Target",
                  "targetPredicates": [
                    {
                      "$type": "ByEntityTypes",
                      "entityTypes": [ "Bullet" ],
                    },
                  ],
                  "successActions": [
                    {
                      "$type": "ApplyModifier",
                      "target": "Self",
                      "modifierName": "ActivityAbility_FleurFair_ShieldOnBeingHitDoAreaDamage",
                    },
                    {
                      "$type": "ApplyModifier",
                      "modifierName": "UNIQUE_ActivityAbility_FleurFair_ShieldOnBeingHitDoAreaDamage_CD",
                      "target": "Team",
                    },
                  ],
                },
              ],
              "predicates": [
                {
                  "$type": "ByTargetGlobalValue",
                  "key": "_Is_ActivityAbility_FleurFair_ShieldOnBeingHitDoAreaDamage_CD",
                  "target": "Team",
                  "value": 0,
                  "compareType": "NoneOrEqual",
                },
                {
                  "$type": "ByHasShield",
                  "target": "Self",
                  "type": "All",
                },
              ],
            },
          ],
        },
        "ActivityAbility_FleurFair_ShieldOnBeingHitDoAreaDamage": {
          "duration": 1,
          "onAdded": [
            {
              "$type": "FireEffect",
              "effectPattern": "Eff_Stages_FleurFairImpact_01",
              "born": {
                "$type": "ConfigBornByTarget",
              },
            },
            {
              "$type": "TriggerAttackEvent",
              "target": "Applier",
              "targetType": "Enemy",
              "attackEvent": {
                "attackPattern": {
                  "$type": "ConfigAttackSphere",
                  "triggerType": "TriggerNoRepeat",
                  "radius": 10,
                  "born": {
                    "$type": "ConfigBornBySelf",
                  },
                },
                "attackInfo": {
                  "attackProperty": {
                    "damageExtra": "%Value_DamageSystemValue*%Value_DamageSystemValueRate",
                    "ignoreAttackerProperty": true,
                    "elementDurability": 0,
                    "strikeType": "Default",
                    "enBreak": 0,
                  },
                  "hitPattern": {
                    "onHitEffectName": "",
                    "hitImpulseType": "LV2", //Light x200 y0
                    "reboundRatio": 0,
                    "hitHaltTime": 0.0,
                    "hitHaltTimeScale": 0.05,
                    "muteHitText": false,
                  },
                  "forceCameraShake": false,
                  "cameraShake": {
                  },
                },
              },
            },
          ],
        },
        "UNIQUE_ActivityAbility_FleurFair_ShieldOnBeingHitDoAreaDamage_CD": {
          "isUnique": true,
          "duration": "%Value_AreaDamageCD",
          "onAdded": [
            {
              "$type": "AddGlobalValue",
              "key": "_Is_ActivityAbility_FleurFair_ShieldOnBeingHitDoAreaDamage_CD",
              "value": 1,
              "useLimitRange": true,
              "maxValue": 1,
              "minValue": 1,
            },
          ],
          "onRemoved": [
            {
              "$type": "ClearGlobalValue",
              "key": "_Is_ActivityAbility_FleurFair_ShieldOnBeingHitDoAreaDamage_CD",
            },
          ],
        },

      },
      "abilitySpecials": {
        "Value_AreaDamageCD": 2,
        "Value_DamageSystemValue": 0,
        "Value_DamageSystemValueRate": 5,
      },
    },
  }, //ActivityAbility_FleurFair_ShieldOnBeingHitDoAreaDamage------角色处于护盾状态下时，每次被怪物攻击命中都会反弹触发一个冲击波（以被反弹的怪物坐标为中心半径10米左右圆形范围），对范围内敌人造成巨额伤害 （内置CD2秒，冲击波伤害系数取10）
]