[
    {
        "Default":
        {
            "$type": "ConfigAbility",
            "abilityName": "ChallengeAbility_DragonSpine_MoveSpeed",
            "isDynamicAbility":true,
            "onAdded":
            [
                {
                    "$type": "AttachModifier",
                    "modifierName": "UNIQUE_ChallengeAbility_DragonSpine_MoveSpeed",
                    "target": "Self",
                    "doOffStage": true,
                },
            ],
            "modifiers":
            {
                "UNIQUE_ChallengeAbility_DragonSpine_MoveSpeed": 
                {
                    "isUnique": true,
                    "stacking": "Unique",
                    "properties": 
                    {
                        "Animator_MoveSpeedRatio": "%MoveSpeedRatio",
                    },
                    "state": "SpeedUp",
                },
            },
            "abilitySpecials":
            {
                "MoveSpeedRatio": 0.25,
            },
        },
    },

    {
        "Default":
        {
            "$type": "ConfigAbility",
            "abilityName": "ChallengeAbility_DragonSpine_HealHp",
            "isDynamicAbility":true,
            "onAdded":
            [
                {
                    "$type": "AttachModifier",
                    "modifierName": "UNIQUE_ChallengeAbility_DragonSpine_HealHp",
                    "target": "Team",
                },
            ],
            "modifiers":
            {
                "UNIQUE_ChallengeAbility_DragonSpine_HealHp": 
                {
                    "duration": "%BuffDuration",
                    "isUnique": true, 
                    "stacking": "Unique",
                    "onAdded": 
                    [
                        {                        
                            "$type": "ApplyModifier",
                        "modifierName": "Heal",
                        "target": "CurLocalAvatar",
                        },
                    ],
                    "thinkInterval": 5,
                    "onThinkInterval":
                    [
                        {
                            "$type": "ApplyModifier",
                            "modifierName": "Heal",
                            "target": "CurLocalAvatar",
                        },
                    ],
                },
                "Heal": 
                {
                    "stacking": "Multiple",
                    "duration": 0.1,
                    "onAdded": 
                    [
                        {
                            "$type": "HealHP",
                            "amountByTargetMaxHPRatio": "%HpRatio",
                        },
                    ],
                },
            },
            "abilitySpecials":
            {
                "BuffDuration": 120,
                "HpRatio": 0.1,
            },
        },
    },

    {
        "Default":
        {
            "$type": "ConfigAbility",
            "abilityName": "ChallengeAbility_DragonSpine_AttackUp",
            "isDynamicAbility":true,
            "onAdded":
            [
                {
                    "$type": "AttachModifier",
                    "modifierName": "UNIQUE_ChallengeAbility_DragonSpine_AttackUp",
                    "target": "Self",
                    "doOffStage": true,
                },
            ],
            "modifiers":
            {
                "UNIQUE_ChallengeAbility_DragonSpine_AttackUp": 
                {
                    "isUnique": true,
                    "stacking": "Unique",
                    "properties": 
                    {
                        "Actor_AttackRatio": "%AttackRatio",
                    },
                    "state": "AttackUp",
                },
            },
            "abilitySpecials":
            {
                "AttackRatio": 0.4,
            },
        },
    },

    {
        "Default":
        {
            "$type": "ConfigAbility",
            "abilityName": "ChallengeAbility_DragonSpine_AttackSpeed",
            "isDynamicAbility":true,
            "onAdded":
            [
                {
                    "$type": "AttachModifier",
                    "modifierName": "UNIQUE_ChallengeAbility_DragonSpine_AttackSpeed",
                    "target": "Self",
                    "doOffStage": true,
                },
            ],
            "modifiers":
            {
                "UNIQUE_ChallengeAbility_DragonSpine_AttackSpeed": 
                {
                    "isUnique": true,
                    "stacking": "Unique",
                    "properties": 
                    {
                        "Animator_AttackSpeedRatio": "%AttackSpeedRatio",
                    },
                    "state": "SpeedUp",
                },
            },
            "abilitySpecials":
            {
                "AttackSpeedRatio": 0.25,
            },
        },
    },
]