[
    {
        "Default":
        {
            "$type": "ConfigAbility",
            "abilityName": "ActivityAbility_DragonSpine_Weapon_Attack",
            "isDynamicAbility":true,
            "onAdded":
            [
                {
                    "$type": "RemoveUniqueModifier",
                    "modifierName": "UNIQUE_ActivityAbility_DragonSpine_Weapon_Attack",
                    "target": "Self",
                    "doOffStage": true,
                },
                {
                    "$type": "AttachModifier",
                    "modifierName": "UNIQUE_ActivityAbility_DragonSpine_Weapon_Attack",
                    "target": "Self",
                    "doOffStage": true,
                },
            ],

            "modifiers":
            {
                "UNIQUE_ActivityAbility_DragonSpine_Weapon_Attack": 
                {
                    "isUnique": true,
                    "stacking": "Unique",
                    "modifierMixins":
                    [
                        {
                            "$type": "ModifyDamageMixin",
                            "ignoreEventInfo": true,
                            "damagePercentageRatio": "%AttackRatio",
                            "predicates": [
                                {
                                    "$type": "ByTargetLayoutArea",
                                    "climateType": "Cold",
                                    "areaID": 1,
                                },
                            ],
                        },
                    ],
                },
            },
            "abilitySpecials":
            {
                "AttackRatio": 0.60,
            },
        },
    },

    {
        "Default":
        {
            "$type": "ConfigAbility",
            "abilityName": "ActivityAbility_DragonSpine_Weapon_AntiCold",
            "isDynamicAbility":true,
            "onAdded":
            [
                {
                    "$type": "RemoveUniqueModifier",
                    "modifierName": "UNIQUE_ActivityAbility_DragonSpine_Weapon_AntiCold",
                    "target": "Self",
                    "doOffStage": true,
                },
                {
                    "$type": "AttachModifier",
                    "modifierName": "UNIQUE_ActivityAbility_DragonSpine_Weapon_AntiCold",
                    "target": "Self",
                    "doOffStage": true,
                },
            ],
            "modifiers":
            {
                "UNIQUE_ActivityAbility_DragonSpine_Weapon_AntiCold": 
                {
                    "isUnique": true,
                    "stacking": "Unique",
                    "modifierMixins":
                    [
                        {
                            "$type": "ResistClimateMixin",
                            "type":"Current",
                            "climateTypes": ["Cold"],
                            "source": "All",
                            "trend": "Rise",
                            "ratio": "%ResistClimateRatio",
                        },
                    ],
                },
            },
            "abilitySpecials":
            {
                "ResistClimateRatio": -0.33,
            },
        },
    },


    {
        "Default":
        {
            "$type": "ConfigAbility",
            "abilityName": "ActivityAbility_DragonSpine_Weapon_Critical",
            "isDynamicAbility":true,
            "onAdded":
            [
                {
                    "$type": "RemoveUniqueModifier",
                    "modifierName": "UNIQUE_ActivityAbility_DragonSpine_Weapon_Critical",
                    "target": "Self",
                    "doOffStage": true,
                },
                {
                    "$type": "AttachModifier",
                    "modifierName": "UNIQUE_ActivityAbility_DragonSpine_Weapon_Critical",
                    "target": "Self",
                    "doOffStage": true,
                },
            ],
            "modifiers":
            {
                "UNIQUE_ActivityAbility_DragonSpine_Weapon_Critical": 
                {
                    "isUnique": true,
                    "stacking": "Unique",
                    "modifierMixins":
                    [
                        {
                            "$type": "ModifyDamageMixin",
                            "ignoreEventInfo": true,
                            "bonusCritical": "%CriticalDelta",
                            "predicates": [
                                {
                                    "$type": "ByTargetLayoutArea",
                                    "climateType": "Cold",
                                    "areaID": 1,
                                },
                            ],
                        },
                    ],
                },
            },
            "abilitySpecials":
            {
                "CriticalDelta": 0.35,
            },
        },
    },

    {
        "Default":
        {
            "$type": "ConfigAbility",
            "abilityName": "ActivityAbility_DragonSpine_Weapon_BloodSmash",
            "isDynamicAbility":true,
            "onAdded":
            [
                {
                    "$type": "RemoveUniqueModifier",
                    "modifierName": "UNIQUE_ActivityAbility_DragonSpine_Weapon_BloodSmash",
                    "target": "Self",
                    "doOffStage": true,
                },
                {
                    "$type": "AttachModifier",
                    "modifierName": "UNIQUE_ActivityAbility_DragonSpine_Weapon_BloodSmash",
                    "target": "Self",
                    "doOffStage": true,
                },
            ],
            "modifiers":
            {
                "UNIQUE_ActivityAbility_DragonSpine_Weapon_BloodSmash": 
                {
                    "isUnique": true,
                    "stacking": "Unique",
                    "modifierMixins":
                    [
                        {
                            "$type": "ModifyDamageMixin",
                            "damagePercentageRatio": "%Rate",
                            "attackTags":
                            [
                                "BloodSmash"
                            ],
                            "predicates": [
                                {
                                    "$type": "ByTargetLayoutArea",
                                    "climateType": "Cold",
                                    "areaID": 1,
                                },
                            ],
                        },
                    ],
                },
            },
            "abilitySpecials":
            {
                "Rate": 0.5,
            },
        },
    },


    {
        "Default":
        {
            "$type": "ConfigAbility",
            "abilityName": "ActivityAbility_DragonSpine_Weapon_CriticalHurt",
            "isDynamicAbility":true,
            "onAdded":
            [
                {
                    "$type": "RemoveUniqueModifier",
                    "modifierName": "UNIQUE_ActivityAbility_DragonSpine_Weapon_CriticalHurt",
                    "target": "Self",
                    "doOffStage": true,
                },
                {
                    "$type": "AttachModifier",
                    "modifierName": "UNIQUE_ActivityAbility_DragonSpine_Weapon_CriticalHurt",
                    "target": "Self",
                    "doOffStage": true,
                },
            ],
            "modifiers":
            {
                "UNIQUE_ActivityAbility_DragonSpine_Weapon_CriticalHurt": 
                {
                    "isUnique": true,
                    "stacking": "Unique",
                    "modifierMixins":
                    [
                        {
                            "$type": "ModifyDamageMixin",
                            "ignoreEventInfo": true,
                            "bonusCriticalHurt": "%CriticalHurtDelta",
                            "predicates": [
                                {
                                    "$type": "ByTargetLayoutArea",
                                    "climateType": "Cold",
                                    "areaID": 1,
                                },
                            ],
                        },
                    ],
                },
            },
            "abilitySpecials":
            {
                "CriticalHurtDelta": 0.7,
            },
        },
    },
]