[
  {
    "Default": {
      "$type": "ConfigAbility",
      "abilityName": "ActivityAbility_Challenge_SprintAreaAttack",
      "isDynamicAbility": true,
      "abilityMixins": [
        {
          "$type": "AttachToStateIDMixin",
          "stateIDs": [ "SprintBS", ],
          "modifierName": "ActivityAbility_Challenge_SprintAreaAttack_Check",
        },
      ],
      "onAdded": [
        {
          "$type": "AddGlobalValue",
          "target": "Team",
          "key": "_Is_ActivityAbility_Challenge_SprintAreaAttack_Count",
          "value": 0,
          "useLimitRange": true,
          "maxValue": "%MaxCount",
          "minValue": 0,
        },
      ],
      "modifiers": {
        "ActivityAbility_Challenge_SprintAreaAttack_Check": {
          "onAdded": [
            {
              "$type": "Predicated",
              "target": "Team",
              "targetPredicates": [
                {
                  "$type": "ByTargetGlobalValue",
                  "target": "Team",
                  "key": "_Is_ActivityAbility_Challenge_SprintAreaAttack_Count",
                  "value": 2,
                  "compareType": "LessAndEqual",
                },

              ],
              "successActions": [
                {
                  "$type": "ApplyModifier",
                  "modifierName": "UNIQUE_ActivityAbility_Challenge_SprintAreaAttack_Team_CD",
                  "target": "Team",
                },
                {
                  "$type": "CreateGadget",
                  "target": "CurLocalAvatar",
                  "gadgetID": 44000007,
                  "campID": 1001,
                  "campTargetType": "Enemy",
                  "campBasedOn": "Self",
                  "born": {
                    "$type": "ConfigBornByTarget",
                  },
                },
              ],
            },
          ],
        },
        "UNIQUE_ActivityAbility_Challenge_SprintAreaAttack_Team_CD": {
          "isUnique": true,
          "duration": "%Charge_CD",
          "stackingOption": {
            "maxModifierNumForMultipleType": "%MaxCount",
          },
          "onAdded": [
            {
              "$type": "AddGlobalValue",
              "key": "_Is_ActivityAbility_Challenge_SprintAreaAttack_Count",
              "value": 1,
              "useLimitRange": true,
              "maxValue": "%MaxCount",
              "minValue": 0,
            },
          ],
          "onRemoved": [
            {
              "$type": "AddGlobalValue",
              "key": "_Is_ActivityAbility_Challenge_SprintAreaAttack_Count",
              "value": -1,
              "useLimitRange": true,
              "maxValue": "%MaxCount",
              "minValue": 0,
            },
          ],
        },
      },
      "abilitySpecials": {
        "Charge_CD": 10,
        "MaxCount": 3,
      },
    },
  }, //ActivityAbility_Challenge_SprintAreaAttack------使用冲刺后会在原地留下一个n秒后爆炸的能量波

  {
    "Default": {
      "$type": "ConfigAbility",
      "abilityName": "ActivityAbility_Challenge_SprintAreaAttack_Gadget",
      "isDynamicAbility": true,
      "onAdded": [
        {
          "$type": "ApplyModifier",
          "modifierName": "SprintAreaAttack",
        },
        {
          "$type": "SetSystemValueToOverrideMap",
          "doOffStage": true,
          "key": "DamageSystemValue",
          "type": "ElementLevelCo",
        },
      ],
      "modifiers": {
        "SprintAreaAttack": {
          "duration": "%Delay",
          "onAdded": [
            {
              "$type": "AttachEffect",
              "effectPattern": "Eff_Stages_GainWave_Stay",
              "born": {
                "$type": "ConfigBornByTarget",
              },
            },
          ],
          "onRemoved": [
            {
              "$type": "FireEffect",
              "effectPattern": "Eff_Stages_GainWave_01",
              "born": {
                "$type": "ConfigBornByTarget",
              },
            },
            {
              "$type": "TriggerAttackEvent",
              "target": "OriginOwner",
              "targetType": "Enemy",
              "attackEvent": {
                "attackPattern": {
                  "$type": "ConfigAttackSphere",
                  "triggerType": "TriggerNoRepeat",
                  "radius": 4,
                  "born": {
                    "$type": "ConfigBornBySelf",
                  },
                },
                "attackInfo": {
                  "attackProperty": {
                    "damageExtra": "%Damage*%DamageSystemValue",
                    "ignoreAttackerProperty": true,
                  },
                  "hitPattern": {
                    "onHitEffectName": "",
                    "hitImpulseType": "LV2", //Light x200 y0
                    "reboundRatio": 0,
                    "hitHaltTime": 0.0,
                    "hitHaltTimeScale": 0.05,
                    "muteHitText": false,
                  },
                  "forceCameraShake": false,
                  "cameraShake": {
                  },
                }
              },
            },
          ],
        },
      },
      "abilitySpecials": {
        "Delay": 1,
        "Damage": 4,
        "DamageSystemValue": 0,
      },
    },
  }, //ActivityAbility_Challenge_SprintAreaAttack_Gadget------使用冲刺后会在原地留下一个n秒后爆炸的能量波

  {
    "Default": {
      "$type": "ConfigAbility",
      "abilityName": "ActivityAbility_Challenge_FallAnthem_AddHurt",
      "isDynamicAbility": true,
      "onAdded": [
        {
          "$type": "AttachModifier",
          "modifierName": "UNIQUE_ActivityAbility_Challenge_FallAnthem_AddHurt",
          "target": "Self",
          "doOffStage": true,
        },
      ],
      "modifiers": {
        "UNIQUE_ActivityAbility_Challenge_FallAnthem_AddHurt": {
          "isUnique": true,
          "stacking": "Unique",
          "modifierMixins": [
            {
              "$type": "ModifyDamageMixin",
              "attackTags": [ "FallingAttack" ],
              "damagePercentageRatio": "%Damage",
            },
            {
              "$type": "AttachToStateIDMixin",
              "stateIDs": [
                "FallingAnthem_AS_1",
                "FallingAnthem_AS_2"
              ],
              "modifierName": "TriggerAreaAttack",
            },
          ],
        },
        "TriggerAreaAttack": {
          "duration": 0.1,
          "stacking": "Unique",
          "onAdded": [
            {
              "$type": "ExecuteGadgetLua",
              "param1": 201,
              "otherTargets": {
                "$type": "SelectTargetsByShape",
                "shapeName": "CircleR25",
                "entityTypePriority": [
                  "Gadget"
                ],
              },
              "predicates": [
                {
                  "$type": "ByTargetGlobalValue",
                  "key": "IS_ARENASHAKE",
                  "value": 1,
                  "compareType": "Equal",
                },
              ],
            },
          ],
        },
      },
      "abilitySpecials": {
        "Damage": 2,
      },
    },
  }, //ActivityAbility_Challenge_FallAnthem_AddHurt------怪物受到下落攻击伤害提升200%(下落攻击造成的伤害增加200%)

  {
    "Default": {
      "$type": "ConfigAbility",
      "abilityName": "ActivityAbility_Challenge_AtkDefUpAfterULT",
      "isDynamicAbility": true,
      "abilityMixins": [
        {
          "$type": "OnAvatarUseSkillMixin",
          "clearSkillIdDelay": 0.2,
          "onTriggerUltimateSkill": [
            {
              "$type": "AddGlobalValue",
              "target": "CurTeamAvatars",
              "key": "_ability_ActivityAbility_Challenge_AtkDefUpAfterULT_BuffCurCount",
              "value": 1,
              "useLimitRange": true,
              "minValue": 0,
              "maxValue": "%Buff_MaxCount",
            },
            {
              "$type": "SetGlobalValueToOverrideMap",
              "globalValueKey": "_ability_ActivityAbility_Challenge_AtkDefUpAfterULT_BuffCurCount",
              "overrideMapKey": "Buff_CurCount",
            },
            {
              "$type": "RemoveUniqueModifier",
              "doOffStage": true,
              "modifierName": "UNIQUE_ActivityAbility_Challenge_AtkDefUpAfterULT",
              "target": "CurTeamAvatars",
            },
            {
              "$type": "AttachModifier",
              "doOffStage": true,
              "modifierName": "UNIQUE_ActivityAbility_Challenge_AtkDefUpAfterULT",
              "target": "CurTeamAvatars",
            },
          ],
        },
      ],
      "onAdded": [
        {
          "$type": "ClearGlobalValue",
          "key": "_ability_ActivityAbility_Challenge_AtkDefUpAfterULT_BuffCurCount",
        },
      ],
      "modifiers": {
        "UNIQUE_ActivityAbility_Challenge_AtkDefUpAfterULT": {
          "isUnique": true,
          "stacking": "Unique",
          "isLimitedProperties": true,
          "onAdded": [
            {
              "$type": "AttachModifier",
              "doOffStage": true,
              "modifierName": "UNIQUE_ActivityAbility_Challenge_AtkDefUpAfterULT_DefState",
            }, //仅状态的特效显示
          ],
          "properties": {
            "Actor_AttackRatio": "%Buff_AtkRate*%Buff_CurCount",
            "Actor_DefenceRatio": "%Buff_DefRate*%Buff_CurCount",
          },
          "state": "AttackUp",
        },
        "UNIQUE_ActivityAbility_Challenge_AtkDefUpAfterULT_DefState": {
          "isUnique": true,
          "stacking": "Unique",
          "state": "DefenseUp",
        }, //仅状态的特效显示
      },
      "abilitySpecials": {
        "Buff_CurCount": 0,
        "Buff_MaxCount": 5,
        "Buff_AtkRate": 0.1,
        "Buff_DefRate": 0.1,
      },
    },
  }, //ActivityAbility_Challenge_AtkDefUpAfterULT------角色每释放一次元素爆发，队伍的所有角色攻击力和防御力提升10%，可叠加10层。

  {
    "Default": {
      "$type": "ConfigAbility",
      "abilityName": "ActivityAbility_Challenge_AtkSpeed",
      "isDynamicAbility": true,
      "onAdded": [
        {
          "$type": "AttachModifier",
          "modifierName": "UNIQUE_ActivityAbility_Challenge_AtkSpeed",
          "doOffStage": true,
          "target": "Self",
        },
      ],
      "modifiers": {
        "UNIQUE_ActivityAbility_Challenge_AtkSpeed": {
          "isLimitedProperties": true,
          "stacking": "Unique",
          "isUnique": true,
          "properties": {
            "Animator_AttackSpeedRatio": "%AtkSpeed",
          },
        },
      },
      "abilitySpecials": {
        "AtkSpeed": 0.5,
      },
    },
  }, //ActivityAbility_Challenge_AtkSpeed------攻速增加

  {
    "Default": {
      "$type": "ConfigAbility",
      "abilityName": "ActivityAbility_Challenge_EnhancExtraAttack",
      "isDynamicAbility": true,
      "onAdded": [
        {
          "$type": "AttachModifier",
          "modifierName": "UNIQUE_ActivityAbility_Challenge_EnhancExtraAttack_AddHurt",
          "doOffStage": true,
          "target": "Self",
        },
      ],
      "abilityMixins": [
        {
          "$type": "AttachToStateIDMixin",
          "stateIDs": [ "ExtraAttack", "ExtraAttack1", "ExtraAttack2", "ExtraAttack3", "ExtraAttack_BS" ],
          "modifierName": "UNIQUE_ActivityAbility_Challenge_EnhancExtraAttack_Cost",
        },
      ],
      "modifiers": {
        "UNIQUE_ActivityAbility_Challenge_EnhancExtraAttack_Cost": {
          "isUnique": true,
          "isLimitedProperties": true,
          "properties": {
            "Actor_CostStaminaRatio": "%Cost",
          },
        },
        "UNIQUE_ActivityAbility_Challenge_EnhancExtraAttack_AddHurt": {
          "isUnique": true,
          "stacking": "Unique",
          "modifierMixins": [
            {
              "$type": "ModifyDamageMixin",
              "attackTags": [ "ExtraAttack" ],
              "damagePercentageRatio": "%Damage",
            },
          ],
        },

      },
      "abilitySpecials": {
        "Cost": -0.5,
        "Damage": 0.25,
      },
    },
  }, //ActivityAbility_Challenge_EnhancExtraAttack------重击消耗体力降低50%，重击造成的伤害提升25%

  {
    "Default": {
      "$type": "ConfigAbility",
      "abilityName": "ActivityAbility_Challenge_AreaAttackOnEnemyKilled",
      "isDynamicAbility": true,
      "onAdded": [
        {
          "$type": "SetSystemValueToOverrideMap",
          "doOffStage": true,
          "key": "DamageSystemValue",
          "type": "ElementLevelCo",
        },
      ],
      "abilityMixins": [
        {
          "$type": "DoActionByKillingMixin",
          "attackTags": [ "ExtraAttack" ],
          //算的是此角色最后一击的tag。不一定是击杀那一击（可能是别人击杀的）
          "detectWindow": 0.6, //这段时间之后击杀都算，但是无论是modifiermixin还是abilitymixin都需要角色在场。
          "onKill": [
            {
              "$type": "Predicated", //务必要用这个写法，不然other无法传递给predicate
              "target": "Other",
              "targetPredicates": [
                {
                  "$type": "ByEntityTypes",
                  "target": "Target",
                  "entityTypes": [ "Monster", ],
                },
              ],
              "successActions": [
                {
                  "$type": "SetGlobalPos",
                  "target": "SelfAttackTarget",
                  "key": "_ActivityAbility_Challenge_AreaAttackOnEnemyKilled_POS",
                  "setTarget": false,
                },
                {
                  "$type": "FireEffect",
                  "effectPattern": "Eff_Stages_GainWave_01",
                  "born": {
                    "$type": "ConfigBornByGlobalValue",
                    "positionKey": "_ActivityAbility_Challenge_AreaAttackOnEnemyKilled_POS",
                    "offset": {
                      "x": 0,
                      "y": 1,
                      "z": 0,
                    },
                    "onGround": true,
                  },
                },
                {
                  "$type": "TriggerAttackEvent",
                  "target": "Caster",
                  "targetType": "Enemy",
                  "attackEvent": {
                    "attackPattern": {
                      "$type": "ConfigAttackSphere",
                      "triggerType": "TriggerNoRepeat",
                      "radius": 4,
                      "born": {
                        "$type": "ConfigBornByGlobalValue",
                        "positionKey": "_ActivityAbility_Challenge_AreaAttackOnEnemyKilled_POS",
                        "offset": {
                          "x": 0,
                          "y": 1,
                          "z": 0,
                        },
                        "onGround": true,
                      },
                    },
                    "attackInfo": {
                      "attackProperty": {
                        "damageExtra": "%Damage*%DamageSystemValue",
                        "ignoreAttackerProperty": true,
                      },
                      "hitPattern": {
                        "onHitEffectName": "",
                        "hitImpulseType": "LV2", //Light x200 y0
                        "reboundRatio": 0,
                        "hitHaltTime": 0.0,
                        "hitHaltTimeScale": 0.05,
                        "muteHitText": false,
                      },
                      "forceCameraShake": false,
                      "cameraShake": {
                      },
                    }
                  },
                },
              ],
            },
          ]
        },
      ],
      "abilitySpecials": {
        "Damage": 4,
        "DamageSystemValue": 0,
      },
    },
  }, //ActivityAbility_Challenge_AreaAttackOnEnemyKilled------重击打倒敌人时，会造成冲击波

  {
    "Default": {
      "$type": "ConfigAbility",
      "abilityName": "ActivityAbility_Challenge_ElemReactExplode_AddHurt",
      "isDynamicAbility": true,
      "onAdded": [
        {
          "$type": "AttachModifier",
          "modifierName": "UNIQUE_ActivityAbility_Challenge_ElemReactExplode_AddHurt",
          "target": "Self",
          "doOffStage": true,
        },
      ],
      "modifiers": {
        "UNIQUE_ActivityAbility_Challenge_ElemReactExplode_AddHurt": {
          "isUnique": true,
          "stacking": "Unique",
          "isLimitedProperties": true,
          "properties": {
            "Actor_ElemReactExplodeDelta": "%Value",
          },
        },
      },
      "abilitySpecials": {
        "Value": 1,
      },
    },
  }, //ActivityAbility_Challenge_ElemReactExplode_AddHurt------全队角色造成的超载反应伤害提升100%

  {
    "Default": {
      "$type": "ConfigAbility",
      "abilityName": "ActivityAbility_Challenge_ElemReactElectric_AddHurt",
      "isDynamicAbility": true,
      "onAdded": [
        {
          "$type": "AttachModifier",
          "modifierName": "UNIQUE_ActivityAbility_Challenge_ElemReactElectric_AddHurt",
          "target": "Self",
          "doOffStage": true,
        },
      ],
      "modifiers": {
        "UNIQUE_ActivityAbility_Challenge_ElemReactElectric_AddHurt": {
          "isUnique": true,
          "stacking": "Unique",
          "isLimitedProperties": true,
          "properties": {
            "Actor_ElemReactElectricDelta": "%Value",
          },
        },
      },
      "abilitySpecials": {
        "Value": 1,
      },
    },
  }, //ActivityAbility_Challenge_ElemReactElectric_AddHurt------全队角色造成的感电反应伤害提升100%

  {
    "Default": {
      "$type": "ConfigAbility",
      "abilityName": "ActivityAbility_Challenge_FireAddHurt",
      "isDynamicAbility": true,
      "onAdded": [
        {
          "$type": "AttachModifier",
          "modifierName": "UNIQUE_ActivityAbility_Challenge_FireAddHurt",
          "target": "Self",
          "doOffStage": true,
        },
      ],
      "modifiers": {
        "UNIQUE_ActivityAbility_Challenge_FireAddHurt": {
          "isUnique": true,
          "stacking": "Unique",
          "isLimitedProperties": true,
          "properties": {
            "Actor_FireAddHurtDelta": "%Value",
          },
        },
      },
      "abilitySpecials": {
        "Value": 0.5,
      },
    },
  }, //ActivityAbility_Challenge_FireAddHurt------全队角色火元素伤害加成提升25%

  /**/
  //1-13日迭代内容=================================================

  {
    "Default": {
      "$type": "ConfigAbility",
      "abilityName": "ActivityAbility_Challenge_ShockAddHurt",
      "isDynamicAbility": true,
      "onAdded": [
        {
          "$type": "AttachModifier",
          "modifierName": "UNIQUE_ActivityAbility_Challenge_ShockAddHurt_Team",
          "target": "Team",
        },
      ],
      "onAvatarIn": [
        {
          "$type": "AttachModifier",
          "modifierName": "UNIQUE_ActivityAbility_Challenge_ShockAddHurt_Team",
          "target": "Team",
        },
      ],
      "modifiers": {
        "UNIQUE_ActivityAbility_Challenge_ShockAddHurt_Team": {
          "isUnique": true,
          "stacking": "Unique",
          "modifierMixins": [
            {
              "$type": "CurLocalAvatarMixin",
              "modifierName": "UNIQUE_ActivityAbility_Challenge_ShockAddHurt_Avatar",
            },
          ],
        },
        "UNIQUE_ActivityAbility_Challenge_ShockAddHurt_Avatar": {
          "isUnique": true,
          "stacking": "Unique",
          "isLimitedProperties": true,
          "properties": {
            "Actor_ElemReactElectricDelta": "%Value",
          },
        },
      },
      "abilitySpecials": {
        "Value": 1.5,
      },
    },
  }, //ActivityAbility_Challenge_ShockAddHurt------（当前场上角色）感电反应造成的伤害提高150%。
  {
    "Default": {
      "$type": "ConfigAbility",
      "abilityName": "ActivityAbility_Challenge_ShockAreaAttack",
      "isDynamicAbility": true,
      "abilityMixins": [
        {
          "$type": "DoActionByElementReactionMixin",
          "range": 20, //这个就是默认值
          "entityTypes": [
            "Monster"
          ],
          "reactionTypes": [
            "Shock",
          ],
          "actions": [
            {
              "$type": "ApplyModifier",
              "target": "Team",
              "modifierName": "UNIQUE_ActivityAbility_Challenge_ShockAreaAttack_Team",
            },
          ],
        }, //一个检测发生了元素反应的mixin
      ],
      "modifiers": {
        "UNIQUE_ActivityAbility_Challenge_ShockAreaAttack_Team": {
          "isUnique": true,
          "duration": "%Value_CD",
          "stacking": "Unique",
          "onAdded": [
            {
              "$type": "ServerLuaCall",
              "luaCallType": "SpecificGroup",
              "funcName": "Activity_Arena_ShockAreaAttack",
              "CallParamList": [ 133001577 ],
            },
          ],
        },
      },
      "abilitySpecials": {
        "Value_CD": 4,
      },
    },
  }, //ActivityAbility_Challenge_ShockAreaAttack------当前场上角色触发感电时产生冲击波（类似雷元素浓度的地面冲击波特效），全擂台范围环境伤害，该效果有5秒的最低触发间隔


  {
    "Default": {
      "$type": "ConfigAbility",
      "abilityName": "ActivityAbility_Challenge_FallingAttack",
      "isDynamicAbility": true,
      "onAdded": [
        {
          "$type": "AttachModifier",
          "modifierName": "UNIQUE_ActivityAbility_Challenge_FallingAttack_Team",
          "target": "Team",
        },
      ],
      "onAvatarIn": [
        {
          "$type": "AttachModifier",
          "modifierName": "UNIQUE_ActivityAbility_Challenge_FallingAttack_Team",
          "target": "Team",
        },
      ],
      "onRemoved": [
        {
          "$type": "ClearGlobalValue",
          "doOffStage": true,
          "target": "Self",
          "key": "_ActivityAbility_Challenge_FallingAttack_TempValue",
        },
      ],
      "modifiers": {
        "UNIQUE_ActivityAbility_Challenge_FallingAttack_Team": {
          "isUnique": true,
          "stacking": "Unique",
          "modifierMixins": [
            {
              "$type": "CurLocalAvatarMixin",
              "modifierName": "UNIQUE_ActivityAbility_Challenge_FallingAttack_Avatar",
            },
          ],
        },
        "UNIQUE_ActivityAbility_Challenge_FallingAttack_Avatar": {
          "isUnique": true,
          "stacking": "Unique",
          "modifierMixins": [
            {
              "$type": "ModifyDamageMixin",
              "attackTags": [ "FallingAttack" ],
              "damagePercentageRatio": "%Value_Base+%Value_Up*%Value_CurCount",
            },
            {
              "$type": "AttachToStateIDMixin",
              "stateIDs": [
                "FallingAnthem_AS_1",
                "FallingAnthem_AS_2"
              ],
              "modifierName": "TriggerAreaAttack",
            },
          ],
        },
        "TriggerAreaAttack": {
          "duration": 0.1,
          "stacking": "Unique",
          "onAdded": [
            {
              "$type": "ServerLuaCall",
              "luaCallType": "SpecificGroup",
              "funcName": "Activity_Arena_FallingAreaAttack",
              "CallParamList": [ 133001582 ],
            },
            {
              "$type": "AddGlobalValue",
              "target": "CurTeamAvatars",
              "key": "_ActivityAbility_Challenge_FallingAttack_TempValue",
              "value": 1,
              "useLimitRange": true,
              "minValue": 0,
              "maxValue": "%Value_MaxCount",
            },
            {
              "$type": "SetGlobalValueToOverrideMap",
              "target": "CurTeamAvatars",
              "globalValueKey": "_ActivityAbility_Challenge_FallingAttack_TempValue",
              "overrideMapKey": "Value_CurCount",
            },
          ],
        },
      },
      "abilitySpecials": {
        "Value_Base": 0,
        "Value_Up": 0.5,
        "Value_CurCount": 0,
        "Value_MaxCount": 10,
      },
    },
  }, //ActivityAbility_Challenge_FallingAttack------下落攻击额外触发冲击波，全擂台范围环境伤害,角色每释放一次下落攻击，会使全队角色造成的下一次下落攻击伤害及冲击波伤害提升50%，该效果最多叠加10层

  {
    "Default": {
      "$type": "ConfigAbility",
      "abilityName": "ActivityAbility_Challenge_Frozen",
      "onAdded": [
        {
          "$type": "AttachModifier",
          "target": "Team",
          "modifierName": "UNIQUE_ActivityAbility_Challenge_Frozen_Team",
        },
        {
          "$type": "SetSystemValueToOverrideMap",
          "doOffStage": true,
          "key": "Value_Frozen_DamageSystemValue",
          "type": "ElementLevelCo",
        },
        {
          "$type": "ClearGlobalValue",
          "doOffStage": true,
          "target": "CurTeamAvatars",
          "key": "_ActivityAbility_Challenge_Frozen_DoAttack",
        },
      ],
      "onAvatarIn": [
        {
          "$type": "AttachModifier",
          "modifierName": "UNIQUE_ActivityAbility_Challenge_Frozen_Team",
          "target": "Team",
        },
      ],
      "modifiers": {
        "UNIQUE_ActivityAbility_Challenge_Frozen_Team": {
          "isUnique": true,
          "stacking": "Unique",
          "modifierMixins": [
            {
              "$type": "CurLocalAvatarMixin",
              "modifierName": "UNIQUE_ActivityAbility_Challenge_Frozen_Avatar",
            },
          ],
        },
        "UNIQUE_ActivityAbility_Challenge_Frozen_Avatar": {
          "onAttackLanded": [
            {
              "$type": "Predicated",
              "target": "Other",
              "targetPredicates": [
                {
                  "$type": "ByEntityTypes",
                  "entityTypes": [
                    "Monster"
                  ],
                },
                {
                  "$type": "ByAttackTags",
                  "attackTags": [ "NormalAttack_01", "NormalAttack_02", "NormalAttack_03", "NormalAttack_04", "NormalAttack_05", "NormalAttack_06", "ExtraAttack" ],
                },
                {
                  "$type": "ByHasAbilityState",
                  "abilityState": "ElementFreeze",
                },
              ],
              "successActions": [
                {
                  "$type": "Randomed",
                  "target": "Caster",
                  "chance": "%Value_Chance",
                  "successActions": [
                    {
                      "$type": "ApplyModifier",
                      "modifierName": "UNIQUE_ActivityAbility_Challenge_Frozen_CD_Team",
                      "target": "Team",
                    },
                    {
                      "$type": "SetGlobalValue",
                      "target": "Caster",
                      "key": "_ActivityAbility_Challenge_Frozen_DoAttack",
                      "value": 1,
                    },
                  ],
                },
              ],
              "predicates": [
                {
                  "$type": "ByTargetGlobalValue",
                  "key": "_ActivityAbility_Challenge_Frozen_CD",
                  "target": "Team",
                  "value": 0,
                  "compareType": "NoneOrEqual",
                },
              ],
            },
            {
              "$type": "ApplyModifier",
              "modifierName": "ActivityAbility_Challenge_Frozen_AreaAttack",
              "target": "Other",
              "predicates": [
                {
                  "$type": "ByTargetGlobalValue",
                  "key": "_ActivityAbility_Challenge_Frozen_DoAttack",
                  "forceByCaster": true,
                  "value": 0,
                  "compareType": "MoreThan",
                },
              ],
            },
            {
              "$type": "ClearGlobalValue",
              "doOffStage": true,
              "target": "CurTeamAvatars",
              "key": "_ActivityAbility_Challenge_Frozen_DoAttack",
              "predicates": [
                {
                  "$type": "ByTargetGlobalValue",
                  "key": "_ActivityAbility_Challenge_Frozen_DoAttack",
                  "forceByCaster": true,
                  "value": 0,
                  "compareType": "MoreThan",
                },
              ],
            },
          ],
          "isUnique": true,
        },
        "ActivityAbility_Challenge_Frozen_AreaAttack": {
          "duration": 0.5,
          "onAdded": [
            {
              "$type": "FireEffect",
              "effectPattern": "Eff_Stages_GainWave_01",
            },
            {
              "$type": "TriggerAttackEvent",
              "target": "Applier",
              "targetType": "Enemy",
              "attackEvent": {
                "attackPattern": {
                  "$type": "ConfigAttackCircle",
                  "triggerType": "TriggerNoRepeat",
                  "fanAngle": 360.0,
                  "radius": 4,
                  "born": {
                    "$type": "ConfigBornBySelf",
                  },
                },
                "attackInfo": {
                  "attackProperty": {
                    "damageExtra": "%Value_DamageRate*%Value_Frozen_DamageSystemValue",
                    "ignoreAttackerProperty": true,
                    "elementDurability": 0,
                    "enBreak": 0,
                  },
                  "hitPattern": {
                    "onHitEffectName": "default",
                    "hitImpulseType": "LV3",
                    "reboundRatio": 0,
                    "hitHaltTime": 0.0,
                    "hitHaltTimeScale": 0.05,
                    "muteHitText": false,
                  },
                },
              },
            },
            //{
            //  "$type": "LoseHP", //使范围内敌人失去45%生命
            //  "target": "Applier",
            //  "otherTargets": {
            //    "$type": "SelectTargetsByShape",
            //    "shapeName": "CircleR4",
            //    "centerBasedOn": "Self",
            //    "campTargetType": "SelfCamp",
            //    "campBasedOn": "Self",
            //  },
            //  "amountByTargetMaxHPRatio": "%Value_Damage",
            //  "lethal": true,
            //},
          ],
        },

        "UNIQUE_ActivityAbility_Challenge_Frozen_CD_Team": {
          "stacking": "Unique",
          "isUnique": true,
          "duration": "%Value_CD",
          "onAdded": [
            {
              "$type": "SetGlobalValue",
              "key": "_ActivityAbility_Challenge_Frozen_CD",
              "value": 1,
            },
          ],
          "onRemoved": [
            {
              "$type": "ClearGlobalValue",
              "key": "_ActivityAbility_Challenge_Frozen_CD",
            },
          ],
        },

      },
      "abilitySpecials": {
        "Value_DamageRate": 135,
        "Value_CD": 2,
        "Value_Chance": 0.5,
        "Value_Frozen_DamageSystemValue": 0,
      },
    },
  }, //ActivityAbility_Challenge_Frozen------当前场上角色攻击被冰冻的怪物时，造成的伤害提升35%。


  {
    "Default": {
      "$type": "ConfigAbility",
      "abilityName": "ActivityAbility_Challenge_LowHp",
      "isDynamicAbility": true,
      "onAdded": [
        {
          "$type": "AttachModifier",
          "modifierName": "UNIQUE_ActivityAbility_Challenge_LowHp_Team",
          "target": "Team",
        },
        {
          "$type": "SetSystemValueToOverrideMap",
          "doOffStage": true,
          "key": "Value_Buff_C_DamageSystemValue",
          "type": "ElementLevelCo",
        },
      ],
      "onAvatarIn": [
        {
          "$type": "AttachModifier",
          "modifierName": "UNIQUE_ActivityAbility_Challenge_LowHp_Team",
          "target": "Team",
        },
      ],
      "modifiers": {
        "UNIQUE_ActivityAbility_Challenge_LowHp_Team": {
          "isUnique": true,
          "stacking": "Unique",
          "modifierMixins": [
            {
              "$type": "CurLocalAvatarMixin",
              "modifierName": "UNIQUE_ActivityAbility_Challenge_LowHp_Avatar",
            },
          ],
        },
        "UNIQUE_ActivityAbility_Challenge_LowHp_Avatar": {
          "stacking": "Unique",
          "isUnique": true,
          "onAdded": [
            {
              "$type": "AttachModifier",
              "modifierName": "UNIQUE_ActivityAbility_Challenge_LowHp_AttackUp",
              "predicates": [
                {
                  "$type": "ByTargetHPRatio",
                  "HPRatio": "%Value_Buff_A_Hp",
                  "logic": "LesserOrEqual",
                },
              ],
            }, //UNIQUE_ActivityAbility_Challenge_LowHp_AttackUp
            {
              "$type": "AttachModifier",
              "modifierName": "UNIQUE_ActivityAbility_Challenge_LowHp_AttackSpeedUp",
              "predicates": [
                {
                  "$type": "ByTargetHPRatio",
                  "HPRatio": "%Value_Buff_B_Hp",
                  "logic": "LesserOrEqual",
                },
              ],
            }, //UNIQUE_ActivityAbility_Challenge_LowHp_AttackSpeedUp
            {
              "$type": "AttachModifier",
              "modifierName": "UNIQUE_ActivityAbility_Challenge_LowHp_AreaAttack",
              "predicates": [
                {
                  "$type": "ByTargetHPRatio",
                  "HPRatio": "%Value_Buff_C_Hp",
                  "logic": "LesserOrEqual",
                },
              ],
            }, //UNIQUE_ActivityAbility_Challenge_LowHp_AreaAttack
          ],
          "modifierMixins": [
            {
              "$type": "AttachModifierToPredicateMixin",
              "onEvent": "HP",
              "modifierName": "UNIQUE_ActivityAbility_Challenge_LowHp_AttackUp",
              "predicates": [
                {
                  "$type": "ByTargetHPRatio",
                  "HPRatio": "%Value_Buff_A_Hp",
                  "logic": "LesserOrEqual",
                },
              ],
            }, //UNIQUE_ActivityAbility_Challenge_LowHp_AttackUp
            {
              "$type": "AttachModifierToPredicateMixin",
              "onEvent": "HP",
              "modifierName": "Del_AttackUp",
              "predicates": [
                {
                  "$type": "ByTargetHPRatio",
                  "HPRatio": "%Value_Buff_A_Hp",
                  "logic": "Greater",
                },
              ],
            }, //UNIQUE_ActivityAbility_Challenge_LowHp_AttackUp
            {
              "$type": "AttachModifierToPredicateMixin",
              "onEvent": "HP",
              "modifierName": "UNIQUE_ActivityAbility_Challenge_LowHp_AttackSpeedUp",
              "predicates": [
                {
                  "$type": "ByTargetHPRatio",
                  "HPRatio": "%Value_Buff_B_Hp",
                  "logic": "LesserOrEqual",
                },
              ],
            }, //UNIQUE_ActivityAbility_Challenge_LowHp_AttackSpeedUp
            {
              "$type": "AttachModifierToPredicateMixin",
              "onEvent": "HP",
              "modifierName": "Del_AttackSpeedUp",
              "predicates": [
                {
                  "$type": "ByTargetHPRatio",
                  "HPRatio": "%Value_Buff_B_Hp",
                  "logic": "Greater",
                },
              ],
            }, //UNIQUE_ActivityAbility_Challenge_LowHp_AttackSpeedUp
            {
              "$type": "AttachModifierToPredicateMixin",
              "onEvent": "HP",
              "modifierName": "UNIQUE_ActivityAbility_Challenge_LowHp_AreaAttack",
              "predicates": [
                {
                  "$type": "ByTargetHPRatio",
                  "HPRatio": "%Value_Buff_C_Hp",
                  "logic": "LesserOrEqual",
                },
              ],
            }, //UNIQUE_ActivityAbility_Challenge_LowHp_AreaAttack
            {
              "$type": "AttachModifierToPredicateMixin",
              "onEvent": "HP",
              "modifierName": "Del_AreaAttack",
              "predicates": [
                {
                  "$type": "ByTargetHPRatio",
                  "HPRatio": "%Value_Buff_C_Hp",
                  "logic": "Greater",
                },
              ],
            }, //UNIQUE_ActivityAbility_Challenge_LowHp_AreaAttack
          ],
          "onRemoved": [
            {
              "$type": "RemoveUniqueModifier",
              "doOffStage": true,
              "modifierName": "UNIQUE_ActivityAbility_Challenge_LowHp_AttackUp",
            },
            {
              "$type": "RemoveUniqueModifier",
              "doOffStage": true,
              "modifierName": "UNIQUE_ActivityAbility_Challenge_LowHp_AttackSpeedUp",
            },
            {
              "$type": "RemoveUniqueModifier",
              "doOffStage": true,
              "modifierName": "UNIQUE_ActivityAbility_Challenge_LowHp_AreaAttack",
            },
          ],
        },
        "UNIQUE_ActivityAbility_Challenge_LowHp_AttackUp": {
          "isUnique": true,
          "isLimitedProperties": true,
          "state": "AttackUp",
          "properties": {
            "Actor_AttackRatio": "%Value_Buff_A",
          },
        },
        "UNIQUE_ActivityAbility_Challenge_LowHp_AttackSpeedUp": {
          "isUnique": true,
          "isLimitedProperties": true,
          "state": "SpeedUp",
          "properties": {
            "Animator_AttackSpeedRatio": "%Value_Buff_B",
          },
        },
        "UNIQUE_ActivityAbility_Challenge_LowHp_AreaAttack": {
          "stacking": "Unique",
          "isUnique": true,
          "onAttackLanded": [
            {
              "$type": "Predicated",
              "target": "Other",
              "targetPredicates": [
                {
                  "$type": "ByEntityTypes",
                  "entityTypes": [
                    "Monster"
                  ],
                },
                //{
                //  "$type": "ByAttackTags",
                //  "attackTags": [ "NormalAttack_01", "NormalAttack_02", "NormalAttack_03", "NormalAttack_04", "NormalAttack_05", "NormalAttack_06", "ExtraAttack" ],
                //},
              ],
              "successActions": [
                {
                  "$type": "Randomed",
                  "target": "Caster",
                  "chance": "%Value_Buff_C_Chance",
                  "successActions": [
                    {
                      "$type": "ApplyModifier",
                      "modifierName": "UNIQUE_ActivityAbility_Challenge_LowHp_AreaAttack_CD_Team",
                      "target": "Team",
                    },
                    {
                      "$type": "SetGlobalValue",
                      "target": "Caster",
                      "key": "ActivityAbility_Challenge_LowHp_AreaAttack_DoAttack",
                      "value": 1,
                    },
                  ],
                },
              ],
              "predicates": [
                {
                  "$type": "ByTargetGlobalValue",
                  "key": "ActivityAbility_Challenge_LowHp_AreaAttack_CD",
                  "target": "Team",
                  "value": 0,
                  "compareType": "NoneOrEqual",
                },
              ],
            },
            {
              "$type": "ApplyModifier",
              "modifierName": "ActivityAbility_Challenge_LowHp_AreaAttack",
              "target": "Other",
              "predicates": [
                {
                  "$type": "ByTargetGlobalValue",
                  "key": "ActivityAbility_Challenge_LowHp_AreaAttack_DoAttack",
                  "forceByCaster": true,
                  "value": 0,
                  "compareType": "MoreThan",
                },
              ],
            },
            {
              "$type": "ClearGlobalValue",
              "target": "CurTeamAvatars",
              "key": "ActivityAbility_Challenge_LowHp_AreaAttack_DoAttack",
              "predicates": [
                {
                  "$type": "ByTargetGlobalValue",
                  "key": "ActivityAbility_Challenge_LowHp_AreaAttack_DoAttack",
                  "forceByCaster": true,
                  "value": 0,
                  "compareType": "MoreThan",
                },
              ],
            },
          ],
        },
        "UNIQUE_ActivityAbility_Challenge_LowHp_AreaAttack_CD_Team": {
          "stacking": "Unique",
          "isUnique": true,
          "duration": "%Value_Buff_C_CD",
          "onAdded": [
            {
              "$type": "SetGlobalValue",
              "key": "ActivityAbility_Challenge_LowHp_AreaAttack_CD",
              "value": 1,
            },
          ],
          "onRemoved": [
            {
              "$type": "ClearGlobalValue",
              "key": "ActivityAbility_Challenge_LowHp_AreaAttack_CD",
            },
          ],
        },
        "ActivityAbility_Challenge_LowHp_AreaAttack": {
          "duration": 0.1,
          "onAdded": [
            {
              "$type": "FireEffect",
              "effectPattern": "Eff_Stages_GainWave_01",
              "born": {
                "$type": "ConfigBornBySelf",
                "offset": {
                  "x": 0,
                  "y": 0,
                  "z": 0,
                },
                "onGround": true,
              },
            },
            {
              "$type": "TriggerAttackEvent",
              "target": "Applier",
              "targetType": "Enemy",
              "attackEvent": {
                "attackPattern": {
                  "$type": "ConfigAttackSphere",
                  "triggerType": "TriggerNoRepeat",
                  "radius": 5,
                  "born": {
                    "$type": "ConfigBornBySelf",
                    "offset": {
                      "x": 0,
                      "y": 0,
                      "z": 0,
                    },
                    "onGround": true,
                  },

                },
                "attackInfo": {
                  "attackProperty": {
                    "damageExtra": "%Value_Buff_C_DamageRate*%Value_Buff_C_DamageSystemValue",
                    "ignoreAttackerProperty": true,
                    "elementDurability": 0,
                    "enBreak": 0,
                  },
                  "hitPattern": {
                    "onHitEffectName": "",
                    "hitImpulseType": "LV1", //Light x200 y0
                    "reboundRatio": 0,
                    "hitHaltTime": 0.0,
                    "hitHaltTimeScale": 0.05,
                    "muteHitText": false,
                  },
                  "forceCameraShake": false,
                  "cameraShake": {
                  },
                },
              },
            },
          ],
          "onRemoved": [
          ],
        },

        "Del_AttackUp": {
          "duration": 0.1,
          "onAdded": [
            {
              "$type": "RemoveUniqueModifier",
              "doOffStage": true,
              "modifierName": "UNIQUE_ActivityAbility_Challenge_LowHp_AttackUp",
            },
          ],
        },
        "Del_AttackSpeedUp": {
          "duration": 0.1,
          "onAdded": [
            {
              "$type": "RemoveUniqueModifier",
              "doOffStage": true,
              "modifierName": "UNIQUE_ActivityAbility_Challenge_LowHp_AttackSpeedUp",
            },
          ],
        },
        "Del_AreaAttack": {
          "duration": 0.1,
          "onAdded": [
            {
              "$type": "RemoveUniqueModifier",
              "doOffStage": true,
              "modifierName": "UNIQUE_ActivityAbility_Challenge_LowHp_AreaAttack",
            },
          ],
        },

      },
      "abilitySpecials": {
        "Value_Buff_A_Hp": 0.7,
        "Value_Buff_A": 0.5,
        "Value_Buff_B_Hp": 0.5,
        "Value_Buff_B": 0.25,
        "Value_Buff_C_Hp": 0.3,
        "Value_Buff_C_CD": 2,
        "Value_Buff_C_Chance": 1,
        "Value_Buff_C_DamageRate": 10,
        "Value_Buff_C_DamageSystemValue": 0,
      },
    },
  }, //ActivityAbility_Challenge_LowHp------生命值低于70%时，全队角色攻击力提升30%。生命值低于50%时，全队角色的普通攻击和重击的攻击速度提升25%。生命值低于30%时，当前场上角色的普通攻击和重击命中敌人时，有30%概率触发冲击波，造成高额环境伤害，该效果有2秒的触发间隔


  {
    "Default": {
      "$type": "ConfigAbility",
      "abilityName": "ActivityAbility_Challenge_ExtraAttack",
      "isDynamicAbility": true,
      "onAdded": [
        {
          "$type": "AttachModifier",
          "modifierName": "UNIQUE_ActivityAbility_Challenge_ExtraAttack_Avatar",
          "doOffStage": true,
        },
        {
          "$type": "SetSystemValueToOverrideMap",
          "doOffStage": true,
          "key": "Value_DamageSystemValue",
          "type": "ElementLevelCo",
        },
      ],
      "onRemoved": [
        {
          "$type": "RemoveUniqueModifier",
          "target": "Self",
          "doOffStage": true,
          "modifierName": "UNIQUE_ActivityAbility_Challenge_ExtraAttack_Buff",
        },
        {
          "$type": "ClearGlobalValue",
          "doOffStage": true,
          "target": "Team",
          "key": "_ActivityAbility_Challenge_ExtraAttackOnEnemyKilled_Count",
        },
        {
          "$type": "ClearGlobalValue",
          "doOffStage": true,
          "target": "Self",
          "key": "_ActivityAbility_Challenge_ExtraAttackOnEnemyKilled_Count",
        },
      ],
      "modifiers": {
        "UNIQUE_ActivityAbility_Challenge_ExtraAttack_Avatar": {
          "isLimitedProperties": true,
          "stacking": "Unique",
          "isUnique": true,
          "properties": {
            "Animator_AttackSpeedRatio": "%Value_AtkSpeed",
          },
          "onAdded": [
            {
              "$type": "ApplyModifier",
              "doOffStage": true,
              "target": "Self",
              "modifierName": "ActivityAbility_Challenge_ExtraAttack_RefreshCount",
            },
          ],
          "onAvatarIn": [
            {
              "$type": "ApplyModifier",
              "doOffStage": true,
              "target": "Self",
              "modifierName": "ActivityAbility_Challenge_ExtraAttack_RefreshCount",
            },
          ],
          "onRemoved": [
            {
              "$type": "ClearGlobalValue",
              "doOffStage": true,
              "key": "_ActivityAbility_Challenge_ExtraAttackOnEnemyKilled_Count",
            },
          ],
          "modifierMixins": [
            {
              "$type": "DoActionByKillingMixin",
              "attackTags": [ "ExtraAttack" ],
              //算的是此角色最后一击的tag。不一定是击杀那一击（可能是别人击杀的）
              "detectWindow": 0.6, //这段时间之后击杀都算，但是无论是modifiermixin还是abilitymixin都需要角色在场。
              "onKill": [
                {
                  "$type": "RemoveUniqueModifier",
                  "modifierName": "UNIQUE_TowerBuff_ShieldEnhanceAtk_HasBuff",
                },
                {
                  "$type": "Predicated", //务必要用这个写法，不然other无法传递给predicate
                  "target": "Other",
                  "targetPredicates": [
                    {
                      "$type": "ByEntityTypes",
                      "target": "Target",
                      "entityTypes": [ "Monster", ],
                    },
                  ],
                  "successActions": [
                    {
                      "$type": "Predicated", //务必要用这个写法，不然other无法传递给predicate
                      "target": "Other",
                      "targetPredicates": [
                        {
                          "$type": "ByTargetGlobalValue",
                          "target": "Team",
                          "key": "_ActivityAbility_Challenge_ExtraAttackOnEnemyKilled_Count",
                          "value": "%Value_MaxBuffCount",
                          "compareType": "MoreThanAndEqual",
                        },
                      ],
                      "successActions": [
                        {
                          "$type": "SetGlobalPos",
                          "doOffStage": true,
                          "target": "Other",
                          "key": "_ActivityAbility_Challenge_ExtraAttackOnEnemyKilled_POS",
                          "setTarget": false,
                        },
                        {
                          "$type": "FireEffect",
                          "doOffStage": true,
                          "effectPattern": "Eff_Stages_GainWave_01",
                          "born": {
                            "$type": "ConfigBornByGlobalValue",
                            "positionKey": "_ActivityAbility_Challenge_ExtraAttackOnEnemyKilled_POS",
                            "offset": {
                              "x": 0,
                              "y": 1,
                              "z": 0,
                            },
                            "onGround": true,
                          },
                        },
                        {
                          "$type": "TriggerAttackEvent",
                          "doOffStage": true,
                          "target": "Caster",
                          "targetType": "Enemy",
                          "attackEvent": {
                            "attackPattern": {
                              "$type": "ConfigAttackSphere",
                              "triggerType": "TriggerNoRepeat",
                              "radius": 5,
                              "born": {
                                "$type": "ConfigBornByGlobalValue",
                                "positionKey": "_ActivityAbility_Challenge_ExtraAttackOnEnemyKilled_POS",
                                "offset": {
                                  "x": 0,
                                  "y": 1,
                                  "z": 0,
                                },
                                "onGround": true,
                              },
                            },
                            "attackInfo": {
                              "attackProperty": {
                                "damageExtra": "%Value_DamageRate*%Value_DamageSystemValue",
                                "ignoreAttackerProperty": true,
                              },
                              "hitPattern": {
                                "onHitEffectName": "",
                                "hitImpulseType": "LV2", //Light x200 y0
                                "reboundRatio": 0,
                                "hitHaltTime": 0.0,
                                "hitHaltTimeScale": 0.05,
                                "muteHitText": false,
                              },
                              "forceCameraShake": false,
                              "cameraShake": {
                              },
                            }
                          },
                        },
                      ],
                      "failActions": [
                        {
                          "$type": "AddGlobalValue",
                          "target": "Team",
                          "key": "_ActivityAbility_Challenge_ExtraAttackOnEnemyKilled_Count",
                          "value": 1,
                          "useLimitRange": true,
                          "minValue": 0,
                          "maxValue": "%Value_MaxBuffCount",
                        },
                        {
                          "$type": "ApplyModifier",
                          "doOffStage": true,
                          "target": "CurLocalAvatar",
                          "modifierName": "ActivityAbility_Challenge_ExtraAttack_RefreshCount",
                        },
                      ],
                    },
                  ],
                },
              ],
            },
            {
              "$type": "AttachToStateIDMixin",
              "stateIDs": [
                "ExtraAttack",
                "ExtraAttack1",
                "ExtraAttack2",
                "ExtraAttack3",
                "Attack01",
                "Attack02",
                "Attack03",
                "Attack04",
                "Attack05",
                "Attack06",
                "ExtraAttack_BS",
                "ExtraAttack_Charge",
                "Gandalfr_Attack01",
                "Gandalfr_Attack02",
                "Gandalfr_Attack03",
                "Gandalfr_Attack04",
                "Gandalfr_Attack05",
                "Gandalfr_Attack06",
                "Gandalfr_ExtraAttack",
                "Katana_Attack01",
                "Katana_Attack02",
                "Katana_Attack03",
                "Katana_Attack04",
                "Katana_Attack05",
                "Katana_Attack06",
                "Katana_ExtraAttack"
              ],
              "modifierName": "UNIQUE_ActivityAbility_Challenge_ExtraAttack_Cost",
            },
          ],
        },
        "ActivityAbility_Challenge_ExtraAttack_RefreshCount": {
          "duration": 0.1,
          "stacking": "Multiple",
          "onAdded": [
            {
              "$type": "CopyGlobalValue",
              "srcTarget": "Team",
              "doOffStage": true,
              "dstTarget": "Self",
              "srcKey": "_ActivityAbility_Challenge_ExtraAttackOnEnemyKilled_Count",
              "dstKey": "_ActivityAbility_Challenge_ExtraAttackOnEnemyKilled_Count",
            },
            {
              "$type": "SetGlobalValueToOverrideMap",
              "target": "Self",
              "doOffStage": true,
              "globalValueKey": "_ActivityAbility_Challenge_ExtraAttackOnEnemyKilled_Count",
              "overrideMapKey": "Value_CurBuffCount",
            },
            {
              "$type": "RemoveUniqueModifier",
              "target": "Self",
              "doOffStage": true,
              "modifierName": "UNIQUE_ActivityAbility_Challenge_ExtraAttack_Buff",
            },
            {
              "$type": "ApplyModifier",
              "doOffStage": true,
              "target": "Self",
              "modifierName": "UNIQUE_ActivityAbility_Challenge_ExtraAttack_Buff",
            },
          ],
        },
        "UNIQUE_ActivityAbility_Challenge_ExtraAttack_Buff": {
          "isUnique": true,
          "stacking": "Unique",
          "modifierMixins": [
            {
              "$type": "ModifyDamageMixin",
              "attackTags": [ "ExtraAttack" ],
              "damagePercentageRatio": "%Value_CurBuffCount*%Value_DamageUp",
              "predicates": [
                {
                  "$type": "ByEntityTypes",
                  "entityTypes": [ "Monster" ],
                },
              ],
            },
          ],
        },
        "UNIQUE_ActivityAbility_Challenge_ExtraAttack_Cost": {
          "isUnique": true,
          "isLimitedProperties": true,
          "properties": {
            "Actor_CostStaminaRatio": "%Value_Cost",
          },
        },

      },
      "abilitySpecials": {
        "Value_AtkSpeed": 0.25,
        "Value_DamageRate": 20,
        "Value_DamageSystemValue": 0,
        "Value_DamageUp": 0.50,
        "Value_MaxBuffCount": 8,
        "Value_CurBuffCount": 0,
        "Value_Cost": -0.5,
      },
    },
  }, //ActivityAbility_Challenge_ExtraAttack------全队角色的普攻和重击攻速提升25%；当前场上角色每次重击击杀怪物后，使全队所有角色造成的重击伤害提升15%，最多可叠加20次。叠加至满层后，全队角色使用重击击杀怪物时触发爆炸波

]