[
    {
        "Default":
        {
            "$type": "ConfigAbility",
            "abilityName": "ReputationAbility_Hunting_CatalystMuteHurt",
            "isDynamicAbility":true,
            "onAdded":
            [
                {
                    "$type": "AttachModifier",
                    "modifierName": "UNIQUE_ReputationAbility_Hunting_CatalystMuteHurt",
                    "target": "Self",
                    "doOffStage": true,
                    "predicates":
                    [
                        {
                            "$type": "ByAvatarWeaponType",
                            "weaponTypes":
                            [
                                "WEAPON_CATALYST",
                            ],
                        },
                    ],
                },
            ],
            "modifiers":
            {
                "UNIQUE_ReputationAbility_Hunting_CatalystMuteHurt":
                {
                    "isUnique": true,
                    "modifierMixins":
                    [
                        {
                            "$type": "ModifyDamageMixin",
                            "ignoreEventInfo": true,
                            "damagePercentageRatio": -100,
                            "predicates":
                            [
                                {
                                    "$type": "ByTargetGlobalValue",
                                    "key": "_MONSTERAFFIX_CatalystMuteHurt_ForHunting",
                                    "value": 1,
                                    "compareType": "Equal",
                                },
                            ],
                        },
                    ],
                },
            },
        },
    }, //ReputationAbility_Hunting_CatalystMuteHurt-----免疫法器伤害-狩猎活动

    {
        "Default":
        {
            "$type": "ConfigAbility",
            "abilityName": "ReputationAbility_Hunting_SwordMuteHurt",
            "isDynamicAbility":true,
            "onAdded":
            [
                {
                    "$type": "AttachModifier",
                    "modifierName": "UNIQUE_ReputationAbility_Hunting_SwordMuteHurt",
                    "target": "Self",
                    "doOffStage": true,
                    "predicates":
                    [
                        {
                            "$type": "ByAvatarWeaponType",
                            "weaponTypes":
                            [
                                "WEAPON_SWORD_ONE_HAND",
                            ],
                        },
                    ],
                },
            ],
            "modifiers":
            {
                "UNIQUE_ReputationAbility_Hunting_SwordMuteHurt":
                {
                    "isUnique": true,
                    "modifierMixins":
                    [
                        {
                            "$type": "ModifyDamageMixin",
                            "ignoreEventInfo": true,
                            "damagePercentageRatio": -100,
                            "predicates":
                            [
                                {
                                    "$type": "ByTargetGlobalValue",
                                    "key": "_MONSTERAFFIX_SwordMuteHurt_ForHunting",
                                    "value": 1,
                                    "compareType": "Equal",
                                },
                            ],
                        },
                    ],
                },
            },
        },
    }, //ReputationAbility_Hunting_SwordMuteHurt----免疫单手剑伤害-狩猎活动

    {
        "Default":
        {
            "$type": "ConfigAbility",
            "abilityName": "ReputationAbility_Hunting_ClaymoreMuteHurt",
            "isDynamicAbility":true,
            "onAdded":
            [
                {
                    "$type": "AttachModifier",
                    "modifierName": "UNIQUE_ReputationAbility_Hunting_ClaymoreMuteHurt",
                    "target": "Self",
                    "doOffStage": true,
                    "predicates":
                    [
                        {
                            "$type": "ByAvatarWeaponType",
                            "weaponTypes":
                            [
                                "WEAPON_CLAYMORE",
                            ],
                        },
                    ],
                },
            ],
            "modifiers":
            {
                "UNIQUE_ReputationAbility_Hunting_ClaymoreMuteHurt":
                {
                    "isUnique": true,
                    "modifierMixins":
                    [
                        {
                            "$type": "ModifyDamageMixin",
                            "ignoreEventInfo": true,
                            "damagePercentageRatio": -100,
                            "predicates":
                            [
                                {
                                    "$type": "ByTargetGlobalValue",
                                    "key": "_MONSTERAFFIX_ClaymoreMuteHurt_ForHunting",
                                    "value": 1,
                                    "compareType": "Equal",
                                },
                            ],
                        },
                    ],
                },
            },
        },
    }, //ReputationAbility_Hunting_ClaymoreMuteHurt----免疫双手剑伤害-狩猎活动

    {
        "Default":
        {
            "$type": "ConfigAbility",
            "abilityName": "ReputationAbility_Hunting_PoleMuteHurt",
            "isDynamicAbility":true,
            "onAdded":
            [
                {
                    "$type": "AttachModifier",
                    "modifierName": "UNIQUE_ReputationAbility_Hunting_PoleMuteHurt",
                    "target": "Self",
                    "doOffStage": true,
                    "predicates":
                    [
                        {
                            "$type": "ByAvatarWeaponType",
                            "weaponTypes":
                            [
                                "WEAPON_POLE",
                            ],
                        },
                    ],
                },
            ],
            "modifiers":
            {
                "UNIQUE_ReputationAbility_Hunting_PoleMuteHurt":
                {
                    "isUnique": true,
                    "modifierMixins":
                    [
                        {
                            "$type": "ModifyDamageMixin",
                            "ignoreEventInfo": true,
                            "damagePercentageRatio": -100,
                            "predicates":
                            [
                                {
                                    "$type": "ByTargetGlobalValue",
                                    "key": "_MONSTERAFFIX_PoleMuteHurt_ForHunting",
                                    "value": 1,
                                    "compareType": "Equal",
                                },
                            ],
                        },
                    ],
                },
            },
        },
    }, //ReputationAbility_Hunting_PoleMuteHurt----免疫长柄武器伤害-狩猎活动

    {
        "Default":
        {
            "$type": "ConfigAbility",
            "abilityName": "ReputationAbility_Hunting_BowMuteHurt",
            "isDynamicAbility":true,
            "onAdded":
            [
                {
                    "$type": "AttachModifier",
                    "modifierName": "UNIQUE_ReputationAbility_Hunting_BowMuteHurt",
                    "target": "Self",
                    "doOffStage": true,
                    "predicates":
                    [
                        {
                            "$type": "ByAvatarWeaponType",
                            "weaponTypes":
                            [
                                "WEAPON_BOW",
                            ],
                        },
                    ],
                },
            ],
            "modifiers":
            {
                "UNIQUE_ReputationAbility_Hunting_BowMuteHurt":
                {
                    "isUnique": true,
                    "modifierMixins":
                    [
                        {
                            "$type": "ModifyDamageMixin",
                            "ignoreEventInfo": true,
                            "damagePercentageRatio": -100,
                            "predicates":
                            [
                                {
                                    "$type": "ByTargetGlobalValue",
                                    "key": "_MONSTERAFFIX_BowMuteHurt_ForHunting",
                                    "value": 1,
                                    "compareType": "Equal",
                                },
                            ],
                        },
                    ],
                },
            },
        },
    }, //ReputationAbility_Hunting_BowMuteHurt----免疫弓伤害-狩猎活动

    /**/

    {
        "Default":
        {
            "$type": "ConfigAbility",
            "abilityName": "ReputationAbility_Hunting_ExtraAttackMuteHurt",
            "isDynamicAbility":true,
            "onAdded":
            [
                {
                    "$type": "AttachModifier",
                    "modifierName": "UNIQUE_ReputationAbility_Hunting_ExtraAttackMuteHurt",
                    "target": "Self",
                    "doOffStage": true,
                },
            ],
            "modifiers":
            {
                "UNIQUE_ReputationAbility_Hunting_ExtraAttackMuteHurt":
                {
                    "isUnique": true,
                    "modifierMixins":
                    [
                        {
                            "$type": "ModifyDamageMixin",
                            "attackTags":
                            [
                                "ExtraAttack"
                            ],
                            "damagePercentageRatio": -100,
                            "predicates":
                            [
                                {
                                    "$type": "ByTargetGlobalValue",
                                    "key": "_MONSTERAFFIX_ExtraAttackMuteHurt_ForHunting",
                                    "value": 1,
                                    "compareType": "Equal",
                                },
                            ],
                        },
                    ],
                },
            },
        },
    }, //ReputationAbility_Hunting_ExtraAttackMuteHurt----免疫重击伤害-狩猎活动

    /**/

    {
        "Default":
        {
            "$type": "ConfigAbility",
            "abilityName": "ReputationAbility_Hunting_CatalystVulnerable",
            "isDynamicAbility":true,
            "onAdded":
            [
                {
                    "$type": "AttachModifier",
                    "modifierName": "UNIQUE_ReputationAbility_Hunting_CatalystVulnerable",
                    "target": "Self",
                    "doOffStage": true,
                    "predicates":
                    [
                        {
                            "$type": "ByAvatarWeaponType",
                            "weaponTypes":
                            [
                                "WEAPON_CATALYST",
                            ],
                        },
                    ],
                },
            ],
            "modifiers":
            {
                "UNIQUE_ReputationAbility_Hunting_CatalystVulnerable":
                {
                    "isUnique": true,
                    "modifierMixins":
                    [
                        {
                            "$type": "ModifyDamageMixin",
                            "ignoreEventInfo": true,
                            "damagePercentageRatio": "%Rate",
                            "predicates":
                            [
                                {
                                    "$type": "ByTargetGlobalValue",
                                    "key": "_MONSTERAFFIX_CatalystVulnerable_ForHunting",
                                    "value": 1,
                                    "compareType": "Equal",
                                },
                            ],
                        },
                    ],
                },
            },
            "abilitySpecials":
            {
                "Rate": 0.5,
            },
        },
    }, //ReputationAbility_Hunting_CatalystVulnerable----受法器伤害提升-狩猎活动

    {
        "Default":
        {
            "$type": "ConfigAbility",
            "abilityName": "ReputationAbility_Hunting_CatalystVulnerable_High",
            "isDynamicAbility":true,
            "onAdded":
            [
                {
                    "$type": "AttachModifier",
                    "modifierName": "UNIQUE_ReputationAbility_Hunting_CatalystVulnerable_High",
                    "target": "Self",
                    "doOffStage": true,
                    "predicates":
                    [
                        {
                            "$type": "ByAvatarWeaponType",
                            "weaponTypes":
                            [
                                "WEAPON_CATALYST",
                            ],
                        },
                    ],
                },
            ],
            "modifiers":
            {
                "UNIQUE_ReputationAbility_Hunting_CatalystVulnerable_High":
                {
                    "isUnique": true,
                    "modifierMixins":
                    [
                        {
                            "$type": "ModifyDamageMixin",
                            "ignoreEventInfo": true,
                            "damagePercentageRatio": "%Rate",
                            "predicates":
                            [
                                {
                                    "$type": "ByTargetGlobalValue",
                                    "key": "_MONSTERAFFIX_CatalystVulnerable_High_ForHunting",
                                    "value": 1,
                                    "compareType": "Equal",
                                },
                            ],
                        },
                    ],
                },
            },
            "abilitySpecials":
            {
                "Rate": 1,
            },
        },
    }, //ReputationAbility_Hunting_CatalystVulnerable_High----受法器伤害提升-狩猎活动

    {
        "Default":
        {
            "$type": "ConfigAbility",
            "abilityName": "ReputationAbility_Hunting_SwordVulnerable",
            "isDynamicAbility":true,
            "onAdded":
            [
                {
                    "$type": "AttachModifier",
                    "modifierName": "UNIQUE_ReputationAbility_Hunting_SwordVulnerable",
                    "target": "Self",
                    "doOffStage": true,
                    "predicates":
                    [
                        {
                            "$type": "ByAvatarWeaponType",
                            "weaponTypes":
                            [
                                "WEAPON_SWORD_ONE_HAND",
                            ],
                        },
                    ],
                },
            ],
            "modifiers":
            {
                "UNIQUE_ReputationAbility_Hunting_SwordVulnerable":
                {
                    "isUnique": true,
                    "modifierMixins":
                    [
                        {
                            "$type": "ModifyDamageMixin",
                            "ignoreEventInfo": true,
                            "damagePercentageRatio": "%Rate",
                            "predicates":
                            [
                                {
                                    "$type": "ByTargetGlobalValue",
                                    "key": "_MONSTERAFFIX_SwordVulnerable_ForHunting",
                                    "value": 1,
                                    "compareType": "Equal",
                                },
                            ],
                        },
                    ],
                },
            },
            "abilitySpecials":
            {
                "Rate": 0.5,
            },
        },
    }, //ReputationAbility_Hunting_SwordVulnerable----受单手剑伤害提升-狩猎活动

    {
        "Default":
        {
            "$type": "ConfigAbility",
            "abilityName": "ReputationAbility_Hunting_SwordVulnerable_High",
            "isDynamicAbility":true,
            "onAdded":
            [
                {
                    "$type": "AttachModifier",
                    "modifierName": "UNIQUE_ReputationAbility_Hunting_SwordVulnerable_High",
                    "target": "Self",
                    "doOffStage": true,
                    "predicates":
                    [
                        {
                            "$type": "ByAvatarWeaponType",
                            "weaponTypes":
                            [
                                "WEAPON_SWORD_ONE_HAND",
                            ],
                        },
                    ],
                },
            ],
            "modifiers":
            {
                "UNIQUE_ReputationAbility_Hunting_SwordVulnerable_High":
                {
                    "isUnique": true,
                    "modifierMixins":
                    [
                        {
                            "$type": "ModifyDamageMixin",
                            "ignoreEventInfo": true,
                            "damagePercentageRatio": "%Rate",
                            "predicates":
                            [
                                {
                                    "$type": "ByTargetGlobalValue",
                                    "key": "_MONSTERAFFIX_SwordVulnerable_High_ForHunting",
                                    "value": 1,
                                    "compareType": "Equal",
                                },
                            ],
                        },
                    ],
                },
            },
            "abilitySpecials":
            {
                "Rate": 1,
            },
        },
    }, //ReputationAbility_Hunting_SwordVulnerable_High----受单手剑伤害提升-狩猎活动

    {
        "Default":
        {
            "$type": "ConfigAbility",
            "abilityName": "ReputationAbility_Hunting_ClaymoreVulnerable",
            "isDynamicAbility":true,
            "onAdded":
            [
                {
                    "$type": "AttachModifier",
                    "modifierName": "UNIQUE_ReputationAbility_Hunting_ClaymoreVulnerable",
                    "target": "Self",
                    "doOffStage": true,
                    "predicates":
                    [
                        {
                            "$type": "ByAvatarWeaponType",
                            "weaponTypes":
                            [
                                "WEAPON_CLAYMORE",
                            ],
                        },
                    ],
                },
            ],
            "modifiers":
            {
                "UNIQUE_ReputationAbility_Hunting_ClaymoreVulnerable":
                {
                    "isUnique": true,
                    "modifierMixins":
                    [
                        {
                            "$type": "ModifyDamageMixin",
                            "ignoreEventInfo": true,
                            "damagePercentageRatio": "%Rate",
                            "predicates":
                            [
                                {
                                    "$type": "ByTargetGlobalValue",
                                    "key": "_MONSTERAFFIX_ClaymoreVulnerable_ForHunting",
                                    "value": 1,
                                    "compareType": "Equal",
                                },
                            ],
                        },
                    ],
                },
            },
            "abilitySpecials":
            {
                "Rate": 0.5,
            },
        },
    }, //ReputationAbility_Hunting_ClaymoreVulnerable----受双手剑伤害提升-狩猎活动

    {
        "Default":
        {
            "$type": "ConfigAbility",
            "abilityName": "ReputationAbility_Hunting_ClaymoreVulnerable_High",
            "isDynamicAbility":true,
            "onAdded":
            [
                {
                    "$type": "AttachModifier",
                    "modifierName": "UNIQUE_ReputationAbility_Hunting_ClaymoreVulnerable_High",
                    "target": "Self",
                    "doOffStage": true,
                    "predicates":
                    [
                        {
                            "$type": "ByAvatarWeaponType",
                            "weaponTypes":
                            [
                                "WEAPON_CLAYMORE",
                            ],
                        },
                    ],
                },
            ],
            "modifiers":
            {
                "UNIQUE_ReputationAbility_Hunting_ClaymoreVulnerable_High":
                {
                    "isUnique": true,
                    "modifierMixins":
                    [
                        {
                            "$type": "ModifyDamageMixin",
                            "ignoreEventInfo": true,
                            "damagePercentageRatio": "%Rate",
                            "predicates":
                            [
                                {
                                    "$type": "ByTargetGlobalValue",
                                    "key": "_MONSTERAFFIX_ClaymoreVulnerable_High_ForHunting",
                                    "value": 1,
                                    "compareType": "Equal",
                                },
                            ],
                        },
                    ],
                },
            },
            "abilitySpecials":
            {
                "Rate": 1,
            },
        },
    }, //ReputationAbility_Hunting_ClaymoreVulnerable_High----受双手剑伤害提升-狩猎活动

    {
        "Default":
        {
            "$type": "ConfigAbility",
            "abilityName": "ReputationAbility_Hunting_PoleVulnerable",
            "isDynamicAbility":true,
            "onAdded":
            [
                {
                    "$type": "AttachModifier",
                    "modifierName": "UNIQUE_ReputationAbility_Hunting_PoleVulnerable",
                    "target": "Self",
                    "doOffStage": true,
                    "predicates":
                    [
                        {
                            "$type": "ByAvatarWeaponType",
                            "weaponTypes":
                            [
                                "WEAPON_POLE",
                            ],
                        },
                    ],
                },
            ],
            "modifiers":
            {
                "UNIQUE_ReputationAbility_Hunting_PoleVulnerable":
                {
                    "isUnique": true,
                    "modifierMixins":
                    [
                        {
                            "$type": "ModifyDamageMixin",
                            "ignoreEventInfo": true,
                            "damagePercentageRatio": "%Rate",
                            "predicates":
                            [
                                {
                                    "$type": "ByTargetGlobalValue",
                                    "key": "_MONSTERAFFIX_PoleVulnerable_ForHunting",
                                    "value": 1,
                                    "compareType": "Equal",
                                },
                            ],
                        },
                    ],
                },
            },
            "abilitySpecials":
            {
                "Rate": 0.5,
            },
        },
    }, //ReputationAbility_Hunting_PoleVulnerable----受长柄武器伤害提升-狩猎活动

    {
        "Default":
        {
            "$type": "ConfigAbility",
            "abilityName": "ReputationAbility_Hunting_PoleVulnerable_High",
            "isDynamicAbility":true,
            "onAdded":
            [
                {
                    "$type": "AttachModifier",
                    "modifierName": "UNIQUE_ReputationAbility_Hunting_PoleVulnerable_High",
                    "target": "Self",
                    "doOffStage": true,
                    "predicates":
                    [
                        {
                            "$type": "ByAvatarWeaponType",
                            "weaponTypes":
                            [
                                "WEAPON_POLE",
                            ],
                        },
                    ],
                },
            ],
            "modifiers":
            {
                "UNIQUE_ReputationAbility_Hunting_PoleVulnerable_High":
                {
                    "isUnique": true,
                    "modifierMixins":
                    [
                        {
                            "$type": "ModifyDamageMixin",
                            "ignoreEventInfo": true,
                            "damagePercentageRatio": "%Rate",
                            "predicates":
                            [
                                {
                                    "$type": "ByTargetGlobalValue",
                                    "key": "_MONSTERAFFIX_PoleVulnerable_High_ForHunting",
                                    "value": 1,
                                    "compareType": "Equal",
                                },
                            ],
                        },
                    ],
                },
            },
            "abilitySpecials":
            {
                "Rate": 1,
            },
        },
    }, //ReputationAbility_Hunting_PoleVulnerable_High----受长柄武器伤害提升-狩猎活动

    {
        "Default":
        {
            "$type": "ConfigAbility",
            "abilityName": "ReputationAbility_Hunting_BowVulnerable",
            "isDynamicAbility":true,
            "onAdded":
            [
                {
                    "$type": "AttachModifier",
                    "modifierName": "UNIQUE_ReputationAbility_Hunting_BowVulnerable",
                    "target": "Self",
                    "doOffStage": true,
                    "predicates":
                    [
                        {
                            "$type": "ByAvatarWeaponType",
                            "weaponTypes":
                            [
                                "WEAPON_BOW",
                            ],
                        },
                    ],
                },
            ],
            "modifiers":
            {
                "UNIQUE_ReputationAbility_Hunting_BowVulnerable":
                {
                    "isUnique": true,
                    "modifierMixins":
                    [
                        {
                            "$type": "ModifyDamageMixin",
                            "ignoreEventInfo": true,
                            "damagePercentageRatio": "%Rate",
                            "predicates":
                            [
                                {
                                    "$type": "ByTargetGlobalValue",
                                    "key": "_MONSTERAFFIX_BowVulnerable_ForHunting",
                                    "value": 1,
                                    "compareType": "Equal",
                                },
                            ],
                        },
                    ],
                },
            },
            "abilitySpecials":
            {
                "Rate": 0.5,
            },
        },
    }, //ReputationAbility_Hunting_BowVulnerable----受弓伤害提升-狩猎活动

    {
        "Default":
        {
            "$type": "ConfigAbility",
            "abilityName": "ReputationAbility_Hunting_BowVulnerable_High",
            "isDynamicAbility":true,
            "onAdded":
            [
                {
                    "$type": "AttachModifier",
                    "modifierName": "UNIQUE_ReputationAbility_Hunting_BowVulnerable_High",
                    "target": "Self",
                    "doOffStage": true,
                    "predicates":
                    [
                        {
                            "$type": "ByAvatarWeaponType",
                            "weaponTypes":
                            [
                                "WEAPON_BOW",
                            ],
                        },
                    ],
                },
            ],
            "modifiers":
            {
                "UNIQUE_ReputationAbility_Hunting_BowVulnerable_High":
                {
                    "isUnique": true,
                    "modifierMixins":
                    [
                        {
                            "$type": "ModifyDamageMixin",
                            "ignoreEventInfo": true,
                            "damagePercentageRatio": "%Rate",
                            "predicates":
                            [
                                {
                                    "$type": "ByTargetGlobalValue",
                                    "key": "_MONSTERAFFIX_BowVulnerable_High_ForHunting",
                                    "value": 1,
                                    "compareType": "Equal",
                                },
                            ],
                        },
                    ],
                },
            },
            "abilitySpecials":
            {
                "Rate": 1,
            },
        },
    }, //ReputationAbility_Hunting_BowVulnerable_High----受弓伤害提升-狩猎活动


    /**/

    {
        "Default":
        {
            "$type": "ConfigAbility",
            "abilityName": "ReputationAbility_Hunting_ExtraCritical",
            "isDynamicAbility":true,
            "onAdded":
            [
                {
                    "$type": "AttachModifier",
                    "modifierName": "UNIQUE_ReputationAbility_Hunting_ExtraCritical",
                    "target": "Self",
                    "doOffStage": true,
                },
            ],
            "modifiers":
            {
                "UNIQUE_ReputationAbility_Hunting_ExtraCritical":
                {
                    "isUnique": true,
                    "modifierMixins":
                    [
                        {
                            "$type": "ModifyDamageMixin",
                            "ignoreEventInfo": true,
                            "bonusCritical": "%Rate",
                            "predicates":
                            [
                                {
                                    "$type": "ByTargetGlobalValue",
                                    "key": "_MONSTERAFFIX_ExtraCritical_ForHunting",
                                    "value": 1,
                                    "compareType": "Equal",
                                },
                            ],
                        },
                    ],
                },
            },
            "abilitySpecials":
            {
                "Rate": 0.5,
            },
        },
    }, //ReputationAbility_Hunting_ExtraCritical----被暴击率提升-狩猎活动

    {
        "Default":
        {
            "$type": "ConfigAbility",
            "abilityName": "ReputationAbility_Hunting_ExtraCriticalHurt",
            "isDynamicAbility":true,
            "onAdded":
            [
                {
                    "$type": "AttachModifier",
                    "modifierName": "UNIQUE_ReputationAbility_Hunting_ExtraCriticalHurt",
                    "target": "Self",
                    "doOffStage": true,
                },
            ],
            "modifiers":
            {
                "UNIQUE_ReputationAbility_Hunting_ExtraCriticalHurt":
                {
                    "isUnique": true,
                    "modifierMixins":
                    [
                        {
                            "$type": "ModifyDamageMixin",
                            "ignoreEventInfo": true,
                            "bonusCriticalHurt": "%Rate",
                            "predicates":
                            [
                                {
                                    "$type": "ByTargetGlobalValue",
                                    "key": "_MONSTERAFFIX_ExtraCriticalHurt_ForHunting",
                                    "value": 1,
                                    "compareType": "Equal",
                                },
                            ],
                        },
                    ],
                },
            },
            "abilitySpecials":
            {
                "Rate": 1,
            },
        },
    }, //ReputationAbility_Hunting_ExtraCriticalHurt----受暴击伤害提升-狩猎活动

    {
        "Default":
        {
            "$type": "ConfigAbility",
            "abilityName": "ReputationAbility_Hunting_ExtraAttackVulnerable",
            "isDynamicAbility":true,
            "onAdded":
            [
                {
                    "$type": "AttachModifier",
                    "modifierName": "UNIQUE_ReputationAbility_Hunting_ExtraAttackVulnerable",
                    "target": "Self",
                    "doOffStage": true,
                },
            ],
            "modifiers":
            {
                "UNIQUE_ReputationAbility_Hunting_ExtraAttackVulnerable":
                {
                    "isUnique": true,
                    "modifierMixins":
                    [
                        {
                            "$type": "ModifyDamageMixin",
                            "attackTags":
                            [
                                "ExtraAttack"
                            ],
                            "damagePercentageRatio": "%Rate",
                            "predicates":
                            [
                                {
                                    "$type": "ByTargetGlobalValue",
                                    "key": "_MONSTERAFFIX_ExtraAttackVulnerable_ForHunting",
                                    "value": 1,
                                    "compareType": "Equal",
                                },
                            ],
                        },
                    ],
                },
            },
            "abilitySpecials":
            {
                "Rate": 0.5,
            },
        },
    }, //ReputationAbility_Hunting_ExtraAttackVulnerable----受重击伤害提升-狩猎活动

    {
        "Default":
        {
            "$type": "ConfigAbility",
            "abilityName": "ReputationAbility_Hunting_ExtraAttackVulnerable_High",
            "isDynamicAbility":true,
            "onAdded":
            [
                {
                    "$type": "AttachModifier",
                    "modifierName": "UNIQUE_ReputationAbility_Hunting_ExtraAttackVulnerable_High",
                    "target": "Self",
                    "doOffStage": true,
                },
            ],
            "modifiers":
            {
                "UNIQUE_ReputationAbility_Hunting_ExtraAttackVulnerable_High":
                {
                    "isUnique": true,
                    "modifierMixins":
                    [
                        {
                            "$type": "ModifyDamageMixin",
                            "attackTags":
                            [
                                "ExtraAttack"
                            ],
                            "damagePercentageRatio": "%Rate",
                            "predicates":
                            [
                                {
                                    "$type": "ByTargetGlobalValue",
                                    "key": "_MONSTERAFFIX_ExtraAttackVulnerable_High_ForHunting",
                                    "value": 1,
                                    "compareType": "Equal",
                                },
                            ],
                        },
                    ],
                },
            },
            "abilitySpecials":
            {
                "Rate": 1,
            },
        },
    }, //ReputationAbility_Hunting_ExtraAttackVulnerable_High----受重击伤害提升-狩猎活动    

    {
        "Default":
        {
            "$type": "ConfigAbility",
            "abilityName": "ReputationAbility_Hunting_FallingAttackVulnerable",
            "isDynamicAbility":true,
            "onAdded":
            [
                {
                    "$type": "AttachModifier",
                    "modifierName": "UNIQUE_ReputationAbility_Hunting_FallingAttackVulnerable",
                    "target": "Self",
                    "doOffStage": true,
                },
            ],
            "modifiers":
            {
                "UNIQUE_ReputationAbility_Hunting_FallingAttackVulnerable":
                {
                    "isUnique": true,
                    "modifierMixins":
                    [
                        {
                            "$type": "ModifyDamageMixin",
                            "attackTags":
                            [
                                "FallingAttack"
                            ],
                            "damagePercentageRatio": "%Rate",
                            "predicates":
                            [
                                {
                                    "$type": "ByTargetGlobalValue",
                                    "key": "_MONSTERAFFIX_FallingAttackVulnerable_ForHunting",
                                    "value": 1,
                                    "compareType": "Equal",
                                },
                            ],
                        },
                    ],
                },
            },
            "abilitySpecials":
            {
                "Rate": 7.5,
            },
        },
    }, //ReputationAbility_Hunting_FallingAttackVulnerable----受空中攻击伤害提升-狩猎活动

]