[
	////////////////////////////////////////////////////////////
	//
	//	角色小技能减CD
	//
	////////////////////////////////////////////////////////////
	{
		"Default":
		{
			"$type": "ConfigAbility",
			"abilityName": "Ability_TowerDefence_V3_Avatar_SkillCDMinus",
			"abilitySpecials": 
			{
				// 减CD 区间0-1 0.5表示减50%CD
				"SkillCDMinusRatio": 0.35, 
			},
			"onAdded":
			[
				{
					"$type": "ApplyModifier",
					"target": "Self",
					"modifierName": "M_SkillCDMinus",
				},
			],
			"modifiers":
			{
				"M_SkillCDMinus":
				{
					"properties":
					{
						"Actor_SkillCDMinusRatio":"%SkillCDMinusRatio",
					}
				},
			},
		},
	},

	////////////////////////////////////////////////////////////
	//
	//	角色属性强化 
	//
	////////////////////////////////////////////////////////////
	{
		"Default":
		{
			"$type": "ConfigAbility",
			"abilityName": "Ability_TowerDefence_V3_Avatar_Strengthen",
			"onAdded":
			[
				{
					"$type": "ApplyModifier",
					"target": "Self",
					"modifierName": "M_Strengthen",
				},
			],
			"modifiers":
			{
				"M_Strengthen":
				{
					"properties":
					{
						// 飞行前向速度最大值比率
						"Actor_FlyForwardSpeedMaxRatio":0.25,
						// 攻击速度百分比提升
						"Animator_AttackSpeedRatio":0.25,
						// 移动速度百分比提升
						"Animator_MoveSpeedRatio":0.25,
					}
				},
			},
		},
	},

	////////////////////////////////////////////////////////////
	//
	//	角色附近怪物生命回复效果减弱X%
	//
	////////////////////////////////////////////////////////////
	{
		"Default":
		{
			"$type": "ConfigAbility",
			"abilityName": "Ability_TowerDefence_V3_Avatar_Weaken_Monster_Health_Recover",
			"onAdded":
			[
				{
					"$type": "ApplyModifier",
					"target": "Self",
					"modifierName": "M_Weaken_Monster_Health_Recover",
				},
			],
			"modifiers":
			{
				"M_Weaken_Monster_Health_Recover":
				{
					// 每x秒寻找周围的Monster
					"thinkInterval": 0.5, 
					"onThinkInterval":
					[
						{
							"$type": "Predicated",
							"otherTargets":
							{
								"$type": "SelectTargetsByShape",
								"shapeName": "CircleR4", // TODO:数值
								"centerBasedOn": "Self",
								"campTargetType": "All",
								"campBasedOn": "Self",
								//"topLimit": 99,
								"sortType": "Nearest", 
							},
							"targetPredicates":
							[
								{
									"$type" : "ByEntityTypes",
									"entityTypes" : ["Monster"],
								},
								// {
								// 	"$type": "ByHasAbilityState",
								// 	"target": "Target",
								// 	"abilityState": "ElementFrozen"
								// },
							],
							"successActions":
							[
								{
									"$type":"ApplyModifier",
									"modifierName": "M_Monster_Health_Recover",
									"target": "Target",
								},				
							],
						},
					]
				},
				
				"M_Monster_Health_Recover":
				{
					"duration" : 1,
					"stacking" : "Refresh",
					"properties" : 
					{
						//"Actor_HealAddDelta": -0.8, 治疗
						"Actor_HealedAddDelta": -1.0, // 被治疗
					},
					"onAdded": 
					[
						{
							"$type":"DebugLog",
							"content":"TD_V3: 给怪物上血量回复减弱Modifier",
						},	
						{
							"$type":"AttachEffect",
							"effectPattern":"Eff_Monster_AbyssCarpet_Enhanced",
						},	
					],
				}
			},
		},
	}
]
