[
////////////////////////////////////////////////////////////////
//
//  Cicin_FireWaterBall
//
////////////////////////////////////////////////////////////////
{
	"Default":
	{
		"$type": "ConfigAbility",
		"abilityName": "Monster_Cicin_Water_NormalAtk",
		"onAbilityStart":
		[
			{
				"$type": "TriggerBullet",
				"bulletID": 42606004,
				"born": 
				{
					"$type": "ConfigBornBySelf",
					"offset": 
					{
						"x": 0.0,
						"y": 0.2,
						"z": 1.2,
					},
					"direction":
					{
						"$type": "ConfigDirectionByAttackTarget",
					},
				},
			},
		],
	},
},

{
	"Default": 
	{
		"$type": "ConfigAbility",
		"abilityName": "Monster_Cicin_WaterBall_Hit",
		"onAbilityStart": 
		[
			{
				"$type": "RemoveUniqueModifier",
				"modifierName": "UNIQUE_Cicin_WaterBall_Loop",
			},
			{
				"$type": "FireEffect",
				"effectPattern": "Eff_Monster_Cicin_Water_WaterBallAS",
			},
			{
				"$type": "TriggerAttackEvent",
				"targetType": "Enemy",
				"doOffStage" : true,
				"attackEvent": 
				{
					"attackPattern": 
					{
						"$type": "ConfigAttackSphere",
						"duration": 0.0,
						"triggerType": "TriggerNoRepeat",
						"radius": 0.5,
						"born": 
						{
							"$type": "ConfigBornByCollisionPoint",
						},
					},
					"attackInfo":
					{
						"canBeModifiedBy": "OriginOwner",
						"attackProperty": 
						{
							"damagePercentage": 1,
							"elementType": "Water",
							"elementDurability": 50,
							"enBreak": 20,
							"strikeType":"Default",
						},
						"hitPattern": 
						{
							"onHitEffectName": "",
							"hitImpulseType": "LV2",
							"reboundRatio": 0,
							"canBeDefenceHalt": false,
							"hitHaltTime": 0.0,
							"hitHaltTimeScale": 0.05,
							"muteHitText": false,
						},
					}
				},
			},
		],
	},
},
{
	"Default": 
	{
		"$type": "ConfigAbility",
		"abilityName": "Monster_Cicin_WaterBall_Effect",
		"onAdded": 
		[
			{
				"$type" : "ApplyModifier",
				"modifierName"  : "UNIQUE_Cicin_WaterBall_Loop",
				"target"  : "Self",
			},
		],
		"modifiers":
		{
			"UNIQUE_Cicin_WaterBall_Loop":
			{
				"isUnique": true,
				"elementType": "Water",
				"elementDurability": 25,
				"onAdded":
				[
					{
						"$type": "AttachEffect",
						"effectPattern": "Eff_Monster_Cicin_Water_WaterBall",
					},
				],
				"onRemoved":
				[
					{
						"$type": "KillSelf",
					},
				],
			},
		},
	},
},
////////////////////////////////////////////////////////////////
//
//  OtherConfig
//
////////////////////////////////////////////////////////////////
{
	"Default":
	{
		"$type": "ConfigAbility",
		"abilityName": "Monster_Cicin_Water_CommonEffect",
		"abilityMixins":
		[
			{
				"$type": "AttachToAbilityStateMixin",
				"abilityStates": ["ElementFrozen"],
				"modifierName": "FrozenDetect",
			},
		],
		"onAdded":
		[
			{
				"$type": "ApplyModifier",
				"modifierName": "CommonEffect",
			},
		],
		"modifiers":
		{
			"FrozenDetect":
			{
				"onAdded":
				[
					{
						"$type": "TriggerSetRenderersEnable",
						"renderNames": ["Wing"],
						"setEnable": false,
					},
					{
						"$type": "RemoveModifier",
						"modifierName": "CommonEffect",
					},
					{
						"$type": "SetPoseBool",
						"boolID": "Frozen",
						"value": true,
					},
					{
						"$type": "EnablePushColliderName",
						"pushColliderNames": ["PushCollider_Frozen"],
						"setEnable": true,
					},
				],
				"onRemoved":
				[
					{
						"$type": "TriggerSetRenderersEnable",
						"renderNames": ["Wing"],
						"setEnable": true,
					},
					{
						"$type": "ApplyModifier",
						"modifierName": "CommonEffect",
					},
					{
						"$type": "SetPoseBool",
						"boolID": "Frozen",
						"value": false,
					},
					{
						"$type": "EnablePushColliderName",
						"pushColliderNames": ["PushCollider_Frozen"],
						"setEnable": false,
					},
				],
			},
			"CommonEffect":
			{
				// "elementType": "Water",
				// "elementDurability": 50,
				// "isElementDurabilityMutable": false,
				"onAdded":
				[
					{
						"$type":"AttachEffect",
						"effectPattern":"Eff_Monster_Cicin_Water_BodyElement",
					},
				],
			},
		},
	},
},
]