[
	// 镀金旅团-拳刃    yiming.liao

	// .d8888. d888888b d88888b d88888b d8888b.
	// 88'  YP `~~88~~' 88'     88'     88  `8D
	// `8bo.      88    88ooooo 88ooooo 88oobY'
	//   `Y8b.    88    88~~~~~ 88~~~~~ 88`8b
	// db   8D    88    88.     88.     88 `88.
	// `8888Y'    YP    Y88888P Y88888P 88   YD

	{
		"Default": {
			"$type": "ConfigAbility",
			/// @desc 攻击动作旋转Mixin
			"abilityName": "Eremite_Gloves_AnimatorSteer",
			"abilityMixins": [
				// Slash 01
				{
					"$type": "SteerAttackMixin",
					"steerStateIDs": ["Slash01_BS"],
					"startNormalizedTime": 0.042,
					"endNormalizedTime": 0.079,
					"angularSpeed": 340
				},
				{
					"$type": "SteerAttackMixin",
					"steerStateIDs": ["Slash01"],
					"startNormalizedTime": 0.253,
					"endNormalizedTime": 0.308,
					"angularSpeed": 40
				},
				{
					"$type": "SteerAttackMixin",
					"steerStateIDs": ["Slash01_AS"],
					"startNormalizedTime": 0.737,
					"endNormalizedTime": 0.779,
					"angularSpeed": 240
				},

				// Slash 02
				{
					"$type": "SteerAttackMixin",
					"steerStateIDs": ["Slash02_BS"],
					"startNormalizedTime": 0,
					"endNormalizedTime": 1,
					"angularSpeed": 120
				},
				{
					"$type": "SteerAttackMixin",
					"steerStateIDs": ["Slash02_AS"],
					"startNormalizedTime": 0,
					"endNormalizedTime": 0.64,
					"angularSpeed": 120
				},
				{
					"$type": "SteerAttackMixin",
					"steerStateIDs": ["Slash02"],
					"startNormalizedTime": 0,
					"endNormalizedTime": 1,
					"angularSpeed": 42
				},
				{
					"$type": "SteerAttackMixin",
					"steerStateIDs": ["Slash02_AS"],
					"startNormalizedTime": 0.25,
					"endNormalizedTime": 0.673,
					"angularSpeed": 50
				},

				// ChargedAttack
				{
					"$type": "SteerAttackMixin",
					"steerStateIDs": ["ChargedAttack_BS"],
					"startNormalizedTime": 0,
					"endNormalizedTime": 0.131,
					"angularSpeed": 180
				},
				{
					"$type": "SteerAttackTraceMixin",
					"steerStateIDs": ["ChargedAttack"],
					"startNormalizedTime": 0.369,
					"endNormalizedTime": 0.39,
					"angularSpeed": 450
				},
				{
					"$type": "SteerAttackTraceMixin",
					"steerStateIDs": ["ChargedAttack"],
					"startNormalizedTime": 0.406,
					"endNormalizedTime": 0.48,
					"angularSpeed": 120
				},
				{
					"$type": "SteerAttackMixin",
					"steerStateIDs": ["ChargedAttack_AS"],
					"startNormalizedTime": 0.689,
					"endNormalizedTime": 0.819,
					"angularSpeed": 145
				},

				// Alert
				{
					"$type": "SteerAttackMixin",
					"steerStateIDs": ["Alert"],
					"startNormalizedTime": 0.0,
					"endNormalizedTime": 1.0,
					"angularSpeed": 270
				},
				// Special Alert
				{
					"$type": "SteerAttackMixin",
					"steerStateIDs": ["Crossleg_Alert"],
					"startNormalizedTime": 0.195,
					"endNormalizedTime": 0.438,
					"angularSpeed": 450
				},
				{
					"$type": "SteerAttackMixin",
					"steerStateIDs": ["Crossleg_Alert"],
					"startNormalizedTime": 0.45,
					"endNormalizedTime": 1,
					"angularSpeed": 200
				}
			]
		}
	},

	//  .o88b.  .d88b.  .88b  d88. d8888b.  .d88b.
	// d8P  Y8 .8P  Y8. 88'YbdP`88 88  `8D .8P  Y8.
	// 8P      88    88 88  88  88 88oooY' 88    88
	// 8b      88    88 88  88  88 88~~~b. 88    88
	// Y8b  d8 `8b  d8' 88  88  88 88   8D `8b  d8'
	//  `Y88P'  `Y88P'  YP  YP  YP Y8888P'  `Y88P'
	{
		"Default": {
			"$type": "ConfigAbility",
			/// @desc 触发： 检测与玩家的距离，过近则添加连招Trigger
			"abilityName": "Eremite_Gloves_SlashCombo_Check",
			"onAbilityStart": [
				{
					"$type": "SetAnimatorTrigger",
					"triggerID": "ComboTrigger",
					"predicates": [
						{
							"$type": "ByTargetPositionToSelfPosition",
							"target": "SelfAttackTarget",
							"compareType": "XZ",
							"logic": "Lesser",
							"value": 5
						}
					]
				}
			]
		}
	},

	// .d8888. db   db  .d88b.  db   d8b   db      d88888b  .d88b.  db    db d888888b d8888b.
	// 88'  YP 88   88 .8P  Y8. 88   I8I   88      88'     .8P  Y8. 88    88   `88'   88  `8D
	// `8bo.   88ooo88 88    88 88   I8I   88      88ooooo 88    88 88    88    88    88oodD'
	//   `Y8b. 88~~~88 88    88 Y8   I8I   88      88~~~~~ 88    88 88    88    88    88~~~
	// db   8D 88   88 `8b  d8' `8b d8'8b d8'      88.     `8P  d8' 88b  d88   .88.   88
	// `8888Y' YP   YP  `Y88P'   `8b8' `8d8'       Y88888P  `Y88'Y8 ~Y8888P' Y888888P 88
	{
		"Default": {
			"$type": "ConfigAbility",
			/// @desc 拳刃显隐逻辑管理  |  触发： 显示拳刃 并播放特效作掩饰
			"abilityName": "Eremite_Gloves_Equip_Display_Manager",
			"abilityMixins": [
				{
					"$type": "AttachModifierToSelfGlobalValueMixin",
					"globalValueKey": "_EREMITE_GLOVES_HIDE_WEAPON_",
					"defaultGlobalValueOnCreate": 1,
					"valueSteps": [-0.5, 0.5, 1.5], // 0和1！
					"modifierNameSteps": [
						"UNIQUE_Eremite_Gloves_ShowWeapon",
						"UNIQUE_Eremite_Gloves_HideWeapon"
					]
				},
				{
					"$type": "AttachToStateIDMixin",
					"stateIDs": ["Struggle"],
					"modifierName": "UNIQUE_Eremite_Gloves_Struggle_Weapon"
				},
				{
					"$type": "AttachToAnimatorStateIDMixin",
					"stateIDs": ["SheathWeapon"],
					"modifierName": "UNIQUE_Eremite_Gloves_ReturnToBorn"
				},
				// 3.0 补丁
				// 解决怪物在入战状态下玩家传送走再回来之后，怪物走重连逻辑，恢复武器GV为0，导致武器黏手上的问题。
				{
					"$type": "DoActionByPoseIDMixin",
					"poseIDs": [1],
					"enterActions": [
						{
							"$type": "SetGlobalValue",
							"key": "_EREMITE_GLOVES_HIDE_WEAPON_",
							"value": 1
						}
					]
				}
				// 丑陋的补丁套补丁的做法！ 换用另一种实现方案了
				// // 3.0 Bug修复：在被击飞和击退时，额外执行一次类似Alert时执行的逻辑(武器显示与Pose切换)
				// {
				// 	"$type": "DoActionByAnimatorStateIDMixin",
				// 	"stateIDs": ["Hit_L", "Hit_H", "HitThrow"],
				// 	"enterActions": [
				// 		// 触发控制Pose的技能
				// 		{
				// 			"$type": "TriggerAbility",
				// 			"abilityName": "Eremite_Universal_Alert"
				// 		},
				// 		// 显示武器
				// 		{
				// 			"$type": "SetGlobalValue",
				// 			"key": "_EREMITE_GLOVES_HIDE_WEAPON_",
				// 			"value": 0
				// 		}
				// 	]
				// },
				// // 3.0 尝试修复怪物被环境伤害影响导致武器黏手上的问题
				// // 仅当入战时，怪物Alert才可以把武器放到手上
				// {
				// 	"$type": "AttachToAIAlertnessMixin",
				// 	"alertness": [0],
				// 	"modifierName": "NotAlertMark"
				// }
			],
			"onAdded": [
				{
					"$type": "SetGlobalValue",
					"key": "_EREMITE_GLOVES_HIDE_WEAPON_",
					"value": 1
				}
			],
			"onAbilityStart": [
				{
					"$type": "SetGlobalValue",
					"key": "_EREMITE_GLOVES_HIDE_WEAPON_",
					"value": 0
				},
				// 仅在入战时播放这个特效，Struggle吸引时不再影响
				{
					"$type": "FireEffect",
					"effectPattern": "Eff_Monster_Eremite_Weapon_Disappear",
					"otherTargets": {
						"$type": "SelectTargetsByEquipParts",
						"equipPartNames": ["equip01", "equip02"]
					}
				}
			],
			"modifiers": {
				"UNIQUE_Eremite_Gloves_HideWeapon": {
					"isUnique": true,
					"onAdded": [
						//
						// 3.0 Bug修复：Trigger不再通过怪物本身来控制，因为Ability可能先于Weapon加载，
						// 导致TriggerHideWeapon这个Action在武器还没有出来的时候执行，进而导致武器不能正确隐藏。
						// 解决方案，让武器自己去读Owner的GV来调整自身显隐:  Eremite_Gloves_Equip_Display_Logic
						//
						// {
						// 	"$type": "TriggerHideWeapon",
						// 	"visible": false,
						// 	"partNames": ["equip01", "equip02"],
						// 	"modifyAnotherValue": true,
						// 	"canBeHandledOnRecover": true
						// },
						{
							"$type": "SetPoseBool",
							"boolID": "WeaponInHand",
							"value": false,
							"canBeHandledOnRecover": true
						}
					],
					"onReconnect": [
						// {
						// 	"$type": "TriggerHideWeapon",
						// 	"visible": false,
						// 	"partNames": ["equip01", "equip02"],
						// 	"modifyAnotherValue": true
						// },
						{
							"$type": "SetPoseBool",
							"boolID": "WeaponInHand",
							"value": false
						}
					],
					"onChangeAuthority": [
						// {
						// 	"$type": "TriggerHideWeapon",
						// 	"visible": false,
						// 	"partNames": ["equip01", "equip02"],
						// 	"modifyAnotherValue": true
						// },
						{
							"$type": "SetPoseBool",
							"boolID": "WeaponInHand",
							"value": false
						}
					]
				},
				"UNIQUE_Eremite_Gloves_ShowWeapon": {
					"isUnique": true,
					"onAdded": [
						// {
						// 	"$type": "TriggerHideWeapon",
						// 	"visible": true,
						// 	"partNames": ["equip01", "equip02"],
						// 	"modifyAnotherValue": true,
						// 	"canBeHandledOnRecover": true
						// },
						{
							"$type": "SetPoseBool",
							"boolID": "WeaponInHand",
							"value": true
						}
					]
				},
				"UNIQUE_Eremite_Gloves_Struggle_Weapon": {
					"isUnique": true,
					"onAdded": [
						{
							"$type": "SetGlobalValue",
							"key": "_EREMITE_GLOVES_HIDE_WEAPON_",
							"value": 1
						}
					],
					"onRemoved": [
						{
							"$type": "SetGlobalValue",
							"key": "_EREMITE_GLOVES_HIDE_WEAPON_",
							"value": 0
						}
					]
				},
				"UNIQUE_Eremite_Gloves_ReturnToBorn": {
					"isUnique": true,
					"onRemoved": [
						{
							"$type": "SetGlobalValue",
							"key": "_EREMITE_GLOVES_HIDE_WEAPON_",
							"value": 1
						}
					]
				}
			}
		}
	},
	{
		"Default": {
			"$type": "ConfigAbility",
			/// @desc 触发： 隐藏拳刃
			"abilityName": "Eremite_Gloves_Equip_Hide",
			"onAbilityStart": [
				{
					"$type": "SetGlobalValue",
					"key": "_EREMITE_GLOVES_HIDE_WEAPON_",
					"value": 0
				}
			]
		}
	},
	{
		"Default": {
			"$type": "ConfigAbility",
			/// @desc  拳刃通过读取怪物自身的GV，控制自身显隐
			"abilityName": "Eremite_Gloves_Equip_Display_Logic",
			"abilityMixins": [
				{
					"$type": "AttachModifierToGlobalValueMixin",
					"globalValueKey": "_EREMITE_GLOVES_HIDE_WEAPON_",
					"globalValueTarget": "Owner",
					"valueSteps": [-0.5, 0.5, 1.5], // 0和1！
					"modifierNameSteps": [
						"EremiteWeapon_Gloves_ShowWeapon",
						"EremiteWeapon_Gloves_HideWeapon"
					]
				}
			],
			"modifiers": {
				"EremiteWeapon_Gloves_ShowWeapon": {
					"onAdded": [
						{
							"$type": "TriggerSetVisible",
							"visible": true
						}
					]
				},
				"EremiteWeapon_Gloves_HideWeapon": {
					"onAdded": [
						{
							"$type": "TriggerSetVisible",
							"visible": false,
							"canBeHandledOnRecover": true
						}
					],
					"onReconnect": [
						{
							"$type": "TriggerSetVisible",
							"visible": false
						}
					],
					"onChangeAuthority": [
						{
							"$type": "TriggerSetVisible",
							"visible": false
						}
					]
				}
			}
		}
	}
]
