[
////////////////////////////////////////////////////////////////
//
//  State Control
//
////////////////////////////////////////////////////////////////
	{
		"Default" : 
		{
			"$type" : "ConfigAbility",
			"abilityName" : "Dvalin_S00_StateController",
			"abilityMixins":
			[
				{
					"$type": "StageReadyMixin",						
					"onStageReady":
					[
						{
							"$type": "Predicated",
							"targetPredicates":
							[
								{
									"$type": "ByTargetGlobalValue",
									"key": "STAGE_ALREADY_BEGIN",
									"value": 1,
								},
							],
							"failActions":
							[
								{
									"$type": "ApplyModifier",
									"modifierName": "Init",
								},
								{
									"$type": "AddGlobalValue",
									"key": "STAGE_ALREADY_BEGIN",
									"value": 1,
									"useLimitRange": true,
									"minValue": 1,
									"maxValue": 1,
								},
							],
						},
					],
				},
			],
			"modifiers":
			{
				"Init":
				{
					"duration": 12,
					"onAdded":
					[
						{
							"$type": "AddGlobalValue",
							"key": "PROCESS_STATE",
							"value": 1,
							"useLimitRange": true,
							"minValue": 1,
							"maxValue": 1,
						},
						{
							"$type": "AddGlobalValue",
							"key": "DFM_STATE",
							"value": 2,
							"useLimitRange": true,
							"minValue": 2,
							"maxValue": 2,
						},
						{
							"$type": "AddGlobalValue",
							"key": "STAGE_STATE",
							"value": 0,
							"useLimitRange": true,
							"minValue": 0,
							"maxValue": 0,
						},
						{
							"$type": "AddGlobalValue",
							"key": "AIRFLOW_STATE",
							"value": 2,
							"useLimitRange": true,
							"minValue": 2,
							"maxValue": 2,
							"otherTargets": 
							{
								"$type": "SelectTargetsByChildren",
								"configID": 42901048, // Dvalin_S01_ChargeDummy
								"sortType": "Default",
							},
						},
						{
							"$type": "ShowReminder",
							"id": 20010031,
						},
					],
					"onRemoved":
					[
						{
							"$type": "ApplyModifier",
							"modifierName": "S00",
						},
						{
							"$type": "ApplyModifier",
							"modifierName": "SetShootCamera",
						},
					],
					"modifierMixins":
					[
						{
							"$type": "DvalinS01PathEffsMixin",
							"effectStart": 4,
							"effectEnd": 3,
							"effInfos":
							[
								{
									"$type": "DvalinS01PathEffsInfo",
									"flyState": 0,
									"effectName": "Eff_Monster_Dvalin_S01_Cloud01",
									"intervalMax": 0,
									"intervalMin": 0,
									"numMax": 1,
									"numMin": 1,
									"rangeMax": 0.0,
									"rangeMin": 0.0,
									"eularMax": 0.0,
									"eularMin": 0.0,
								},
							],
						},
					],
				},
				//
				// S00
				//
				"S00":
				{
					"duration": 8,
					"onAdded":
					[
						{
							"$type": "AddGlobalValue",
							"key": "HPBAR_STATE",
							"value": 2,
							"useLimitRange": true,
							"minValue": 2,
							"maxValue": 2,
						},
						{
							"$type": "AddGlobalValue",
							"key": "DFM_STATE",
							"value": 2,
							"useLimitRange": true,
							"minValue": 2,
							"maxValue": 2,
						},
					],
					"onBeingHit":
					[
						{
							"$type": "FireEffect",
							"effectPattern": "Eff_Monster_Dvalin_HitBlood",
							"born":
							{
								"$type": "ConfigBornByHitPoint",
							},
						},
					],
					"modifierMixins":
					[
						{
							"$type": "DvalinS01PathEffsMixin",
							"effectStart": 4,
							"effectEnd": 3,
							"effInfos":
							[
								{
									"$type": "DvalinS01PathEffsInfo",
									"flyState": 0,
									"effectName": "Eff_Monster_Dvalin_S01_Cloud01",
									"intervalMax": 0,
									"intervalMin": 0,
									"numMax": 1,
									"numMin": 1,
									"rangeMax": 0.0,
									"rangeMin": 0.0,
									"eularMax": 0.0,
									"eularMin": 0.0,
								},
							],
						},
					],
					"onRemoved":
					[
						{
							"$type": "ApplyModifier",
							"modifierName": "S01",
						},
					],
				},
				"S01":
				{
					"onAdded":
					[
						{
							"$type": "AddGlobalValue",
							"key": "DFM_STATE",
							"value": 1,
							"useLimitRange": true,
							"minValue": 1,
							"maxValue": 1,
						},
					],
					"onBeingHit":
					[
						{
							"$type": "FireEffect",
							"effectPattern": "Eff_Monster_Dvalin_HitBlood",
							"born":
							{
								"$type": "ConfigBornByHitPoint",
							},
						},
					],
					"modifierMixins":
					[
						{
							"$type": "DvalinS01PathEffsMixin",
							"effectStart": 4,
							"effectEnd": 3,
							"effInfos":
							[
								{
									"$type": "DvalinS01PathEffsInfo",
									"flyState": 0,
									"effectName": "Eff_Monster_Dvalin_S01_Cloud01",
									"intervalMax": 0,
									"intervalMin": 0,
									"numMax": 1,
									"numMin": 1,
									"rangeMax": 0.0,
									"rangeMin": 0.0,
									"eularMax": 0.0,
									"eularMin": 0.0,
								},
							],
						},
					],
				},
				// 进入射击镜头
				"SetShootCamera":
				{
					"duration": 0.1,
					"onAdded":
					[
						{
							"$type": "AddGlobalValue",
							"key": "AVATAR_SHOOT_MODE",
							"value": 1,
							"useLimitRange": true,
							"minValue": 1,
							"maxValue": 1,
							"target": "CurTeamAvatars",
						},
					],
				},
			},
		},
	},
	{
		"Default" : 
		{
			"$type" : "ConfigAbility",
			"abilityName" : "Dvalin_S00_ResetSkyBox",
			"onAbilityStart": 
			[
				{
					"$type": "ResetEnviroEular",
					"eularAngles": 
					{
						"x": 0.0, 
						"y": 0.0, 
						"z": 0.0,
					},
				},
			],
		},
	},
]