[
	// 蕈兽BVB活动 - 旋转火    yiming.liao
	// Index:
	//

	// //
	// d88888b db    db d8888b. db       .d88b.  d8888b. d88888b
	// 88'     `8b  d8' 88  `8D 88      .8P  Y8. 88  `8D 88'
	// 88ooooo  `8bd8'  88oodD' 88      88    88 88   88 88ooooo
	// 88~~~~~  .dPYb.  88~~~   88      88    88 88   88 88~~~~~
	// 88.     .8P  Y8. 88      88booo. `8b  d8' 88  .8D 88.
	// Y88888P YP    YP 88      Y88888P  `Y88P'  Y8888D' Y88888P
	{
		"Default": {
			"$type": "ConfigAbility",
			"abilityName": "Fungus_Trois_BVB_Fire_Explode",
			"abilityMixins": [
				{
					"$type": "AttachToAnimatorStateIDMixin",
					"stateIDs": ["Explode_BS", "Explode_Loop"],
					"modifierName": "ExplodeLoopEffect_Normal"
				}
			],
			"modifiers": {
				"ExplodeLoopEffect_Normal": {
					"onAdded": [
						{
							"$type": "AttachEffect",
							"effectPattern": "Eff_Monster_Fungus_Trois_Gamma_Fire_ExplodeDecayed_Loop"
						}
					]
				}
			},
			"onAbilityStart": [
				{
					"$type": "TriggerAttackEvent",
					"targetType": "Enemy",
					"attackEvent": {
						"attackPattern": {
							"$type": "ConfigAttackSphere",
							"triggerType": "TriggerNoRepeat",
							"radius": 3.23,
							"born": {
								"$type": "ConfigBornBySelf"
							}
						},
						"attackInfo": {
							"attackProperty": {
								"damagePercentage": 0.78,
								"enBreak": 30.0,
								"elementType": "Fire",
								"elementDurability": 25,
								"attackType": "Range"
							},
							"attenuationTag": "Fire_Explode",
							"attenuationGroup": "FungusFight_General",
							"hitPattern": {
								"hitImpulseType": "LV4"
							}
						}
					}
				},
				{
					"$type": "FireEffect",
					"effectPattern": "Eff_Monster_Fungus_Trois_Gamma_Fire_ExplodeDecayed_Attack"
				}
			]
		}
	},
	// //
	// d88888b d888888b d8888b. d88888b d8888b. d888888b d8b   db  d888b
	// 88'       `88'   88  `8D 88'     88  `8D   `88'   888o  88 88' Y8b
	// 88ooo      88    88oobY' 88ooooo 88oobY'    88    88V8o 88 88
	// 88~~~      88    88`8b   88~~~~~ 88`8b      88    88 V8o88 88  ooo
	// 88        .88.   88 `88. 88.     88 `88.   .88.   88  V888 88. ~8~
	// YP      Y888888P 88   YD Y88888P 88   YD Y888888P VP   V8P  Y888P
	{
		"Default": {
			"$type": "ConfigAbility",
			"abilityName": "Fungus_Trois_BVB_Fire_FireRing",
			"abilitySpecials": {
				"defence_ratio_enhanced": 2 // 防御提升效果
			},
			"onAbilityStart": [
				{
					"$type": "ApplyModifier",
					"modifierName": "FireDance_Gen_FireRing"
				}
			],
			"modifiers": {
				"FireDance_Gen_FireRing": {
					"stacking": "Refresh",
					"duration": 9,
					"thinkInterval": 0.666,
					"onAdded": [
						{
							"$type": "AttachEffect",
							"effectPattern": "Eff_Monster_Fungus_Trois_Fire_FireRing"
						}
					],
					"onThinkInterval": [
						{
							"$type": "TriggerAttackEvent",
							"targetType": "Enemy",
							"attackEvent": {
								"attackPattern": {
									"$type": "ConfigAttackSphere",
									"triggerType": "TriggerNoRepeat",
									"radius": 2.7,
									"born": {
										"$type": "ConfigBornBySelf"
									}
								},
								"attackInfo": {
									"attackProperty": {
										"damagePercentage": 0.109,
										"enBreak": 6,
										"elementType": "Fire",
										"elementDurability": 25
									},
									"attenuationTag": "FireRing",
									"attenuationGroup": "FungusFight_Trois_FireRing",
									"hitPattern": {
										"hitImpulseType": "LV0"
									}
								}
							}
						}
					],
					"properties": {
						"Actor_DefenceRatio": "%defence_ratio_enhanced"
					},
					"state": "DefenseUp"
				}
			}
		}
	},
	////
	//      d88888b db       .d8b.  .88b  d88. d88888b      .d8888. d888888b  .d88b.  d8888b. .88b  d88.
	//      88'     88      d8' `8b 88'YbdP`88 88'          88'  YP `~~88~~' .8P  Y8. 88  `8D 88'YbdP`88
	//      88ooo   88      88ooo88 88  88  88 88ooooo      `8bo.      88    88    88 88oobY' 88  88  88
	//      88~~~   88      88~~~88 88  88  88 88~~~~~        `Y8b.    88    88    88 88`8b   88  88  88
	//      88      88booo. 88   88 88  88  88 88.          db   8D    88    `8b  d8' 88 `88. 88  88  88
	//      YP      Y88888P YP   YP YP  YP  YP Y88888P      `8888Y'    YP     `Y88P'  88   YD YP  YP  YP
	{
		"Default": {
			"$type": "ConfigAbility",
			"abilityName": "Fungus_Trois_BVB_Fire_FlameStorm",
			"abilitySpecials": {
				"sub_hurt_delta_negative": -0.15 // 全抗降低量
			},
			"abilityMixins": [
				{
					"$type": "AttachToAnimatorStateIDMixin",
					"stateIDs": ["FlameStorm_BS", "FlameStorm_Loop"],
					"modifierName": "ExplodeLoopEffect_UB"
				},
				{
					"$type": "DoActionByStateIDMixin",
					"stateIDs": ["UnionBurst"],
					"enterActions": [
						{
							"$type": "SetAnimatorTrigger",
							"triggerID": "UBShader"
						}
					]
				}
			],
			"onAdded": [
				// 监控，大招打中之后上一个Debuff效果
				{
					"$type": "ApplyModifier",
					"modifierName": "FlameStorm_Attack_Monitor"
				}
			],
			"modifiers": {
				"FlameStorm_Attack_Monitor": {
					"onAttackLanded": [
						{
							"$type": "Predicated",
							"target": "Target",
							"targetPredicates": [
								{
									"$type": "ByAttackTags",
									"attackTags": ["FlameStorm"]
								}
							],
							"successActions": [
								{
									"$type": "ApplyModifier",
									"target": "Target",
									"modifierName": "FlameStorm_Vulnerable",
									"predicates": [
										{
											"$type": "ByEntityTypes",
											"entityTypes": ["Monster", "Partner"]
										}
									]
								}
							]
						}
					]
				},
				"FlameStorm_Vulnerable": {
					"duration": 8,
					"stacking": "Refresh",
					"state": "DefenseDown",
					"properties": {
						"Actor_PhysicalSubHurtDelta": "%sub_hurt_delta_negative",
						"Actor_FireSubHurtDelta": "%sub_hurt_delta_negative",
						"Actor_ElecSubHurtDelta": "%sub_hurt_delta_negative",
						"Actor_IceSubHurtDelta": "%sub_hurt_delta_negative",
						"Actor_WaterSubHurtDelta": "%sub_hurt_delta_negative",
						"Actor_GrassSubHurtDelta": "%sub_hurt_delta_negative",
						"Actor_WindSubHurtDelta": "%sub_hurt_delta_negative",
						"Actor_RockSubHurtDelta": "%sub_hurt_delta_negative"
					}
				},
				"ExplodeLoopEffect_UB": {
					"modifierMixins": [
						{
							"$type": "WindZoneMixin",
							"shapeName": "CircleR8",
							"strength": 3.75,
							"attenuation": 2.7,
							"innerRadius": 1.2,
							"born": {
								"$type": "ConfigBornByAttachPoint",
								"attachPointName": "RootNode",
								"offset": {
									"x": 0.0,
									"y": -0.5,
									"z": 0.0
								}
							},
							"targetType": "Enemy",
							"predicates": [
								{
									"$type": "ByEntityTypes",
									"entityTypes": ["Monster", "Partner"]
								},
								{
									"$type": "ByTargetWeight",
									"logic": "LesserOrEqual",
									"weight": 140.0
								}
							]
						}
					],
					"onAdded": [
						{
							"$type": "FireEffect",
							"effectPattern": "Eff_Monster_Fungus_Trois_Fire_FlameStorm_WindZone"
						},
						{
							"$type": "AttachModifier",
							"modifierName": "ExplodeLoopEffect_Camera"
						}
					]
				},
				// 震屏表现
				"ExplodeLoopEffect_Camera": {
					"duration": 1.25,
					"thinkInterval": 0.2,
					"onThinkInterval": [
						// 蓄力震屏
						{
							"$type": "ActCameraShake",
							"cameraShake": {
								"extension": {
									"afterShake": false,
									"rangeAttenuation": 0.2
								},
								"shakeDistance": 25,
								"shakeTime": 0.25,
								"shakeRange": 0.33
							}
						}
					]
				}
			},
			// 爆发
			"onAbilityStart": [
				{
					"$type": "TriggerAttackEvent",
					"targetType": "Enemy",
					"attackEvent": {
						"attackPattern": {
							"$type": "ConfigAttackSphere",
							"triggerType": "TriggerNoRepeat",
							"radius": 5,
							"born": {
								"$type": "ConfigBornBySelf"
							}
						},
						"attackInfo": {
							"attackProperty": {
								"damagePercentage": 5.12,
								"enBreak": 150,
								"elementType": "Fire",
								"elementDurability": 100
							},
							"attackTag": "FlameStorm",
							"hitPattern": {
								"hitImpulseType": "LV6"
							}
						}
					}
				},
				{
					"$type": "FireEffect",
					"effectPattern": "Eff_Monster_Fungus_Trois_Fire_FlameStorm"
				},
				// 震屏设置
				{
					"$type": "ActCameraShake",
					"cameraShake": {
						"shakeDir": {
							"z": 1
						},
						"extension": {
							"rangeAttenuation": 0.1,
							"baseCycle": 0.25,
							"cycleDamping": 0.6
						},
						"shakeDistance": 30,
						"shakeTime": 0.4,
						"shakeRange": 2.1,
						"shakeType": "CustomVector"
					}
				},
				//  镜头模糊
				{
					"$type": "ActCameraRadialBlur",
					"cameraRadialBlur": {
						"blurTime": 0.1,
						"fadeTime": 0.15,
						"power": 0.2
					}
				}
			]
		}
	}
]
