[
	//镀金旅团 通用Ability    yiming.liao

	//
	// .d8888. d888888b d88888b d88888b d8888b.
	// 88'  YP `~~88~~' 88'     88'     88  `8D
	// `8bo.      88    88ooooo 88ooooo 88oobY'
	//   `Y8b.    88    88~~~~~ 88~~~~~ 88`8b
	// db   8D    88    88.     88.     88 `88.
	// `8888Y'    YP    Y88888P Y88888P 88   YD
	{
		"Default": {
			"$type": "ConfigAbility",
			/// @desc Turn-State下的通用动作旋转
			"abilityName": "Eremite_TurnState_AnimatorSteer",
			"abilityMixins": [
				{
					"$type": "SteerAttackMixin",
					"steerStateIDs": ["Turn"],
					"startNormalizedTime": 0.0,
					"endNormalizedTime": 100.0,
					"angularSpeed": 250
				}
			]
		}
	},

	//  .d8b.  db      d88888b d8888b. d888888b
	// d8' `8b 88      88'     88  `8D `~~88~~'
	// 88ooo88 88      88ooooo 88oobY'    88
	// 88~~~88 88      88~~~~~ 88`8b      88
	// 88   88 88booo. 88.     88 `88.    88
	// YP   YP Y88888P Y88888P 88   YD    YP
	{
		"Default": {
			"$type": "ConfigAbility",
			/// @desc 镀金初级怪通用入战Pose处理 | 触发：将Pose状态机的FreePoseMark设为0，方便入战
			"abilityName": "Eremite_Universal_Alert",
			"onAbilityStart": [
				{
					"$type": "SetPoseInt",
					"intID": "FreePoseMark",
					"value": 0
				}
			]
		}
	},
	// .d8888. db   db d88888b  .d8b.  d888888b db   db
	// 88'  YP 88   88 88'     d8' `8b `~~88~~' 88   88
	// `8bo.   88ooo88 88ooooo 88ooo88    88    88ooo88
	//   `Y8b. 88~~~88 88~~~~~ 88~~~88    88    88~~~88
	// db   8D 88   88 88.     88   88    88    88   88
	// `8888Y' YP   YP Y88888P YP   YP    YP    YP   YP
	{
		"Default": {
			"$type": "ConfigAbility",
			/// @desc 脱战进入Pose-901时，触发收刀Trigger
			"abilityName": "Eremite_ReturnToBorn",
			"abilityMixins": [
				{
					"$type": "AttachToPoseIDMixin",
					"poseIDs": [901],
					"modifierName": "ReturnToBorn_Start"
				}
			],
			"modifiers": {
				"ReturnToBorn_Start": {
					"onAdded": [
						{
							"$type": "SetAnimatorTrigger",
							"triggerID": "SheathWeaponTrigger"
						}
					]
				}
			}
		}
	},

	// d88888b  .d88b.  db    db d888888b d8888b.       d888b   .d8b.  d8888b.  d888b  d88888b d888888b
	// 88'     .8P  Y8. 88    88   `88'   88  `8D      88' Y8b d8' `8b 88  `8D 88' Y8b 88'     `~~88~~'
	// 88ooooo 88    88 88    88    88    88oodD'      88      88ooo88 88   88 88      88ooooo    88
	// 88~~~~~ 88    88 88    88    88    88~~~        88  ooo 88~~~88 88   88 88  ooo 88~~~~~    88
	// 88.     `8P  d8' 88b  d88   .88.   88           88. ~8~ 88   88 88  .8D 88. ~8~ 88.        88
	// Y88888P  `Y88'Y8 ~Y8888P' Y888888P 88            Y888P  YP   YP Y8888D'  Y888P  Y88888P    YP
	{
		"Default": {
			"$type": "ConfigAbility",
			/// @desc 武器销毁表现
			"abilityName": "Eremite_Equip_Delay_Destory",
			"modifiers": {
				"Weapon_Delay_Disappear": {
					"onAdded": [
						{
							"$type": "KillSelf"
						},
						{
							"$type": "HideUIBillBoard",
							"hide": true
						}
					]
				}
			},
			"onDetach": [
				{
					"$type": "ApplyModifier",
					"modifierName": "Weapon_Delay_Disappear"
				}
			]
		}
	},

	//  d88888b  .d88b.  db    db d888888b d8888b.      .88b  d88.  .d8b.  d8b   db  .d8b.   d888b  d88888b d8888b.
	//  88'     .8P  Y8. 88    88   `88'   88  `8D      88'YbdP`88 d8' `8b 888o  88 d8' `8b 88' Y8b 88'     88  `8D
	//  88ooooo 88    88 88    88    88    88oodD'      88  88  88 88ooo88 88V8o 88 88ooo88 88      88ooooo 88oobY'
	//  88~~~~~ 88    88 88    88    88    88~~~        88  88  88 88~~~88 88 V8o88 88~~~88 88  ooo 88~~~~~ 88`8b
	//  88.     `8P  d8' 88b  d88   .88.   88           88  88  88 88   88 88  V888 88   88 88. ~8~ 88.     88 `88.
	//  Y88888P  `Y88'Y8 ~Y8888P' Y888888P 88           YP  YP  YP YP   YP VP   V8P YP   YP  Y888P  Y88888P 88   YD
	{
		"Default": {
			"$type": "ConfigAbility",
			/// @desc 武器位置表现管理 | 触发： 把武器放到手上，需要Prefab中配置好「WeaponSheathPoint」点
			"abilityName": "Eremite_Equip_Display_Manager",
			// 注意：拳刃和长柄没有使用这个逻辑，有单独的实现，如果有调整，记得看一下对应的部分
			"abilityMixins": [
				{
					"$type": "AttachModifierToSelfGlobalValueMixin",
					"globalValueKey": "_EREMITE_SHEATHWEAPON_",
					"defaultGlobalValueOnCreate": 1,
					"valueSteps": [-0.5, 0.5, 1.5], // 0和1！
					"modifierNameSteps": [
						"UNIQUE_Eremite_ShowWeapon",
						"UNIQUE_Eremite_SheathWeapon"
					]
				},
				{
					"$type": "AttachToStateIDMixin",
					"stateIDs": ["Struggle"],
					"modifierName": "UNIQUE_Eremite_HideWeapon"
				},
				// 3.0 补丁
				// 解决怪物在入战状态下玩家传送走再回来之后，怪物走重连逻辑，恢复武器GV为0，导致武器黏手上的问题。
				// 拳刃和长柄都改成了类似的实现
				{
					"$type": "DoActionByPoseIDMixin",
					"poseIDs": [1],
					"enterActions": [
						{
							"$type": "SetGlobalValue",
							"key": "_EREMITE_SHEATHWEAPON_",
							"value": 1
						}
					]
				}
				// 丑陋的补丁套补丁的做法！ 换用另一种实现方案了
				//
				// // 3.0 Bug修复：在被击飞和击退时，额外执行一次类似Alert时执行的逻辑(武器显示与Pose切换)
				// {
				// 	"$type": "DoActionByAnimatorStateIDMixin",
				// 	"stateIDs": ["Hit_L", "Hit_H", "HitThrow"],
				// 	"enterActions": [
				// 		// 触发控制Pose的技能
				// 		{
				// 			"$type": "TriggerAbility",
				// 			"abilityName": "Eremite_Universal_Alert"
				// 		},
				// 		// 显示武器
				// 		{
				// 			"$type": "SetGlobalValue",
				// 			"key": "_EREMITE_SHEATHWEAPON_",
				// 			"value": 0
				// 		}
				// 	]
				// },
				// // 3.0 尝试修复怪物被环境伤害影响导致武器黏手上的问题
				// // 仅当入战时，怪物Alert才可以把武器放到手上
				// {
				// 	"$type": "AttachToAIAlertnessMixin",
				// 	"alertness": [0],
				// 	"modifierName": "NotAlertMark"
				// }
			],
			"onAdded": [
				{
					"$type": "SetGlobalValue",
					"key": "_EREMITE_SHEATHWEAPON_",
					"value": 1,
					"canBeHandledOnRecover": true
				}
			],
			"onAbilityStart": [
				{
					"$type": "SetGlobalValue",
					"key": "_EREMITE_SHEATHWEAPON_",
					"value": 0
				}
			],
			"modifiers": {
				"UNIQUE_Eremite_SheathWeapon": {
					"isUnique": true,
					"onAdded": [
						{
							"$type": "SetWeaponAttachPointRealName",
							"partName": "equip01",
							"realName": "WeaponSheathPoint",
							"canBeHandledOnRecover": true
						},
						{
							"$type": "SetPoseBool",
							"boolID": "WeaponInHand",
							"value": false,
							"canBeHandledOnRecover": true
						}
					],
					"onReconnect": [
						{
							"$type": "SetWeaponAttachPointRealName",
							"partName": "equip01",
							"realName": "WeaponSheathPoint"
						},
						{
							"$type": "SetPoseBool",
							"boolID": "WeaponInHand",
							"value": false
						}
					],
					"onChangeAuthority": [
						{
							"$type": "SetWeaponAttachPointRealName",
							"partName": "equip01",
							"realName": "WeaponSheathPoint"
						},
						{
							"$type": "SetPoseBool",
							"boolID": "WeaponInHand",
							"value": false
						}
					]
				},
				"UNIQUE_Eremite_ShowWeapon": {
					"isUnique": true,
					"onAdded": [
						{
							"$type": "SetWeaponAttachPointRealName",
							"partName": "equip01"
						},
						{
							"$type": "SetPoseBool",
							"boolID": "WeaponInHand",
							"value": true
						}
					]
				},
				"UNIQUE_Eremite_HideWeapon": {
					"isUnique": true,
					"onAdded": [
						{
							"$type": "TriggerHideWeapon",
							"visible": false,
							"partNames": ["equip01"],
							"modifyAnotherValue": true,
							"canBeHandledOnRecover": true
						}
					],
					"onReconnect": [
						{
							"$type": "TriggerHideWeapon",
							"visible": false,
							"partNames": ["equip01"],
							"modifyAnotherValue": true
						}
					],
					"onChangeAuthority": [
						{
							"$type": "TriggerHideWeapon",
							"visible": false,
							"partNames": ["equip01"],
							"modifyAnotherValue": true
						}
					],
					"onRemoved": [
						{
							"$type": "TriggerHideWeapon",
							"visible": true,
							"partNames": ["equip01"],
							"modifyAnotherValue": true
						}
					]
				}
			}
		}
	},

	// .d8888. db   db d88888b  .d8b.  d888888b db   db
	// 88'  YP 88   88 88'     d8' `8b `~~88~~' 88   88
	// `8bo.   88ooo88 88ooooo 88ooo88    88    88ooo88
	//   `Y8b. 88~~~88 88~~~~~ 88~~~88    88    88~~~88
	// db   8D 88   88 88.     88   88    88    88   88
	// `8888Y' YP   YP Y88888P YP   YP    YP    YP   YP
	{
		"Default": {
			"$type": "ConfigAbility",
			/// @desc 把武器放回「WeaponSheathPoint」点上
			"abilityName": "Eremite_Equip_SheathWeapon",
			"onAbilityStart": [
				{
					"$type": "SetGlobalValue",
					"key": "_EREMITE_SHEATHWEAPON_",
					"value": 1
				}
			]
		}
	},

	// d88888b d8b   db d8888b. db    db d8888b. d88888b
	// 88'     888o  88 88  `8D 88    88 88  `8D 88'
	// 88ooooo 88V8o 88 88   88 88    88 88oobY' 88ooooo
	// 88~~~~~ 88 V8o88 88   88 88    88 88`8b   88~~~~~
	// 88.     88  V888 88  .8D 88b  d88 88 `88. 88.
	// Y88888P VP   V8P Y8888D' ~Y8888P' 88   YD Y88888P
	{
		"Default": {
			"$type": "ConfigAbility",
			/// @desc 属性调整 增加霸体值 - 目前是给NPC怪物用的
			"abilityName": "Eremite_Endure_Enhanced",
			"onAdded": [
				{
					"$type": "ApplyModifier",
					"modifierName": "Eremite_Endure_Enhanced"
				}
			],
			"modifiers": {
				"Eremite_Endure_Enhanced": {
					"properties": {
						"Actor_EndureDelta": 0.45
					}
				}
			}
		}
	},

	//  d888b   .d8b.  .88b  d88. d8888b. db      d888888b d8b   db  d888b
	// 88' Y8b d8' `8b 88'YbdP`88 88  `8D 88        `88'   888o  88 88' Y8b
	// 88      88ooo88 88  88  88 88oooY' 88         88    88V8o 88 88
	// 88  ooo 88~~~88 88  88  88 88~~~b. 88         88    88 V8o88 88  ooo
	// 88. ~8~ 88   88 88  88  88 88   8D 88booo.   .88.   88  V888 88. ~8~
	//  Y888P  YP   YP YP  YP  YP Y8888P' Y88888P Y888888P VP   V8P  Y888P
	// 打牌相关的动作逻辑，保证一输一赢
	// 9511 - 输赢信号发出PoseID
	// 9512 - 动作接收PoseID
	// 状态机需求：
	//	-  	GamblingResult: Bool  ——	由此Ability控制，决定输赢结果
	//	- 	GamblingBanker: Bool  ——  	为true时才会播放Roll动画。否则在播放完动画后会直接退出 - *初始记得打钩*
	//	-	GamblingBet: Trigger
	//	-	GamblingWin: Trigger
	//  -	GamblingLose: Trigger
	{
		"Default": {
			"$type": "ConfigAbility",
			/// @desc 战前打牌相关逻辑 | 触发： 仅限9511 Pose下触发，设定自身状态机走向并控制旁边的相关角色播放相反的动作
			"abilityName": "Eremite_Gambling_Logic",
			"abilityMixins": [
				// 接收方GlobalValue标记 与 庄家布尔值  接收方不会 Roll 骰子
				{
					"$type": "DoActionByPoseIDMixin",
					"poseIDs": [9512],
					"enterActions": [
						{
							"$type": "SetGlobalValue",
							"key": "_EREMITE_GAMBLING_RESULT_RECEIVER_",
							"value": 1
						},
						{
							"$type": "SetAnimatorBool",
							"boolID": "GamblingBanker",
							"value": false
						}
					],
					"exitActions": [
						{
							"$type": "ClearGlobalValue",
							"key": "_EREMITE_GAMBLING_RESULT_RECEIVER_"
						},
						{
							"$type": "SetAnimatorBool",
							"boolID": "GamblingBanker",
							"value": true
						}
					]
				},
				// 侦听投注动画  让另外的对手也进行投注
				{
					"$type": "DoActionByAnimatorStateIDMixin",
					"stateIDs": ["Crossleg_Gambling_Bet_Skill"],
					"enterActions": [
						// 给附近的接收方 发送Modifier，修改其Trigger，直接播对应动画
						{
							"$type": "ApplyModifier",
							"otherTargets": {
								"$type": "SelectTargetsByShape",
								"shapeName": "CircleR6",
								"topLimit": 1,
								"campBasedOn": "Self",
								"campTargetType": "Alliance",
								"centerBasedOn": "Self",
								"sortType": "Nearest"
							},
							"modifierName": "Eremite_Gambling_Trigger_GamblingBet",
							"predicates": [
								{
									"$type": "ByTargetGlobalValue",
									"key": "_EREMITE_GAMBLING_RESULT_RECEIVER_",
									"compareType": "Equal",
									"value": 1
								}
							]
						}
					]
				}
			],
			"onAbilityStart": [
				{
					"$type": "Randomed",
					"chance": 0.5,
					"successActions": [
						// 控制自身状态机走向
						{
							"$type": "SetAnimatorBool",
							"boolID": "GamblingResult",
							"value": true
						},
						// 给附近的接收方 发送Modifier，修改其Trigger，直接播对应动画
						{
							"$type": "ApplyModifier",
							"otherTargets": {
								"$type": "SelectTargetsByShape",
								"shapeName": "CircleR6",
								"topLimit": 1,
								"centerBasedOn": "Self",
								"campBasedOn": "Self",
								"campTargetType": "Alliance",
								"sortType": "Nearest"
							},
							"modifierName": "Eremite_Gambling_Trigger_GamblingLose",
							"predicates": [
								{
									"$type": "ByTargetGlobalValue",
									"key": "_EREMITE_GAMBLING_RESULT_RECEIVER_",
									"compareType": "Equal",
									"value": 1
								}
							]
						}
					],
					"failActions": [
						// 效果与 successActions 相反
						{
							"$type": "SetAnimatorBool",
							"boolID": "GamblingResult",
							"value": false
						},
						{
							"$type": "ApplyModifier",
							"otherTargets": {
								"$type": "SelectTargetsByShape",
								"shapeName": "CircleR6",
								"topLimit": 1,
								"campBasedOn": "Self",
								"campTargetType": "Alliance",
								"centerBasedOn": "Self",
								"sortType": "Nearest"
							},
							"modifierName": "Eremite_Gambling_Trigger_GamblingWin",
							"predicates": [
								{
									"$type": "ByTargetGlobalValue",
									"key": "_EREMITE_GAMBLING_RESULT_RECEIVER_",
									"compareType": "Equal",
									"value": 1
								}
							]
						}
					]
				}
			],
			"modifiers": {
				"Eremite_Gambling_Trigger_GamblingBet": {
					"duration": 5,
					"onAdded": [
						{
							"$type": "SetAnimatorTrigger",
							"triggerID": "GamblingBet"
						}
					]
				},
				"Eremite_Gambling_Trigger_GamblingLose": {
					"duration": 5,
					"onAdded": [
						{
							"$type": "SetAnimatorTrigger",
							"triggerID": "GamblingLose"
						}
					]
				},
				"Eremite_Gambling_Trigger_GamblingWin": {
					"duration": 5,
					"onAdded": [
						{
							"$type": "SetAnimatorTrigger",
							"triggerID": "GamblingWin"
						}
					]
				}
			}
		}
	},

	// d88888b d8888b. d88888b d88888b d8888b.  .d88b.  .d8888. d88888b
	// 88'     88  `8D 88'     88'     88  `8D .8P  Y8. 88'  YP 88'
	// 88ooo   88oobY' 88ooooo 88ooooo 88oodD' 88    88 `8bo.   88ooooo
	// 88~~~   88`8b   88~~~~~ 88~~~~~ 88~~~   88    88   `Y8b. 88~~~~~
	// 88      88 `88. 88.     88.     88      `8b  d8' db   8D 88.
	// YP      88   YD Y88888P Y88888P 88       `Y88P'  `8888Y' Y88888P
	{
		"Default": {
			"$type": "ConfigAbility",
			/// @desc 镀金通用战前表现 特效物件控制
			"abilityName": "Eremite_FreePose_Display_Manager",
			"abilityMixins": [
				{
					// Oud  乌德琴
					"$type": "AttachToAnimatorStateIDMixin",
					"stateIDs": [
						"Crossleg_OudIdle",
						"Crossleg_PlayOud_BS",
						"Crossleg_PlayOud_Loop",
						"Crossleg_PlayOud_AS"
					],
					"modifierName": "FreePose_Display_Oud"
				},
				{
					// Daff 铃鼓
					"$type": "AttachToAnimatorStateIDMixin",
					"stateIDs": ["Crossleg_PlayDaff_Idle"],
					"modifierName": "FreePose_Display_Daff"
				},
				// 3.1 新增，用于演奏状态调整Pose状态机
				// 进入9555演奏状态时，重置StopPlayOud bool参数，防止马上回到9505
				{
					"$type": "DoActionByPoseIDMixin",
					"poseIDs": [9555],
					"enterActions": [
						{
							"$type": "SetPoseBool",
							"boolID": "StopPlayOud",
							"value": false
						}
					]
				},
				// 退出动画演奏状态时，设置StopPlayOud，使Pose回到9505
				{
					"$type": "DoActionByAnimatorStateIDMixin",
					"stateIDs": ["Crossleg_PlayOud_Loop"],
					"exitActions": [
						{
							"$type": "SetPoseBool",
							"boolID": "StopPlayOud",
							"value": true
						}
					]
				}
			],
			"modifiers": {
				"FreePose_Display_Oud": {
					"onAdded": [
						{
							"$type": "AttachEffect",
							"effectPattern": "Eff_Monster_Eremite_Freepose_Oud"
						}
					],
					"onRemoved": [
						{
							"$type": "FireEffect",
							"effectPattern": "Eff_Monster_Eremite_Weapon_Disappear",
							"born": {
								"$type": "ConfigBornByAttachPoint",
								"attachPointName": "WeaponR",
								"offset": {
									"z": 0.268
								}
							}
						}
					]
				},
				"FreePose_Display_Daff": {
					"onAdded": [
						{
							"$type": "AttachEffect",
							"effectPattern": "Eff_Monster_Eremite_Freepose_Daff"
						}
					],
					"onRemoved": [
						{
							"$type": "FireEffect",
							"effectPattern": "Eff_Monster_Eremite_Weapon_Disappear",
							"born": {
								"$type": "ConfigBornByAttachPoint",
								"attachPointName": "WeaponL",
								"offset": {
									"x": -0.163,
									"z": 0.106
								}
							}
						}
					]
				}
			}
		}
	},
	{
		"Default": {
			"$type": "ConfigAbility",
			/// @desc 针对成男体型的喝水表现
			"abilityName": "Eremite_FreePose_Male_Drinking_Display_Manager",
			"abilityMixins": [
				{
					"$type": "AttachToAnimatorStateIDMixin",
					"stateIDs": ["Crossleg_Drink_Skill_02", "Crossleg_Drink_Skill_04"],
					"modifierName": "EremiteDrinkingMark_Plugged"
				},
				{
					"$type": "AttachToAnimatorStateIDMixin",
					"stateIDs": ["Crossleg_Drink_Skill_03"],
					"modifierName": "EremiteDrinkingMark_Opened"
				}
			],
			"modifiers": {
				"EremiteDrinkingMark_Opened": {
					"onAdded": [
						{
							"$type": "AttachEffect",
							"effectPattern": "Eff_Monster_Eremite_Freepose_WaterSkin"
						}
					]
				},
				"EremiteDrinkingMark_Plugged": {
					"onAdded": [
						{
							"$type": "AttachEffect",
							"effectPattern": "Eff_Monster_Eremite_Freepose_WaterSkin_Plugged"
						}
					]
				},
				"EremiteDrinkingMark_Plugged_After": {
					"onAdded": [
						{
							"$type": "AttachEffect",
							"effectPattern": "Eff_Monster_Eremite_Freepose_WaterSkin_Plugged"
						}
					]
				}
			}
		}
	},
	{
		"Default": {
			"$type": "ConfigAbility",
			/// @desc 针对壮男体型的喝水表现
			"abilityName": "Eremite_FreePose_MuscleMan_Drinking_Display_Manager",
			"abilityMixins": [
				{
					"$type": "AttachToAnimatorStateIDMixin",
					"stateIDs": ["Crossleg_Drink_Skill_02", "Crossleg_Drink_Skill_04"],
					"modifierName": "EremiteDrinkingMark_Plugged"
				},
				{
					"$type": "AttachToAnimatorStateIDMixin",
					"stateIDs": ["Crossleg_Drink_Skill_03"],
					"modifierName": "EremiteDrinkingMark_Opened"
				}
			],
			"modifiers": {
				"EremiteDrinkingMark_Opened": {
					"onAdded": [
						{
							"$type": "AttachEffect",
							"effectPattern": "Eff_Monster_Eremite_Freepose_WaterSkin"
						}
					]
				},
				"EremiteDrinkingMark_Plugged": {
					"onAdded": [
						{
							"$type": "AttachEffect",
							"effectPattern": "Eff_Monster_Eremite_Freepose_WaterSkin_Plugged"
						}
					]
				}
			}
		}
	},

	// //
	//  .d88b.  db    db d88888b .d8888. d888888b
	// .8P  Y8. 88    88 88'     88'  YP `~~88~~'
	// 88    88 88    88 88ooooo `8bo.      88
	// 88    88 88    88 88~~~~~   `Y8b.    88
	// `8P  d8' 88b  d88 88.     db   8D    88
	//  `Y88'Y8 ~Y8888P' Y88888P `8888Y'    YP
	{
		"Default": {
			"$type": "ConfigAbility",
			/// @desc 大世界玩法中的特殊词缀功能
			"abilityName": "Eremite_FatuiMaranaWell_GlobalValue_Mark",
			"onAdded": [
				{
					"$type": "ApplyModifier",
					"modifierName": "SetGlobalValue_FatuiMaranaWell"
				}
			],
			"modifiers": {
				"SetGlobalValue_FatuiMaranaWell": {
					"onAdded": [
						{
							"$type": "SetGlobalValue",
							"key": "FatuiMaranaWell",
							"value": 1
						}
					]
				}
			}
		}
	},
	{
		"Default": {
			"$type": "ConfigAbility",
			/// @desc 重设AI入战广播范围
			"abilityName": "Eremite_MainWorld_ResetThreatBroadcastRange",
			"onAdded": [
				{
					"$type": "ApplyModifier",
					"modifierName": "Affix_ResetAIThreatBroadcastRange"
				}
			],
			"modifiers": {
				"Affix_ResetAIThreatBroadcastRange": {
					"onAdded": [
						{
							"$type": "ResetAIThreatBroadcastRange",
							"range": 0
						}
					]
				}
			}
		}
	},
////////////////////////////////////////////////////////////////
//
//  Common_Equip
//
////////////////////////////////////////////////////////////////
{
	"Default":
	{
		"$type": "ConfigAbility",
		"abilityName": "Monster_Eremite_CommonEquip_UnhideWeapon_Logic",
		"abilityMixins":
		[
			{
				"$type": "AttachModifierToGlobalValueMixin", 
				"globalValueKey": "_MONSTER_EREMITE_HIDE_WEAPON",
				"valueSteps" : [-0.5, 0.5, 1.5],
				"removeAppliedModifier": true,
				"modifierNameSteps" : ["UNIQUE_UnhideWeapon","UNIQUE_HideWeapon"],
				"globalValueTarget": "Owner",
			},
		],
		"modifiers": 
		{
			"UNIQUE_UnhideWeapon":
			{
				"isUnique": true,
				"stacking": "Unique",
				"onAdded": 
				[
					{
   						"$type":"RemoveUniqueModifier",
						"modifierName":"UNIQUE_HideWeapon",
  					},
					{
						"$type": "TriggerSetVisible",
						"visible": true,
						"canBeHandledOnRecover": true,
					},
				],
			},
			"UNIQUE_HideWeapon":
			{
				"isUnique": true,
				"stacking": "Unique",
				"onAdded": 
				[
					{
   						"$type":"RemoveUniqueModifier",
						"modifierName":"UNIQUE_UnhideWeapon",
  					},
					{
						"$type": "TriggerSetVisible",
						"visible": false,
						"canBeHandledOnRecover": true,
					},
				],
			}
		}
	},
},
]
