[
	// 蕈兽BVB活动 - 伸展风    yiming.liao
	//
	// //
	// db   d8b   db d888888b d8b   db d8888b.      d8888b. db    db db      db      d88888b d888888b
	// 88   I8I   88   `88'   888o  88 88  `8D      88  `8D 88    88 88      88      88'     `~~88~~'
	// 88   I8I   88    88    88V8o 88 88   88      88oooY' 88    88 88      88      88ooooo    88
	// Y8   I8I   88    88    88 V8o88 88   88      88~~~b. 88    88 88      88      88~~~~~    88
	// `8b d8'8b d8'   .88.   88  V888 88  .8D      88   8D 88b  d88 88booo. 88booo. 88.        88
	//  `8b8' `8d8'  Y888888P VP   V8P Y8888D'      Y8888P' ~Y8888P' Y88888P Y88888P Y88888P    YP
	{
		"Default": {
			"$type": "ConfigAbility",
			/// @desc 触发：发射普攻风子弹。部分特效逻辑管理
			"abilityName": "Fungus_Deux_BVB_Wind_Bullet_Trigger",
			"abilityMixins": [
				// 风子弹发射过程中动画表现
				{
					"$type": "AttachToAnimatorStateIDMixin",
					"stateIDs": ["WindBullet"],
					"modifierName": "WindBullet_VFX_Display"
				},
				// 攻击瞄准旋转
				{
					"$type": "SteerAttackMixin",
					"steerStateIDs": ["NormalAttack"],
					"angularSpeed": 180
				}
			],
			"onAbilityStart": [
				// 发射子弹
				{
					"$type": "TriggerBullet",
					"bulletID": 42609012,
					"trackTarget": "SelfAttackTarget",
					"born": {
						"$type": "ConfigBornByAttachPoint",
						"attachPointName": "BulletSource",
						"attachPointTargetType": "Self"
					}
				},
				// 发射子弹时的特效
				{
					"$type": "FireEffect",
					"effectPattern": "Eff_Monster_Fungus_Deux_Epsilon_Wind_SpinningFanNormal_Attack"
				}
			],
			"modifiers": {
				"WindBullet_VFX_Display": {
					"onAdded": [
						{
							"$type": "AttachEffect",
							"effectPattern": "Eff_Monster_Fungus_Deux_Epsilon_Wind_SpinningFanNormal_Loop"
						}
					]
				}
			}
		}
	},
	{
		"Default": {
			"$type": "ConfigAbility",
			/// @desc 普攻风子弹
			"abilityName": "Fungus_Deux_BVB_Wind_Bullet",
			"onAdded": [
				{
					"$type": "ApplyModifier",
					"modifierName": "Fungus_Deux_BVB_Wind_Bullet_Display"
				}
			],
			"onAbilityStart": [
				{
					"$type": "FireEffect",
					"effectPattern": "Eff_Monster_Fungus_Deux_Epsilon_Wind_SpinningFan_HitNormal"
				},
				{
					"$type": "TriggerAttackEvent",
					"targetType": "Enemy",
					"attackEvent": {
						"attackPattern": {
							"$type": "ConfigAttackSphere",
							"triggerType": "TriggerNoRepeat",
							"radius": 1,
							"born": {
								"$type": "ConfigBornByCollisionPoint"
							}
						},
						"attackInfo": {
							"canBeModifiedBy": "Owner",
							"attackProperty": {
								"damagePercentage": 1.24,
								"enBreak": 30,
								"elementType": "Wind",
								"elementDurability": 25
							},
							"attenuationTag": "Wind_Bullet_2",
							"attenuationGroup": "FungusFight_General",
							"hitPattern": {
								"hitImpulseType": "LV2"
							}
						}
					}
				}
			],
			"modifiers": {
				"Fungus_Deux_BVB_Wind_Bullet_Display": {
					"onAdded": [
						{
							"$type": "AttachEffect",
							"effectPattern": "Eff_Monster_Fungus_Deux_Epsilon_Wind_SpinningFan_BulletNormal"
						},
						{
							"$type": "AttachEffect",
							"effectPattern": "Eff_Monster_Fungus_Deux_Epsilon_Wind_SpinningFan_BulletNormal_Trail"
						}
					]
				}
			}
		}
	},

	// //
	//  .d88b.  db    db d88888b d8888b. d8888b.  .d88b.  .d8888. d88888b      d8888b. db    db db      db      d88888b d888888b
	// .8P  Y8. 88    88 88'     88  `8D 88  `8D .8P  Y8. 88'  YP 88'          88  `8D 88    88 88      88      88'     `~~88~~'
	// 88    88 Y8    8P 88ooooo 88oobY' 88   88 88    88 `8bo.   88ooooo      88oooY' 88    88 88      88      88ooooo    88
	// 88    88 `8b  d8' 88~~~~~ 88`8b   88   88 88    88   `Y8b. 88~~~~~      88~~~b. 88    88 88      88      88~~~~~    88
	// `8b  d8'  `8bd8'  88.     88 `88. 88  .8D `8b  d8' db   8D 88.          88   8D 88b  d88 88booo. 88booo. 88.        88
	//  `Y88P'     YP    Y88888P 88   YD Y8888D'  `Y88P'  `8888Y' Y88888P      Y8888P' ~Y8888P' Y88888P Y88888P Y88888P    YP

	{
		"Default": {
			"$type": "ConfigAbility",
			/// @desc 触发：发射激化态风子弹 	攻击特效在EventPattern里面
			"abilityName": "Fungus_Deux_BVB_Wind_OverdoseBullet_Trigger",
			"onAbilityStart": [
				{
					"$type": "TriggerBullet",
					"bulletID": 42609025,
					"trackTarget": "SelfAttackTarget",
					"born": {
						"$type": "ConfigBornByAttachPoint",
						"attachPointName": "FirePoint_01"
					}
				},
				{
					"$type": "TriggerBullet",
					"bulletID": 42609025,
					"trackTarget": "SelfAttackTarget",
					"born": {
						"$type": "ConfigBornByAttachPoint",
						"attachPointName": "FirePoint_02"
					}
				},
				{
					"$type": "TriggerBullet",
					"bulletID": 42609025,
					"trackTarget": "SelfAttackTarget",
					"born": {
						"$type": "ConfigBornByAttachPoint",
						"attachPointName": "FirePoint_03"
					}
				},
				{
					"$type": "TriggerBullet",
					"bulletID": 42609025,
					"trackTarget": "SelfAttackTarget",
					"born": {
						"$type": "ConfigBornByAttachPoint",
						"attachPointName": "FirePoint_04"
					}
				}
			]
		}
	},
	{
		"Default": {
			"$type": "ConfigAbility",
			/// @desc 激化风子弹
			"abilityName": "Fungus_Deux_BVB_Wind_OverdoseBullet",
			"onAdded": [
				{
					"$type": "ApplyModifier",
					"modifierName": "Fungus_Deux_BVB_OverdoseBullet_Display"
				}
			],
			"onAbilityStart": [
				{
					"$type": "FireEffect",
					"effectPattern": "Eff_Monster_Fungus_Deux_Epsilon_Wind_SpinningFan_HitNormal"
				},
				{
					"$type": "TriggerAttackEvent",
					"targetType": "Enemy",
					"attackEvent": {
						"attackPattern": {
							"$type": "ConfigAttackSphere",
							"triggerType": "TriggerNoRepeat",
							"radius": 1,
							"born": {
								"$type": "ConfigBornByCollisionPoint"
							}
						},
						"attackInfo": {
							"canBeModifiedBy": "Owner",
							"attackProperty": {
								"damagePercentage": 0.33,
								"enBreak": 15,
								"elementType": "Wind",
								"elementDurability": 25
							},
							"hitPattern": {
								"hitImpulseType": "LV1"
							}
						}
					}
				}
			],
			"modifiers": {
				"Fungus_Deux_BVB_OverdoseBullet_Display": {
					"onAdded": [
						{
							"$type": "AttachEffect",
							"effectPattern": "Eff_Monster_Fungus_Deux_Wind_OverdoseBullet"
						}
					]
				}
			}
		}
	},

	// //
	// db   db d88888b  .d8b.  db      d888888b d8b   db  d888b       db   d8b   db  .d8b.  db    db d888888b d8b   db  d888b
	// 88   88 88'     d8' `8b 88        `88'   888o  88 88' Y8b      88   I8I   88 d8' `8b 88    88   `88'   888o  88 88' Y8b
	// 88ooo88 88ooooo 88ooo88 88         88    88V8o 88 88           88   I8I   88 88ooo88 Y8    8P    88    88V8o 88 88
	// 88~~~88 88~~~~~ 88~~~88 88         88    88 V8o88 88  ooo      Y8   I8I   88 88~~~88 `8b  d8'    88    88 V8o88 88  ooo
	// 88   88 88.     88   88 88booo.   .88.   88  V888 88. ~8~      `8b d8'8b d8' 88   88  `8bd8'    .88.   88  V888 88. ~8~
	// YP   YP Y88888P YP   YP Y88888P Y888888P VP   V8P  Y888P        `8b8' `8d8'  YP   YP    YP    Y888888P VP   V8P  Y888P
	{
		"Default": {
			"$type": "ConfigAbility",
			/// @desc 治愈波动  获得一个状态效果，期间Tick治疗周围的队友，并伤害周围的敌人
			"abilityName": "Fungus_Deux_BVB_HealingWaving",
			"abilityMixins": [
				{
					"$type": "DoActionByAnimatorStateIDMixin",
					"stateIDs": ["HealingWaving"],
					"enterActions": [
						{
							"$type": "ApplyModifier",
							"modifierName": "HealingWavingStates"
						}
					]
				}
			],
			"modifiers": {
				"HealingWavingStates": {
					"duration": 6.1,
					"thinkInterval": 1.5,
					"onAdded": [
						{
							"$type": "AttachEffect",
							"effectPattern": "Eff_Monster_Fungus_Deux_Wind_HealingWaving_Loop"
						}
					],
					"onThinkInterval": [
						// 特效
						{
							"$type": "FireEffect",
							"effectPattern": "Eff_Monster_Fungus_Deux_Wind_HealingWaving"
						},
						// 治疗周围的队友
						{
							"$type": "ApplyModifier",
							"otherTargets": {
								"$type": "SelectTargetsByShape",
								"campBasedOn": "Self",
								"campTargetType": "SelfCamp",
								"centerBasedOn": "Self",
								"shapeName": "CircleR30H5" // 易用性考虑，全队生效
							},
							"modifierName": "HealingWaving_HealEffect",
							"predicates": [
								{
									"$type": "ByEntityTypes",
									"entityTypes": ["Monster", "Partner"]
								}
							]
						},
						// 敌方伤害与减攻击
						{
							"$type": "ApplyModifier",
							"otherTargets": {
								"$type": "SelectTargetsByShape",
								"campBasedOn": "Self",
								"campTargetType": "Enemy",
								"centerBasedOn": "Self",
								"shapeName": "CircleR4_5H5"
							},
							"modifierName": "HealingWaving_Damage",
							"predicates": [
								{
									"$type": "ByEntityTypes",
									"entityTypes": ["Monster", "Partner"]
								}
							]
						}
					]
				},
				"HealingWaving_HealEffect": {
					"duration": 0.2,
					"elementType": "Wind",
					"elementDurability": 75,
					"onAdded": [
						{
							"$type": "HealHP",
							"amountByTargetMaxHPRatio": 0.075
						},
						{
							"$type": "FireEffect",
							"effectPattern": "Eff_Monster_Fungus_Deux_Wind_HealFx"
						}
					]
				},
				"HealingWaving_Damage": {
					"duration": 0.2,
					"onAdded": [
						{
							"$type": "DamageByAttackValue",
							"attacker": "Caster",
							"attackInfo": {
								"attackProperty": {
									"elementType": "Wind",
									"elementDurability": 25,
									"damagePercentage": 1.39,
									"enBreak": 25.0
								},
								"hitPattern": {
									"hitImpulseType": "LV1"
								}
							}
						}
					]
				}
			}
		}
	},

	// //
	// db   db d88888b  .d8b.  db      d888888b d8b   db  d888b       db   d8b   db d888888b d8b   db d8888b.
	// 88   88 88'     d8' `8b 88        `88'   888o  88 88' Y8b      88   I8I   88   `88'   888o  88 88  `8D
	// 88ooo88 88ooooo 88ooo88 88         88    88V8o 88 88           88   I8I   88    88    88V8o 88 88   88
	// 88~~~88 88~~~~~ 88~~~88 88         88    88 V8o88 88  ooo      Y8   I8I   88    88    88 V8o88 88   88
	// 88   88 88.     88   88 88booo.   .88.   88  V888 88. ~8~      `8b d8'8b d8'   .88.   88  V888 88  .8D
	// YP   YP Y88888P YP   YP Y88888P Y888888P VP   V8P  Y888P        `8b8' `8d8'  Y888888P VP   V8P Y8888D'
	{
		"Default": {
			"$type": "ConfigAbility",
			/// @desc 弃用。治愈之风  一定范围内的队友获得治疗与瞬间风附着
			"abilityName": "Fungus_Deux_BVB_HealingWind",
			"onAbilityStart": [
				{
					"$type": "ApplyModifier",
					"otherTargets": {
						"$type": "SelectTargetsByShape",
						"campBasedOn": "Self",
						"campTargetType": "SelfCamp",
						"centerBasedOn": "Self",
						"shapeName": "CircleR8H3"
					},
					"modifierName": "HealingWind_Modifier"
				},
				{
					"$type": "FireEffect",
					"effectPattern": "Eff_Monster_Fungus_Deux_Wind_HealingWind"
				}
			],
			"modifiers": {
				"HealingWind_Modifier": {
					"duration": 0.2,
					"elementType": "Wind",
					"elementDurability": 50,
					"onAdded": [
						{
							"$type": "HealHP",
							"amountByCasterAttackRatio": 1
						},
						{
							"$type": "FireEffect",
							"effectPattern": "Eff_Monster_Fungus_Deux_Wind_HealFx"
						}
					]
				}
			}
		}
	}
]
