[
	// 蕈兽BVB活动 - 旋转雷    yiming.liao
	// Index:
	//
	// //
	// .d8888. d888888b d88888b d88888b d8888b.
	// 88'  YP `~~88~~' 88'     88'     88  `8D
	// `8bo.      88    88ooooo 88ooooo 88oobY'
	//   `Y8b.    88    88~~~~~ 88~~~~~ 88`8b
	// db   8D    88    88.     88.     88 `88.
	// `8888Y'    YP    Y88888P Y88888P 88   YD
	{
		"Default": {
			"$type": "ConfigAbility",
			/// @desc 冲锋期间的旋转控制
			"abilityName": "Fungus_Trois_BVB_Electric_Steer",
			"abilityMixins": [
				{
					"$type": "SteerAttackMixin",
					"steerStateIDs": ["Charge_Rotate"],
					"startNormalizedTime": 0,
					"endNormalizedTime": 99.0,
					"angularSpeed": 480
				},
				{
					"$type": "SteerAttackMixin",
					"steerStateIDs": ["Charge_Attack"],
					"startNormalizedTime": 0,
					"endNormalizedTime": 99.0,
					"angularSpeed": 60
				}
			]
		}
	},
	// //
	//  .o88b. db   db  .d8b.  d8888b.  d888b  d88888b
	// d8P  Y8 88   88 d8' `8b 88  `8D 88' Y8b 88'
	// 8P      88ooo88 88ooo88 88oobY' 88      88ooooo
	// 8b      88~~~88 88~~~88 88`8b   88  ooo 88~~~~~
	// Y8b  d8 88   88 88   88 88 `88. 88. ~8~ 88.
	//  `Y88P' YP   YP YP   YP 88   YD  Y888P  Y88888P
	{
		"Default": {
			"$type": "ConfigAbility",
			/// @desc 普攻：冲刺攻击期间的特效管理与攻击盒管理
			"abilityName": "Fungus_Trois_BVB_Electric_ChargeAttack",
			"abilityMixins": [
				{
					"$type": "AttachToAnimatorStateIDMixin",
					"stateIDs": ["Charge_BS", "Charge_Loop", "Charge_Adjust"],
					"modifierName": "ChargeDecayed_Adjust_Modifier"
				},
				{
					"$type": "AttachToAnimatorStateIDMixin",
					"stateIDs": [
						"OverdoseCharge_BS",
						"OverdoseCharge_Loop",
						"OverdoseCharge_Adjust"
					],
					"modifierName": "ChargeOverdose_Adjust_Modifier"
				},
				{
					"$type": "AttachToAnimatorStateIDMixin",
					"stateIDs": ["Charge_Attack01", "Charge_Attack02"],
					"modifierName": "ChargeDecayed_Attack_Modifier"
				},
				{
					"$type": "AttachToAnimatorStateIDMixin",
					"stateIDs": ["OverdoseCharge_Attack"],
					"modifierName": "ChargeOverdose_Attack_Modifier"
				}
			],
			"modifiers": {
				// 攻击动作下的伤害与表现逻辑
				"ChargeDecayed_Attack_Modifier": {
					"thinkInterval": 0.21,
					"onThinkInterval": [
						// 攻击效果
						{
							"$type": "TriggerAttackEvent",
							"targetType": "Enemy",
							"attackEvent": {
								"attackPattern": {
									"$type": "ConfigAttackSphere",
									"triggerType": "TriggerNoRepeat",
									"radius": 1.8,
									"born": {
										"$type": "ConfigBornBySelf"
									}
								},
								"attackInfo": {
									"attackProperty": {
										"elementType": "Electric",
										"attackType": "Melee",
										"elementDurability": 25,
										"damagePercentage": 0.62,
										"enBreak": 30.0
									},
									"attenuationTag": "Fungus_Trois_Atk",
									"attenuationGroup": "Fungus_Trois_Atk",
									"attackTag": "BVBChargeAttack",
									"hitPattern": {
										"hitImpulseType": "LV1"
									}
								}
							}
						}
					],
					"onAdded": [
						// 冲锋特效
						{
							"$type": "AttachEffect",
							"effectPattern": "Eff_Monster_Fungus_Trois_Epsilon_Electric_ChargeDecayed_Loop"
						},
						{
							"$type": "AttachEffect",
							"effectPattern": "Eff_Monster_Fungus_Trois_Epsilon_Electric_ChargeDecayed_Loop_Trail"
						},
						// 去掉自己的碰撞盒
						{
							"$type": "EnablePushColliderName",
							"pushColliderNames": ["PushCollider"],
							"setEnable": false
						}
					],
					"onRemoved": [
						{
							"$type": "EnablePushColliderName",
							"pushColliderNames": ["PushCollider"],
							"setEnable": true
						}
					]
				},
				// 普通状态下 攻击特效
				"ChargeDecayed_Adjust_Modifier": {
					"onAdded": [
						{
							"$type": "AttachEffect",
							"effectPattern": "Eff_Monster_Fungus_Trois_Epsilon_Electric_ChargeDecayed_BSLoop"
						}
					]
				},
				// 大招状态下  激化版本的攻击特效
				"ChargeOverdose_Adjust_Modifier": {
					"onAdded": [
						{
							"$type": "AttachEffect",
							"effectPattern": "Eff_Monster_Fungus_Trois_Epsilon_Electric_ChargeNormal_BSLoop"
						}
					]
				},
				// 攻击动作下的伤害与表现逻辑 - 激化态下的版本
				"ChargeOverdose_Attack_Modifier": {
					"thinkInterval": 0.21,
					"onThinkInterval": [
						// 攻击效果
						{
							"$type": "TriggerAttackEvent",
							"targetType": "Enemy",
							"attackEvent": {
								"attackPattern": {
									"$type": "ConfigAttackSphere",
									"triggerType": "TriggerNoRepeat",
									"radius": 2,
									"born": {
										"$type": "ConfigBornBySelf"
									}
								},
								"attackInfo": {
									"attackProperty": {
										"elementType": "Electric",
										"damagePercentage": 2.03,
										"enBreak": 25,
										"elementDurability": 25,
										"attackType": "Melee"
									},
									"attenuationTag": "Fungus_Trois_Atk",
									"attenuationGroup": "Fungus_Trois_Atk",
									"attackTag": "BVBChargeAttack",
									"hitPattern": {
										"hitImpulseType": "LV1"
									}
								}
							}
						}
					],
					"onAdded": [
						// 冲锋特效
						{
							"$type": "AttachEffect",
							"effectPattern": "Eff_Monster_Fungus_Trois_Epsilon_Electric_ChargeNormal_Loop"
						},
						{
							"$type": "AttachEffect",
							"effectPattern": "Eff_Monster_Fungus_Trois_Epsilon_Electric_ChargeNormal_Loop_Trail"
						},
						// 去掉自己的碰撞盒
						{
							"$type": "EnablePushColliderName",
							"pushColliderNames": ["PushCollider"],
							"setEnable": false
						}
					],
					"onRemoved": [
						{
							"$type": "EnablePushColliderName",
							"pushColliderNames": ["PushCollider"],
							"setEnable": true
						}
					]
				}
			}
		}
	},
	// //
	// d888888b db   db db    db d8b   db d8888b. d88888b d8888b. d8888b.  .d88b.  db   d8b   db d88888b d8888b.
	// `~~88~~' 88   88 88    88 888o  88 88  `8D 88'     88  `8D 88  `8D .8P  Y8. 88   I8I   88 88'     88  `8D
	//    88    88ooo88 88    88 88V8o 88 88   88 88ooooo 88oobY' 88oodD' 88    88 88   I8I   88 88ooooo 88oobY'
	//    88    88~~~88 88    88 88 V8o88 88   88 88~~~~~ 88`8b   88~~~   88    88 Y8   I8I   88 88~~~~~ 88`8b
	//    88    88   88 88b  d88 88  V888 88  .8D 88.     88 `88. 88      `8b  d8' `8b d8'8b d8' 88.     88 `88.
	//    YP    YP   YP ~Y8888P' VP   V8P Y8888D' Y88888P 88   YD 88       `Y88P'   `8b8' `8d8'  Y88888P 88   YD
	{
		"Default": {
			"$type": "ConfigAbility",
			/// @desc 小技能：充能，使自己的下一次冲锋攻击额外附带一次雷伤的追击攻击  降低第一个命中目标的防御
			"abilityName": "Fungus_Trois_BVB_Electric_ThunderPower",
			"abilityMixins": [
				// 在下一次攻击结束之后，移除这个Buff
				{
					"$type": "DoActionByAnimatorStateIDMixin",
					"stateIDs": ["Charge_AS", "OverdoseCharge_AS"],
					"exitActions": [
						{
							"$type": "RemoveModifier",
							"modifierName": "ThunderPower_Gen_Charging"
						}
					]
				}
			],
			"onAbilityStart": [
				{
					"$type": "ApplyModifier",
					"modifierName": "ThunderPower_Gen_Charging"
				},
				{
					"$type": "FireEffect",
					"effectPattern": "Eff_Monster_Fungus_Trois_Electric_Enhanced_BS"
				}
			],
			"modifiers": {
				"ThunderPower_Attack_Monitor": {
					"onAttackLanded": [
						{
							"$type": "Predicated",
							"target": "Target",
							"targetPredicates": [
								{
									"$type": "ByHitDamage",
									"logic": "Greater",
									"damage": 0,
									"useOriginDamage": true
								},
								{
									"$type": "ByAttackTags",
									"attackTags": ["BVBChargeAttack"]
								}
							],
							"successActions": [
								{
									"$type": "ApplyModifier",
									"target": "Target",
									"modifierName": "ThunderPower_Defence_Down"
								},
								{
									"$type": "RemoveModifier",
									"modifierName": "ThunderPower_Attack_Monitor"
								}
							]
						}
					]
				},
				"ThunderPower_Defence_Down": {
					"duration": 6,
					"state": "DefenseDown",
					"properties": {
						"Actor_DefenceRatio": -0.4
					}
				},
				// 有这个状态时，攻击附加雷电伤害
				"ThunderPower_Gen_Charging": {
					"stacking": "Refresh",
					"onAdded": [
						// 特效表现
						{
							"$type": "AttachEffect",
							"effectPattern": "Eff_Monster_Fungus_Trois_Electric_Enhanced_Loop"
						},
						{
							"$type": "AttachModifier",
							"modifierName": "ThunderPower_Attack_Monitor"
						}
					],
					"onAttackLanded": [
						{
							"$type": "Predicated",
							"target": "Target",
							"targetPredicates": [
								{
									"$type": "ByHitDamage",
									"logic": "Greater",
									"damage": 0,
									"useOriginDamage": true
								},
								{
									"$type": "ByAttackTags",
									"attackTags": ["BVBChargeAttack"]
								}
							],
							"successActions": [
								{
									"$type": "DamageByAttackValue",
									"attacker": "Caster",
									"target": "Target",
									"attackInfo": {
										"attackProperty": {
											"damagePercentage": 0.1,
											"elementDurability": 25,
											"elementType": "Electric",
											"enBreak": 0
										},
										"attenuationTag": "ThunderPower_Charging",
										"attenuationGroup": "FungusFight_Trois_FireRing",
										"hitPattern": {
											"hitImpulseType": "LV0"
										}
									}
								}
							]
						}
					]
				}
			}
		}
	},
	// //
	//  .d88b.  db    db d88888b d8888b. d8888b.  .d88b.  .d8888. d88888b
	// .8P  Y8. 88    88 88'     88  `8D 88  `8D .8P  Y8. 88'  YP 88'
	// 88    88 Y8    8P 88ooooo 88oobY' 88   88 88    88 `8bo.   88ooooo
	// 88    88 `8b  d8' 88~~~~~ 88`8b   88   88 88    88   `Y8b. 88~~~~~
	// `8b  d8'  `8bd8'  88.     88 `88. 88  .8D `8b  d8' db   8D 88.
	//  `Y88P'     YP    Y88888P 88   YD Y8888D'  `Y88P'  `8888Y' Y88888P
	{
		"Default": {
			"$type": "ConfigAbility",
			/// @desc 必杀:进入激化态，普攻会被替换成连续冲锋效果(用状态机管理)
			"abilityName": "Fungus_Trois_BVB_Electric_Overdose",
			"abilityMixins": [
				// 用于shader的控制
				{
					"$type": "DoActionByStateIDMixin",
					"stateIDs": ["UnionBurst"],
					"enterActions": [
						{
							"$type": "SetAnimatorTrigger",
							"triggerID": "UBShader"
						}
					]
				}
			],
			"onAbilityStart": [
				{
					"$type": "ApplyModifier",
					"modifierName": "Overdose_Gen_Enhanced"
				},
				{
					"$type": "FireEffect",
					"effectPattern": "Eff_Monster_Fungus_Trois_Electric_Overdose_BS"
				},
				// 震屏设置
				{
					"$type": "ActCameraShake",
					"cameraShake": {
						"shakeDir": {
							"y": 1
						},
						"extension": {
							"baseCycle": 0.12,
							"cycleDamping": 0.3
						},
						"shakeDistance": 9,
						"shakeTime": 0.2,
						"shakeRange": 0.4,
						"shakeType": "CustomVector"
					}
				},
				{
					"$type": "TriggerAttackEvent",
					"targetType": "Enemy",
					"attackEvent": {
						"attackPattern": {
							"$type": "ConfigAttackSphere",
							"triggerType": "TriggerNoRepeat",
							"radius": 3.6,
							"born": {
								"$type": "ConfigBornBySelf"
							}
						},
						"attackInfo": {
							"attackProperty": {
								"elementType": "Electric",
								"elementDurability": 25,
								"damagePercentage": 1,
								"enBreak": 25.0
							},
							"hitPattern": {
								"hitImpulseType": "LV1"
							}
						}
					}
				}
			],
			"onAdded": [
				{
					"$type": "SetAnimatorBool",
					"boolID": "UBEnhanced",
					"value": false,
					"canBeHandledOnRecover": true
				}
			],
			"modifiers": {
				// 效果表现
				"Overdose_Gen_Enhanced": {
					"stacking": "Refresh",
					"duration": 15,
					"properties": {
						"Actor_EndureDelta": 0.0
					},
					"onAdded": [
						{
							"$type": "AttachEffect",
							"effectPattern": "Eff_Monster_Fungus_Trois_Electric_Overdose_Loop"
						},
						{
							"$type": "SetAnimatorBool",
							"boolID": "UBEnhanced",
							"value": true
						},
						// 激化态Shader
						{
							"$type": "SetAnimatorInt",
							"intID": "ShaderState",
							"value": 1
						},
						// 重置大招计数器
						{
							"$type": "SetGlobalValue",
							"key": "_CHARGE_ATTACK_COUNT_",
							"value": 0
						}
					],
					// 普攻命中时计数，达到数量后移除Modifier
					"onAttackLanded": [
						{
							"$type": "Predicated",
							"targetPredicates": [
								{
									"$type": "ByAttackTags",
									"attackTags": ["BVBChargeAttack"]
								},
								{
									"$type": "ByHitDamage",
									"logic": "Greater",
									"useOriginDamage": true,
									"damage": 0
								},
								// 命中冷却计时
								{
									"$type": "ByNot",
									"predicates": [
										{
											"$type": "ByHasModifier",
											"target": "Self",
											"modifierName": "AttackLanded_Cooldown"
										}
									]
								}
							],
							"successActions": [
								{
									"$type": "AddGlobalValue",
									"target": "Self",
									"key": "_CHARGE_ATTACK_COUNT_",
									"value": 1
								},
								{
									"$type": "ApplyModifier",
									"modifierName": "AttackLanded_Cooldown"
								},
								// 次数到了，就移除
								{
									"$type": "RemoveModifier",
									"modifierName": "Overdose_Gen_Enhanced",
									"predicates": [
										{
											"$type": "ByTargetGlobalValue",
											"target": "Self",
											"key": "_CHARGE_ATTACK_COUNT_",
											"compareType": "MoreThanAndEqual",
											"value": 7
										}
									]
								}
							]
						}
					],
					"onRemoved": [
						{
							"$type": "SetAnimatorBool",
							"boolID": "UBEnhanced",
							"value": false
						},
						// 恢复到衰亡态
						{
							"$type": "SetAnimatorInt",
							"intID": "ShaderState",
							"value": 2,
							"canBeHandledOnRecover": true
						}
					]
				},
				// 空Modifier，用于攻击命中计时
				"AttackLanded_Cooldown": {
					"duration": 0.5
				}
			}
		}
	}
]
