[
	// 蕈兽BVB活动 - 飞行风    yiming.liao
	//
	// //
	// d8888b. db    db db      db      d88888b d888888b
	// 88  `8D 88    88 88      88      88'     `~~88~~'
	// 88oooY' 88    88 88      88      88ooooo    88
	// 88~~~b. 88    88 88      88      88~~~~~    88
	// 88   8D 88b  d88 88booo. 88booo. 88.        88
	// Y8888P' ~Y8888P' Y88888P Y88888P Y88888P    YP
	{
		"Default": {
			"$type": "ConfigAbility",
			/// @desc 普攻 触发普通子弹
			"abilityName": "Fungus_Un_BVB_Wind_Bullet_Trigger",
			"abilityMixins": [
				// 发射蓄力Loop的特效
				{
					"$type": "AttachToAnimatorStateIDMixin",
					"stateIDs": ["Shoot_Loop"],
					"modifierName": "WindBullet_Charge_VFX"
				},
				// 发射动作期间的旋转
				{
					"$type": "SteerAttackMixin",
					"steerStateIDs": ["NormalAttack"],
					"angularSpeed": 180
				}
			],
			"onAbilityStart": [
				// 发射子弹
				{
					"$type": "TriggerBullet",
					"bulletID": 42609014,
					"trackTarget": "SelfAttackTarget",
					"born": {
						"$type": "ConfigBornByAttachPoint",
						"attachPointName": "BulletSource",
						"attachPointTargetType": "Self",
						"direction": {
							"$type": "ConfigDirectionByAttackTarget"
						}
					},
					"lifeByOwnerV2": true
				},
				// 发射特效
				{
					"$type": "FireEffect",
					"effectPattern": "Eff_Monster_Fungus_Un_Delta_Wind_ShootNormal_Attack"
				}
			],
			"modifiers": {
				"WindBullet_Charge_VFX": {
					"onAdded": [
						{
							"$type": "AttachEffect",
							"effectPattern": "Eff_Monster_Fungus_Un_Delta_Wind_ShootNormal_Loop"
						}
					]
				}
			}
		}
	},
	{
		"Default": {
			"$type": "ConfigAbility",
			/// @desc 普攻子弹逻辑
			"abilityName": "Fungus_Un_BVB_Wind_Bullet",
			"onAbilityStart": [
				// 命中特效
				{
					"$type": "FireEffect",
					"effectPattern": "Eff_Monster_Fungus_Un_Delta_Wind_Shoot_HitNormal",
					"born": {
						"$type": "ConfigBornByAttachPoint",
						"attachPointName": "RootNode"
					}
				},
				// 命中攻击盒
				{
					"$type": "TriggerAttackEvent",
					"targetType": "Enemy",
					"attackEvent": {
						"attackPattern": {
							"$type": "ConfigAttackSphere",
							"triggerType": "TriggerNoRepeat",
							"radius": 1.1,
							"born": {
								"$type": "ConfigBornByCollisionPoint"
							}
						},
						"attackInfo": {
							"canBeModifiedBy": "Owner",
							"attackProperty": {
								"damagePercentage": 1.08,
								"elementType": "Wind",
								"elementDurability": 25,
								"enBreak": 30.0
							},
							"attenuationTag": "Wind_Bullet",
							"attenuationGroup": "FungusFight_General",
							"hitPattern": {
								"hitImpulseType": "LV1"
							}
						}
					}
				}
			],
			"onAdded": [
				{
					"$type": "AttachModifier",
					"modifierName": "WindBullet_Display",
					"target": "Self"
				}
			],
			"modifiers": {
				"WindBullet_Display": {
					"elementType": "Wind",
					"elementDurability": 100,
					"onAdded": [
						{
							"$type": "AttachEffect",
							"effectPattern": "Eff_Monster_Fungus_Un_Delta_Wind_Shoot_BulletNormal"
						},
						{
							"$type": "AttachEffect",
							"effectPattern": "Eff_Monster_Fungus_Un_Delta_Wind_Shoot_BulletNormal_Trail"
						}
					]
				}
			}
		}
	},
	////
	// db   d8b   db d888888b d8b   db d8888b.      d888888b .88b  d88. d8888b.  .d8b.   .o88b. d888888b
	// 88   I8I   88   `88'   888o  88 88  `8D        `88'   88'YbdP`88 88  `8D d8' `8b d8P  Y8 `~~88~~'
	// 88   I8I   88    88    88V8o 88 88   88         88    88  88  88 88oodD' 88ooo88 8P         88
	// Y8   I8I   88    88    88 V8o88 88   88         88    88  88  88 88~~~   88~~~88 8b         88
	// `8b d8'8b d8'   .88.   88  V888 88  .8D        .88.   88  88  88 88      88   88 Y8b  d8    88
	//  `8b8' `8d8'  Y888888P VP   V8P Y8888D'      Y888888P YP  YP  YP 88      YP   YP  `Y88P'    YP
	{
		"Default": {
			"$type": "ConfigAbility",
			/// @desc 发射更强大的衰亡态风子弹   命中后带有额外的轻微牵引效果
			"abilityName": "Fungus_Un_BVB_Wind_WindImpact_Trigger",
			"abilityMixins": [
				// 发射时的特效表现
				{
					"$type": "AttachToAnimatorStateIDMixin",
					"stateIDs": ["WindImpact_Loop"],
					"modifierName": "WindImpactBullet_Charge_Display"
				},
				// 发射时的旋转控制
				{
					"$type": "SteerAttackMixin",
					"steerStateIDs": ["ElementalAttack"],
					"angularSpeed": 180
				}
			],
			"onAbilityStart": [
				// 发射强化风子弹
				{
					"$type": "TriggerBullet",
					"bulletID": 42609015,
					"trackTarget": "SelfAttackTarget",
					"born": {
						"$type": "ConfigBornByAttachPoint",
						"attachPointName": "BulletSource",
						"attachPointTargetType": "Self"
					},
					"lifeByOwnerV2": true
				},
				// 发射时的喷射特效
				{
					"$type": "FireEffect",
					"effectPattern": "Eff_Monster_Fungus_Un_Delta_Wind_ShootDecayed_Attack"
				}
			],
			"modifiers": {
				"WindImpactBullet_Charge_Display": {
					"onAdded": [
						{
							"$type": "AttachEffect",
							"effectPattern": "Eff_Monster_Fungus_Un_Delta_Wind_ShootDecayed_Loop"
						}
					]
				}
			}
		}
	},
	{
		"Default": {
			"$type": "ConfigAbility",
			/// @desc 强大风子弹逻辑，命中后在目标点创生一个Gadget，让这个Gadget来执行后续逻辑
			"abilityName": "Fungus_Un_BVB_Wind_WindImpact_Bullet",
			"onAbilityStart": [
				// 命中后的爆炸特效
				{
					"$type": "FireEffect",
					"effectPattern": "Eff_Monster_Fungus_Un_Wind_WindImpact_Blast",
					"born": {
						"$type": "ConfigBornBySelf",
						"useRotation": false
					}
				},
				// 创建执行后续逻辑的Gadget
				{
					"$type": "CreateGadget",
					"gadgetID": 42609023,
					"born": {
						"$type": "ConfigBornBySelf",
						"onGround": true,
						"direction": {
							"$type": "ConfigDirectionByAttackTarget"
						}
					},
					"ownerIs": "Owner", // 生命周期归蘑菇自己
					"lifeByOwnerV2": true
				}
			],
			"onAdded": [
				// 特效表现 - Bullet特效和Trail特效
				{
					"$type": "AttachModifier",
					"modifierName": "WindImpactBullet_Display",
					"target": "Self"
				}
			],
			"modifiers": {
				"WindImpactBullet_Display": {
					"elementType": "Wind",
					"elementDurability": 100,
					"onAdded": [
						{
							"$type": "AttachEffect",
							"effectPattern": "Eff_Monster_Fungus_Un_Wind_WindImpact_Bullet"
						},
						{
							"$type": "AttachEffect",
							"effectPattern": "Eff_Monster_Fungus_Un_Delta_Wind_Shoot_BulletDecayed_Trail"
						}
					]
				}
			}
		}
	},
	{
		"Default": {
			"$type": "ConfigAbility",
			/// @desc 产生一次砂糖的E的效果
			"abilityName": "Fungus_Un_BVB_Wind_WindImpact_Gadget",
			"onAdded": [
				{
					"$type": "ApplyModifier",
					"modifierName": "WindImpactGadget"
				}
			],
			"modifiers": {
				// 具体的生效逻辑
				"WindImpactGadget": {
					"duration": 0.28,
					// 伤害部分
					"onAdded": [
						{
							"$type": "TriggerAttackEvent",
							"targetType": "Enemy",
							"attackEvent": {
								"attackPattern": {
									"$type": "ConfigAttackSphere",
									"triggerType": "TriggerNoRepeat",
									"radius": 2.7,
									"born": {
										"$type": "ConfigBornBySelf"
									}
								},
								"attackInfo": {
									"attackProperty": {
										"damagePercentage": 2.1,
										"enBreak": 60.0,
										"elementType": "Wind",
										"elementDurability": 25
									},
									"hitPattern": {
										"hitImpulseType": "LV3"
									}
								}
							}
						}
					],
					// duration结束之后(短暂延迟)，执行风场效果
					"onRemoved": [
						{
							"$type": "ApplyModifier",
							"modifierName": "WindZoneEffect"
						}
					]
				},
				"WindZoneEffect": {
					"duration": 0.3,
					"modifierMixins": [
						// 风场效果 : 仅对敌人生效，避免影响玩家
						{
							"$type": "WindZoneMixin",
							"shapeName": "CircleR5H10",
							"innerRadius": 0.2,
							"strength": 4,
							"attenuation": 0.5,
							"born": {
								"$type": "ConfigBornBySelf",
								"offset": {
									"x": 0.0,
									"y": 1.0,
									"z": 0.0
								}
							},
							"targetType": "Enemy",
							"predicates": [
								{
									"$type": "ByEntityTypes",
									"entityTypes": ["Monster", "Partner"]
								}
							]
						}
					],
					"onRemoved": [
						{
							"$type": "KillSelf"
						}
					]
				}
			}
		}
	},
	////
	//      db   d8b   db d888888b d8b   db d8888b.      d88888D  .d88b.  d8b   db d88888b
	//      88   I8I   88   `88'   888o  88 88  `8D      YP  d8' .8P  Y8. 888o  88 88'
	//      88   I8I   88    88    88V8o 88 88   88         d8'  88    88 88V8o 88 88ooooo
	//      Y8   I8I   88    88    88 V8o88 88   88        d8'   88    88 88 V8o88 88~~~~~
	//      `8b d8'8b d8'   .88.   88  V888 88  .8D       d8' db `8b  d8' 88  V888 88.
	//       `8b8' `8d8'  Y888888P VP   V8P Y8888D'      d88888P  `Y88P'  VP   V8P Y88888P
	{
		"Default": {
			"$type": "ConfigAbility",
			/// @desc 大招，在身前放个风圈Gadget
			"abilityName": "Fungus_Un_BVB_Wind_WindZone",
			"onAbilityStart": [
				{
					"$type": "CreateGadget",
					"gadgetID": 42609016,
					"born": {
						"$type": "ConfigBornBySelf",
						"offset": {
							"z": 4,
							"y": 0.2
						},
						"onGround": true
					},
					"lifeByOwnerV2": true
				}
			]
		}
	},
	{
		"Default": {
			"$type": "ConfigAbility",
			/// @desc 大招风场的Gadget逻辑，持续牵引怪物，并在结束时额外造成一次伤害
			"abilityName": "Fungus_Un_BVB_Wind_WindZone_Gadget",
			"onAdded": [
				{
					"$type": "ApplyModifier",
					"modifierName": "WindZoneGadget"
				}
			],
			"modifiers": {
				// 具体的生效逻辑
				"WindZoneGadget": {
					"duration": 5.2,
					// 风场效果
					"modifierMixins": [
						{
							"$type": "WindZoneMixin",
							"shapeName": "CircleR18",
							"innerRadius": 3,
							"strength": 6,
							"attenuation": 1.2,
							"born": {
								"$type": "ConfigBornBySelf",
								"offset": {
									"x": 0.0,
									"y": -0.5,
									"z": 0.0
								}
							},
							"targetType": "Enemy",
							"predicates": [
								{
									"$type": "ByEntityTypes",
									"entityTypes": ["Monster", "Partner"]
								}
							]
						}
					],
					"onAdded": [
						// 牵引状态下的特效
						{
							"$type": "AttachEffect",
							"effectPattern": "Eff_Monster_Fungus_Un_Wind_WindZone"
						}
					],
					// 结束时造成伤害
					"onRemoved": [
						{
							"$type": "TriggerAttackEvent",
							"targetType": "Enemy",
							"attackEvent": {
								"attackPattern": {
									"$type": "ConfigAttackSphere",
									"triggerType": "TriggerNoRepeat",
									"radius": 4,
									"born": {
										"$type": "ConfigBornBySelf"
									}
								},
								"attackInfo": {
									"attackProperty": {
										"damagePercentage": 9.62,
										"enBreak": 100.0,
										"elementType": "Wind",
										"elementDurability": 50
									},
									"hitPattern": {
										"hitImpulseType": "LV7"
									}
								}
							}
						},
						{
							"$type": "FireEffect",
							"effectPattern": "Eff_Monster_Fungus_Un_Wind_WindZone_EndingAttack"
						},
						// 屏幕模糊效果
						{
							"$type": "ActCameraRadialBlur",
							"cameraRadialBlur": {
								"$type": "ConfigCameraRadialBlur",
								"blurTime": 0.1,
								"fadeTime": 0.2,
								"power": 0.27
							}
						},
						// 震屏设置
						{
							"$type": "ActCameraShake",
							"cameraShake": {
								"shakeDir": {
									"z": 1
								},
								"extension": {
									"rangeAttenuation": 0.25
								},
								"shakeDistance": 30,
								"shakeTime": 0.2,
								"shakeRange": 1.1,
								"shakeType": "CustomVector"
							}
						},
						{
							"$type": "KillSelf"
						}
					]
				}
			}
		}
	}
]
