[
//1.决斗:每5秒最多一次，攻击命中后造成环境伤害倍率=8×（角色当前血量百分比）的伤害。
//如果角色当前血量高于99%，则造成环境倍率=15的伤害。每10秒最多触发一次。
{
  "Default": 
  {                
    "$type": "ConfigAbility",
    "abilityName": "ActivityAbility_EnergyDisk_Purple_HealthyDamage_V2",
    "isDynamicAbility":true,
    "onAdded": 
    [
      {
        "$type": "AttachModifier",
        "modifierName": "UNIQUE_EnergyDisk_Purple_HealthyDamage",
      },
      {
        "$type": "SetSystemValueToOverrideMap",
        "doOffStage": true,
        "key": "DamageSystemValue",
        "type": "ElementLevelCo",
      },
    ],
    "modifiers": 
    {
      "UNIQUE_EnergyDisk_Purple_HealthyDamage":
      {
        "isUnique":true,
        "onAttackLanded":
        [
          {
            "$type":"Predicated",
            "target":"Other",
            "targetPredicates":
            [
              {
                "$type" : "ByEntityTypes",
                "entityTypes" : ["Monster"],
              },
              {
                "$type": "ByTargetGlobalValue",
                "key": "_EnergyDisk_Purple_HealthyDamage_CD",
                "target": "Team",
                "value": 0,
                "compareType": "NoneOrEqual",
              },
            ],
            "successActions":
            [
              {
                "$type":"Predicated",
                "target":"Other",
                "targetPredicates":
                [
                  {
                    "$type": "ByTargetHPRatio",
                    "target": "Caster",
                    "HPRatio":0.99,
                    "logic": "Lesser",
                  },
                ],
                "successActions": 
                [
                  {
                    "$type": "AttachModifier",
                    "modifierName": "UNIQUE_EnergyDisk_Purple_HealthyDamage_AOE_LowHp",
                    "target": "Other",             
                  },
                  {
                    "$type": "AttachModifier",
                    "modifierName": "UNIQUE_EnergyDisk_Purple_HealthyDamage_CDHandler",
                    "target": "Team",             
                  },
                ],
                "failActions": 
                [
                  {
                    "$type": "AttachModifier",
                    "modifierName": "UNIQUE_EnergyDisk_Purple_HealthyDamage_AOE_HighHp",
                    "target": "Other",             
                  },
                  {
                    "$type": "AttachModifier",
                    "modifierName": "UNIQUE_EnergyDisk_Purple_HealthyDamage_CDHandler",
                    "target": "Team",             
                  },
                ]
              },

            ],
          }          
        ],
      },
    
      "UNIQUE_EnergyDisk_Purple_HealthyDamage_AOE_HighHp":
      {
          "isUnique":true,
          "duration":0.1, 
          "onAdded":
          [
            {
              "$type": "FireEffect", 
              "effectPattern": "Eff_EnergyDisk_ElementalBurst_Wave_R40",
              "target":"Self",
            },
            {
              "$type": "TriggerAttackEvent",
              "target":"Caster",
              "targetType": "Enemy",
              "attackEvent":
              {
                "attackPattern":
                {
                  "$type": "ConfigAttackSphere", //攻击球
                  "triggerType": "TriggerNoRepeat",
                  "radius": 4.0, //半径
                  "born":
                  {
                    "$type": "ConfigBornBySelf",
                  }
                },
                "attackInfo":
                {
                  "canBeModifiedBy":"OriginOwner",
                  "attackProperty": 
                  {
                    "damageExtra":"%DamageHigh*%DamageSystemValue",
                    "ignoreAttackerProperty":true,
                    "ignoreModifyDamage":true,
                    "trueDamage": true,
                    "attackType": "Melee",
                    "elementType": "None", 
                    "elementDurability": 0,
                    "enBreak": 0, 
                  },
                  "hitPattern"://击中效果
                  {
                    "onHitEffectName": "default",
                    "hitImpulseType":"LV1",                                   
                    "reboundRatio": 0,
                    "canBeDefenceHalt": false,
                    "hitHaltTime": 0,
                    "hitHaltTimeScale": 0.02,
                    "muteHitText": false,
                  },
                }, 
              },            
            },
          ],
      },

      "UNIQUE_EnergyDisk_Purple_HealthyDamage_AOE_LowHp": 
      {
        "isUnique":true,
        "duration":0.1, 
        "onAdded":
        [
          {
            "$type": "FireEffect", 
            "effectPattern": "Eff_EnergyDisk_ElementalBurst_Wave_R40",
            "target":"Self",
          },
          {
            "$type": "TriggerAttackEvent",
            "target":"Caster",
            "targetType": "Enemy",
            "attackEvent":
            {
              "attackPattern":
              {
                "$type": "ConfigAttackSphere", //攻击球
                "triggerType": "TriggerNoRepeat",
                "radius": 4.0, //半径
                "born":
                {
                  "$type": "ConfigBornBySelf",
                }
              },
              "attackInfo":
              {
                "canBeModifiedBy":"OriginOwner",
                "attackProperty": 
                {
                  "damageExtra":"%DamageLow*%DamageSystemValue",
                  "ignoreAttackerProperty":true,
                  "ignoreModifyDamage":true,
                  "trueDamage": true,
                  "attackType": "Melee",
                  "elementType": "None", 
                  "elementDurability": 0,
                  "enBreak": 0, 
                },
                "hitPattern"://击中效果
                {
                  "onHitEffectName": "default",
                  "hitImpulseType":"LV1",                                   
                  "reboundRatio": 0,
                  "canBeDefenceHalt": false,
                  "hitHaltTime": 0,
                  "hitHaltTimeScale": 0.02,
                  "muteHitText": false,
                },
              }, 
            },            
          },
        ],
      },

      "UNIQUE_EnergyDisk_Purple_HealthyDamage_CDHandler":
      {
        "isUnique": true,
        "duration": "%CDTime",
        "onAdded": [
          {
            "$type": "SetGlobalValue",
            "key": "_EnergyDisk_Purple_HealthyDamage_CD",
            "target": "Team",
            "value": -1,
          },
        ],
        "onRemoved": 
        [
          {
            "$type": "SetGlobalValue",
            "key": "_EnergyDisk_Purple_HealthyDamage_CD",
            "target": "Team",
            "value": 0,
          },
        ],
      },
            
    
    },
    "abilitySpecials":
    {
      "DamageLow":0,
      "DamageHigh":0,
      "DamageSystemValue":0,
      "CDTime":0,
    }
  },
},

//2.剑刃之舞:角色拥有5层「剑舞」效果，每层剑舞效果会使角色的普通攻击造成的伤害提高15%。
//拥有5层效果时，普通攻击速度提高15%。角色受到伤害时，会失去1层剑舞，每秒最多因此失去1层剑舞。
//角色在场上时，每10秒会获得一层剑舞，直到拥有5层剑舞为止。每个角色单独计算剑舞效果的层数与获得间隔时间。
{
  "Default":
  {
    "$type": "ConfigAbility",
    "abilityName": "ActivityAbility_EnergyDisk_Purple_Berserker_V2",
    "isDynamicAbility":true,
    "onAdded": 
      [
        {
          "$type":"AttachModifier",
          "modifierName":"UNIQUE_EnergyDisk_Purple_Berserker",
        },
        //随时间恢复层数
        {
          "$type":"AttachModifier",
          "modifierName":"UNIQUE_EnergyDisk_Purple_Berserker_RecoveryLayers",
        } 
             
      ], 
    "abilityMixins":
    [
      //iscombat再触发
    ],
    "modifiers":
    {
    "UNIQUE_EnergyDisk_Purple_Berserker_RecoveryLayers":
    {
      "isUnique":true,
      "thinkInterval":"%ReviveTime",
      "onThinkInterval":
      [
        {
            "$type":"AddGlobalValue",
            "key":"_ABILITY_EnergyDisk_Purple_AttackBuffLevel",
            "value":1,
            "useLimitRange":true,
            "maxValue":5,          
        }
      ]
    },

    "UNIQUE_EnergyDisk_Purple_Berserker": 
    {
      "isUnique":true,
      "modifierMixins":
      [
        {
          "$type": "AttachModifierToSelfGlobalValueMixin",
          "globalValueKey": "_ABILITY_EnergyDisk_Purple_AttackBuffLevel",
          "defaultGlobalValueOnCreate":5,
          "valueSteps" : [-1.5,-0.5,0.5,1.5,2.5,3.5,4.5,5.5],
          "removeAppliedModifier":true,
          "modifierNameSteps" : [
            "UNIQUE_EnergyDisk_Purple_Berserker_ResetTimer",
            "UNIQUE_EnergyDisk_Purple_BerserkerBuff0",
            "UNIQUE_EnergyDisk_Purple_BerserkerBuff1",
            "UNIQUE_EnergyDisk_Purple_BerserkerBuff2",
            "UNIQUE_EnergyDisk_Purple_BerserkerBuff3",
            "UNIQUE_EnergyDisk_Purple_BerserkerBuff4",
            "UNIQUE_EnergyDisk_Purple_BerserkerBuff5"],
        },                  
      ],
      "onAdded":
      [
        {
          "$type":"AttachModifier",
          "modifierName":"UNIQUE_EnergyDisk_Purple_Berserker_Handler",
          "target":"Self",
        }, 
      ],
    },

      "UNIQUE_EnergyDisk_Purple_Berserker_Handler":
      {
        "isUnique":true,
        "onBeingHit":
        [
          {
              "$type":"ApplyModifier",
              "modifierName":"UNIQUE_EnergyDisk_Purple_Berserker_ResetCD",
              "target":"Self",
              "predicates":
              [
                {
                  "$type":"ByHitDamage",
                  "damage":0,
                  "logic":"Greater",
                },
              ],            
          }
        ]
      },
      "UNIQUE_EnergyDisk_Purple_Berserker_ResetCD":
      {
        "duration":1, //1秒内不会掉层
        "isUnique":true,
        "stacking":"Unique",
        "onAdded":
        [
          {
            "$type":"AddGlobalValue",
            "key":"_ABILITY_EnergyDisk_Purple_AttackBuffLevel",
            "value" : -1,
            "useLimitRange" : true,
            "maxValue" : 5,
            "minValue" : -1,//需要保证一直受击的话永远不会开始计时。
          },
          {
            "$type": "DebugLog", 
            "content": "受击触发globalvalue变更",
          },
        ]
      },
      "UNIQUE_EnergyDisk_Purple_Berserker_ResetTimer":
      {
        "isUnique":true,
        "thinkInterval":0.3,
        "onThinkInterval":
        [
          /*
          {
            "$type":"AddGlobalValue",
            "key":"_ABILITY_EnergyDisk_Purple_AttackBuffLevel",
            "value":1,
            "useLimitRange":true,
            "maxValue":5,
          },*/
        ]
      },

      "UNIQUE_EnergyDisk_Purple_BerserkerBuff0":
      {
        "isUnique":true,
        "onAdded":
        [
          {
              "$type":"SetGlobalValue",
              "key":"_ABILITY_EnergyDisk_Purple_AttackBuffLevel",
              "value":0,         
          }
        ]
      },
      "UNIQUE_EnergyDisk_Purple_BerserkerBuff1":
      {
        "isUnique":true,
        "onAdded":
        [
          {
            "$type":"FireEffect",
            "effectPattern":"Eff_EnergyDisk_ExtraAtkKill01",//特效替换
            "target":"Self",
          }
        ],
        "modifierMixins":
        [
          {
            "$type":"ModifyDamageMixin",
            "attackTags":[
              "NormalAttack_01",
              "NormalAttack_02",
              "NormalAttack_03",
              "NormalAttack_04",
              "NormalAttack_05",
              "NormalAttack_06",
              ],
            "damagePercentageRatio":"%Rate*1",
          },
        ]
      }, 
      "UNIQUE_EnergyDisk_Purple_BerserkerBuff2":
      {
        "isUnique":true,
        "onAdded":
        [
          {
            "$type":"FireEffect",
            "effectPattern":"Eff_EnergyDisk_ExtraAtkKill02",//特效替换
            "target":"Self",
          }
        ],
        "modifierMixins":
        [
          {
            "$type":"ModifyDamageMixin",
            "attackTags":[
              "NormalAttack_01",
              "NormalAttack_02",
              "NormalAttack_03",
              "NormalAttack_04",
              "NormalAttack_05",
              "NormalAttack_06",
              ],
            "damagePercentageRatio":"%Rate*2",
          },
        ]
      },
      "UNIQUE_EnergyDisk_Purple_BerserkerBuff3":
      {
        "isUnique":true,
        "onAdded":
        [
          {
            "$type":"FireEffect",
            "effectPattern":"Eff_EnergyDisk_ExtraAtkKill03",//特效替换
            "target":"Self",
          },

        ],
        "modifierMixins":
        [
          {
            "$type":"ModifyDamageMixin",
            "attackTags":[
              "NormalAttack_01",
              "NormalAttack_02",
              "NormalAttack_03",
              "NormalAttack_04",
              "NormalAttack_05",
              "NormalAttack_06",
              ],
            "damagePercentageRatio":"%Rate*3",
          },
        ]
      },     
      "UNIQUE_EnergyDisk_Purple_BerserkerBuff4":
      {
        "isUnique":true,
        "onAdded":
        [
          {
            "$type":"FireEffect",
            "effectPattern":"Eff_EnergyDisk_ExtraAtkKill04",//特效替换
            "target":"Self",
          }
        ],
        "modifierMixins":
        [
          {
            "$type":"ModifyDamageMixin",
            "attackTags":[
              "NormalAttack_01",
              "NormalAttack_02",
              "NormalAttack_03",
              "NormalAttack_04",
              "NormalAttack_05",
              "NormalAttack_06",
              ],
            "damagePercentageRatio":"%Rate*4",
          },
        ]
      },     
      "UNIQUE_EnergyDisk_Purple_BerserkerBuff5":
      {
        "isUnique":true,
        "onAdded":
        [
          {
            "$type":"FireEffect",
            "effectPattern":"Eff_EnergyDisk_ExtraAtkKill05",//特效替换
            "target":"Self",
          },
        ],
        "modifierMixins":
        [
          {
            "$type":"ModifyDamageMixin",
            "attackTags":[
              "NormalAttack_01",
              "NormalAttack_02",
              "NormalAttack_03",
              "NormalAttack_04",
              "NormalAttack_05",
              "NormalAttack_06",
              ],
            "damagePercentageRatio":"%Rate*5",
          },
        ],
        "isLimitedProperties": true,
        "properties":
        {
          "Animator_AttackSpeedRatio":"%AttackSpeed_Rate",
        }
      }, 
    },

    "abilitySpecials":
    {
      "Rate":0, //普攻伤害提升
      "AttackSpeed_Rate":0,//满层时攻击速度提升
      "ReviveTime":0,//每X秒恢复一层
    }
  },
},

//3.星晶之舞:角色获得岩元素反应产生的晶片时，会释放小型冲击波，基于该角色的攻击力的500%对周围的敌人造成伤害。
//此外，触发该效果后的10秒内，队伍中所有角色获得40%岩元素伤害加成。
//该效果每5秒至多触发一次，队伍中所有角色共享冷却。
{
  "Default": 
  {                
    "$type": "ConfigAbility",
    "abilityName": "ActivityAbility_EnergyDisk_Purple_PickupTriggerAOE_V2",
    "isDynamicAbility":true,
    "onAdded": 
    [
        //全队共计CD触发器
        {
          "$type":"ApplyModifier",
          "modifierName":"UNIQUE_EnergyDisk_Purple_PickupTriggerAOE_Total",
          "target":"MPLevel",
        },
        {
          "$type":"ApplyModifier",
          "modifierName":"UNIQUE_EnergyDisk_Purple_PickupTriggerAOE",
          "target":"Self",
        },
    ],
    "modifiers": 
    {
        "UNIQUE_EnergyDisk_Purple_PickupTriggerAOE_Total":
        {
          "isUnique":true,
          "stacking":"Unique",
          "modifierMixins":
          [
            {
              "$type": "AttachModifierToSelfGlobalValueMixin", 
              "globalValueKey": "_Ability_PickupTriggerAOE_CD", 
              "globalValueTarget":"MPLevel",
              "valueSteps":[-1.5,-0.5,0.5],
              "removeAppliedModifier": true,
              "modifierNameSteps":["UNIQUE_EnergyDisk_PickupTriggerAOE_Cd","Blank"],                                   
            }
          ]
        },
        "Blank":{},

       "UNIQUE_EnergyDisk_PickupTriggerAOE_CD_Change_MPLEVEL":
       {
          "isUnique":true,
          "duration":0.1,
          "onAdded":
          [
            {
                "$type": "SetGlobalValue",
                "key": "_Ability_PickupTriggerAOE_CD",
                "value": -1,
                "target":"MPLevel",    
            },
          ]
       },

      "UNIQUE_EnergyDisk_Purple_PickupTriggerAOE": 
      {
        "isUnique":true,
        "modifierMixins":
        [
          //因为没有针对元素结晶的Predicate，只能在Mixin当中遍历结晶的元素类型
          {
            "$type":"DoActionByGainCrystalSeedMixin",
            "elementTypes":["Fire","Water","Grass","Electric","Ice","Wind","Rock"],
            "actions":
            [
              {
                "$type":"Predicated",
                "target":"MPLevel",
                "targetPredicates":
                [
                  {
                    "$type":"ByTargetGlobalValue",
                    "key":"_Ability_PickupTriggerAOE_CD",
                    "value":0,
                    "compareType":"Equal",
                  },
                ],
                "successActions":
                [
                  {
                    "$type": "ApplyModifier",
                    "modifierName": "UNIQUE_EnergyDisk_Purple_PickupTriggerAOE_Effect", 
                    "target":"Self",
                  },
                  {
                    "$type":"ApplyModifier",
                    "modifierName":"UNIQUE_EnergyDisk_PickupTriggerAOE_CD_Change_MPLEVEL",
                    "target":"MPLevel",
                  },
                  //进入CD
                ]
              }                 
            ]            
          },           
        ]
      },
      "UNIQUE_EnergyDisk_Purple_PickupTriggerAOE_Effect":
      {
        "isUnique":true,
        "duration":0.1,
        "onAdded":
        [
          // {
          //   "$type": "DebugLog", 
          //   "content": "进入拾取后效果逻辑！",
          // },
          {
            "$type": "FireEffect", 
            "effectPattern": "Eff_EnergyDisk_ElementalBurst_Wave_R40",
            "target":"Self",
          },

        ], 
        "onRemoved":
        [
          {
            "$type": "TriggerAttackEvent",
            "targetType": "Enemy",
            "attackEvent":
            {
              "attackPattern":
              {
                "$type": "ConfigAttackSphere", //攻击球
                "triggerType": "TriggerNoRepeat",
                "radius": 4.0, //半径
                "born":
                {
                  "$type": "ConfigBornBySelf",
                }
              },
              "attackInfo":
              {
                "attackProperty": //攻击伤害
                {
                  "damagePercentage": "%DamageRate", //伤害百分比
                  "strikeType": "Slash",  //打击类型——挥砍
                  //"overrideByWeapon": true, //是否根据武器转化元素
                  "attackType": "Melee",//攻击类型
                  "elementType": "None", //元素类型
                  "elementDurability": 0,
                  "enBreak": 25, //破霸体值
                },
                "hitPattern"://击中效果
                {
                  "onHitEffectName": "default",
                  "hitImpulseType":"LV1",                                   
                  "canBeDefenceHalt": false,
                  "hitHaltTime": 0,
                  "hitHaltTimeScale": 0.02,
                  "muteHitText": false,
                },
              }, 
            },            
          },
          {
            "$type":"ApplyModifier",
            "modifierName":"UNIQUE_EnergyDisk_Purple_PickupTriggerAOE_BuffAvatarEffect",
            "target":"AllPlayerAvatars",
          }
        ]   
      },
      //队友BUFF提升岩元素伤害
      "UNIQUE_EnergyDisk_Purple_PickupTriggerAOE_BuffAvatarEffect":
      {
        "isUnique":true,
        "stacking":"Refresh",
        "duration":"%Bufftime",
        "properties": 
        {
          "Actor_RockAddHurtDelta":"%RockAddHurt",
        },
      },
      "UNIQUE_EnergyDisk_PickupTriggerAOE_Cd":
        {
          "isUnique":true,
          "thinkInterval":"%CDTime",
          "onThinkInterval":
          [
            {
              "$type": "SetGlobalValue",
              "key": "_Ability_PickupTriggerAOE_CD",
              "target":"MPLevel",
              "value": 0,
            },
          ]        
        },
    },
    "abilitySpecials":
    {
      "DamageRate":0,//攻击倍率
      "CDTime":0,
      "RockAddHurt":0,//岩元素伤害加成
      "Bufftime":0,//伤害加成时长
    }
  },    
},

//4.交织之舞：队伍中任意角色施放元素爆发后，将产生「元素圆舞」效果，使队伍中所有角色的元素精通提高100点。
//该效果持续20秒，至多叠加3次。叠加3次后在持续期间内，若再次产生该效果，将释放冲击波，造成范围伤害。
{
  "Default":
  {
    "$type": "ConfigAbility",
    "abilityName": "ActivityAbility_EnergyDisk_Purple_ElementBurst_Count3Wave_V2",
    "isDynamicAbility":true,
    "onAdded": 
    [
      {
        "$type":"ApplyModifier",
        "modifierName":"UNIQUE_EnergyDisk_Purple_ElementBurst_Count3Wave_MPLevel_Init",
        "target":"MPLevel",
      },
      //BUFF层数记在MPLevel上
      {
        "$type": "SetSystemValueToOverrideMap", //设置一些系统参数到OverrideMap里
        "key": "LevelEntity_Count3Wave_SystemValue",
        "type": "ElementLevelCo", //SystemValue类型          
      },
      {
          "$type":"ApplyModifier",
          "modifierName":"UNIQUE_Purple_ElementBurst_Count3Wave_Handler",       
      },
    ], 
    "modifiers":
    {
      "UNIQUE_EnergyDisk_Purple_ElementBurst_Count3Wave_MPLevel_Init":
      {
        "isUnique": true,
        "onAdded": 
        [
          {
            "$type":"SetGlobalValue",
            "target":"MPLevel",    
            "key":"_ABILITY_ElementBurst_Layer",
            "value":0,         
          },
        ]
      },
      "UNIQUE_Purple_ElementBurst_Count3Wave_Handler":
      {
        "isUnique":true,
        "modifierMixins":
        [
          {
            "$type":"OnAvatarUseSkillMixin",
            "clearSkillIdDelay": 0.2,
            "onTriggerUltimateSkill":
            [
              {
                "$type":"ApplyModifier",
                "modifierName":"UNIQUE_EnergyDisk_ElementBurst_AddLayer",
                "target":"MPLevel",
              },

              {
                "$type":"ApplyModifier",
                "modifierName":"UNIQUE_EnergyDisk_ElementBurst_Layer_Reset_MPLEVEL",
                "target":"MPLevel",
              },
              {
                "$type":"Predicated",
                "target":"MPLevel",
                "targetPredicates":
                [
                  {
                    "$type":"ByTargetGlobalValue",
                    "key":"_ABILITY_ElementBurst_Layer",
                    "value":4,
                    "compareType":"MoreThanAndEqual",
                  },
                ],
                "successActions":
                [
                  //满层触发效果
                  {
                    "$type":"ApplyModifier",
                    "modifierName":"UNIQUE_ElementBurst_Count3Wave_3_Extra_Effect",
                    "target":"Self",
                  },         
                ],             
              },
            ],            
          },

          {
            "$type": "AttachModifierToSelfGlobalValueMixin",
            "globalValueKey": "_ABILITY_ElementBurst_Layer",
            "globalValueTarget":"MPLevel",
            "valueSteps":[-0.5,0.5,1.5,2.5,100],
            "removeAppliedModifier": true,//这个置为false好像不管用
            "modifierNameSteps":
            [
              "UNIQUE_ElementBurst_Count3Wave_0",
              "UNIQUE_UNIQUE_ElementBurst_Count3Wave_1_Effect",
              "UNIQUE_UNIQUE_ElementBurst_Count3Wave_2_Effect",
              "UNIQUE_UNIQUE_ElementBurst_Count3Wave_3_Effect",
            ],
          //统一管理，由layer层数决定buff
      }, 
        ]

      },

      "UNIQUE_ElementBurst_Count3Wave_0":
      {
        "isUnique":true,
      },

      "UNIQUE_UNIQUE_ElementBurst_Count3Wave_1_Effect":
      {
        "isUnique":true,
        "isLimitedProperties":true,
        "properties":
        {
            "Actor_ElemMasteryDelta":"%Delta*1",
        },
      },
      "UNIQUE_UNIQUE_ElementBurst_Count3Wave_2_Effect":
      {
        "isUnique":true,
        "isLimitedProperties":true,
        "properties":
        {
            "Actor_ElemMasteryDelta":"%Delta*2",
        },

      },      
      "UNIQUE_UNIQUE_ElementBurst_Count3Wave_3_Effect":
      {
        "isUnique":true,
        "isLimitedProperties":true,
        "properties":
        {
            "Actor_ElemMasteryDelta":"%Delta*3",
        },
      }, 

      "UNIQUE_ElementBurst_Count3Wave_3_Extra_Effect":
      {
        "isUnique":true,
        "duration":0.3,
        "onAdded":
        [
          {
            "$type": "DebugLog", 
            "content": "进入冲击波技能效果逻辑！",
          },
          {
            "$type": "FireEffect", 
            "effectPattern": "Eff_EnergyDisk_ElementalBurst_Wave_R40",
            "target":"Self",    
          },
          {
            "$type": "TriggerAttackEvent",
            "targetType": "Enemy",
            "attackEvent":
            {
              "attackPattern":
              {
                "$type": "ConfigAttackSphere", //攻击球
                "triggerType": "TriggerNoRepeat",
                "radius": 4.0, //半径
                "born":
                {
                  "$type": "ConfigBornBySelf",
                }
              },
              "attackInfo":
              {
                "canBeModifiedBy":"OriginOwner",
                "attackProperty": //攻击伤害
                {
                  "damageExtra": "%ElementBurst_Wave_Damage*%LevelEntity_Count3Wave_SystemValue", //伤害百分比
                  "ignoreAttackerProperty": true,
                  "ignoreModifyDamage":true,
                  "trueDamage":true, 
                  "attackType": "Melee",//攻击类型
                  "elementType": "None", //元素类型
                  "elementDurability": 0,
                  "enBreak": 0, //破霸体值
                },
                "hitPattern"://击中效果
                {
                  "onHitEffectName": "default",
                  "hitImpulseType":"LV1",                                   
                  "reboundRatio": 0,
                  "canBeDefenceHalt": false,
                  "hitHaltTime": 0,
                  "hitHaltTimeScale": 0.02,
                  "muteHitText": false,
                },
              }, 
            },            
          },
        ]
      },
      "UNIQUE_EnergyDisk_ElementBurst_AddLayer":
      {
        "stacking":"Unique",
        "duration":0.1,
        "isUnique":true,
        "onAdded":
        [

          {
            "$type": "AddGlobalValue",
            "key":"_ABILITY_ElementBurst_Layer",
            "target":"MPLevel",
            "value":1,               
          },
        ] 
      },

      "UNIQUE_EnergyDisk_ElementBurst_Layer_Reset_MPLEVEL":
      {
        "isUnique":true,
        "duration":0.1,
        "onAdded":
        [
          {
            "$type": "DebugLog", 
            "content": "刷新时间",             
          },
          {
            "$type":"RemoveUniqueModifier",
            "modifierName":"UNIQUE_EnergyDisk_ElementBurst_Layer_Reset_MPLEVEL_Time",
            "target":"MPLevel",
          },
          {
            "$type":"ApplyModifier",
            "modifierName":"UNIQUE_EnergyDisk_ElementBurst_Layer_Reset_MPLEVEL_Time",
            "target":"MPLevel",
          },
        ],
      },

      "UNIQUE_EnergyDisk_ElementBurst_Layer_Reset_MPLEVEL_Time":
      {
        "isUnique":true,
        "thinkInterval":"%Bufftime",
        "onThinkInterval":
        [
          {
            "$type":"SetGlobalValue",
            "key":"_ABILITY_ElementBurst_Layer",
            "target":"MPLevel",
            "value":0,                        
          },
          {
            "$type": "DebugLog", 
            "content": "重置为0",            
          }
        ]        
      },
      // "UNIQUE_EnergyDisk_ElementBurst_Layer_MPLEVEL":
      // {
      //   "isUnique":true,
      //   "duration":0.1,
      //   "onAdded":
      //   [
      //     {
      //       "$type": "AddGlobalValue",
      //       "key":"_ABILITY_ElementBurst_Layer",
      //       "target":"MPLevel",
      //       "value":1,               
      //     },
      //   ]
      // }
    },
    "abilitySpecials":
    {
      "Bufftime":0,
      "Delta":0,
      "ElementBurst_Wave_Damage":0,
      "LevelEntity_Count3Wave_SystemValue":0,
    }
  }

},

//5.无尽之舞：施放元素爆发后，场上所有角色都将各自释放一次冲击波，基于施放元素爆发的角色攻击力的600%，对附近的敌人造成伤害。
//该效果每2秒至多触发一次，队伍中所有角色共享冷却。
{
  "Default": 
  {                
    "$type": "ConfigAbility",
    "abilityName": "ActivityAbility_EnergyDisk_Purple_ElementBurstTriggerWave_V2",
    "isDynamicAbility":true,
    "onAdded": 
    [
      {
        "$type": "AttachModifier",
        "modifierName": "UNIQUE_EnergyDisk_ElementBurstTriggerWave_Handler",
      },
      {
        "$type": "AttachModifier",
        "modifierName": "UNIQUE_EnergyDisk_ElementBurstTriggerWave_FireEffect",        
      },
    ],
    "modifiers": 
    {
      "UNIQUE_EnergyDisk_ElementBurstTriggerWave_FireEffect":
      {
        "isUnique":true,
        "thinkInterval": 0.5,
          "onThinkInterval": [
            {
              "$type": "Predicated",
              "target": "Self",
              "targetPredicates": [
                {
                  "$type": "ByIsCombat",
                },
              ],
              "successActions": [
                {
                  "$type": "AttachModifier",
                  "modifierName": "UNIQUE_EnergyDisk_ElementBurstTriggerWave_FireEffect_Effect",
                },
              ],
              "failActions": [
                {
                  "$type": "RemoveUniqueModifier",
                  "modifierName": "UNIQUE_EnergyDisk_ElementBurstTriggerWave_FireEffect_Effect",
                },
              ],
            },
          ],
      },

      "UNIQUE_EnergyDisk_ElementBurstTriggerWave_FireEffect_Effect":
      {
        "isUnique":true,
        "stacking":"Unique",
        "onAdded":
        [
          {
            "$type":"AttachEffect",
            "effectPattern":"Eff_EnergyDisk_ElementalBurst_Trigger",
            "target":"Self",
            "born":
            {
              "$type": "ConfigBornByTarget",
              "offset" :
              {
                "x": 0.0,
                "y": 2.0,
                "z": 0.0,
              },
            }
          },
        ],
      },

      "UNIQUE_EnergyDisk_ElementBurstTriggerWave_Handler": 
      {
        "isUnique":true,
        "modifierMixins":
        [
          {
            "$type":"OnAvatarUseSkillMixin", 
            "clearSkillIdDelay": 0.2,
            "onTriggerUltimateSkill": //监听充能技能释放
            [
              {
                "$type":"Predicated",
                "target":"MPLevel",
                "targetPredicates":
                [
                  {
                    "$type":"ByTargetGlobalValue",
                    "key":"_Ability_EnergyDisk_ElementBurstTriggerWave_CD",
                    "value":0,
                    "compareType":"NoneOrEqual",
                  },
                ],
                "successActions":
                [
                  //通知所有角色放冲击波
                  {
                    "$type":"ApplyModifier",
                    "modifierName":"UNIQUE_EnergyDisk_ElementBurstTriggerWave_Effect",
                    "target":"AllPlayerAvatars",                    
                  },
                  //进入CD
                  {
                    "$type":"ApplyModifier",
                    "modifierName":"UNIQUE_EnergyDisk_ElementBurstTriggerWave_CD_Change_MPLEVEL",
                    "target":"MPLevel",
                  },
                ]
              },  
            ],            
          }
        ]
      },
      "UNIQUE_EnergyDisk_ElementBurstTriggerWave_CD_Change_MPLEVEL":
      {
        "isUnique":true,
        "duration":2,
        "onAdded":
        [
          {
              "$type": "SetGlobalValue",
              "key": "_Ability_EnergyDisk_ElementBurstTriggerWave_CD",
              "value": -1,
              "target":"MPLevel",    
          },
        ],
        "onRemoved": 
        [
          {
            "$type": "SetGlobalValue",
            "key": "_Ability_EnergyDisk_ElementBurstTriggerWave_CD",
            "value": 0,
            "target":"MPLevel",    
        },            
        ]
      },

      "UNIQUE_EnergyDisk_ElementBurstTriggerWave_Effect":
      {
        "isUnique":true,
        "duration":0.2,
        //"stacking":"Refresh",
        "onAdded":
        [
            {
              "$type": "TriggerAttackEvent",
              "targetType": "Enemy",
              "attackEvent":
              {
                "attackPattern":
                {
                  "$type": "ConfigAttackSphere", //攻击球
                  "triggerType": "TriggerNoRepeat",
                  "radius": 4.0, //半径
                  "born":
                  {
                    "$type": "ConfigBornBySelf",
                  }
                },
                "attackInfo":
                {
                  "attackProperty": //攻击伤害
                  {
                    "damagePercentage": "%Purple_Damage", //伤害百分比
                    "attackType": "Melee",//攻击类型
                    "elementType": "None", //元素类型
                    "elementDurability": 0,
                    "enBreak": 25, //破霸体值
                  },
                  "hitPattern"://击中效果
                  {
                    "onHitEffectName": "default",
                    "hitImpulseType":"LV1",                                   
                    "reboundRatio": 0,
                    "canBeDefenceHalt": false,
                    "hitHaltTime": 0,
                    "hitHaltTimeScale": 0.02,
                    "muteHitText": false,
                  },
                }, 
              },            
            }, 
            {
              "$type": "FireEffect", 
              "effectPattern": "Eff_EnergyDisk_ElementalBurst_Wave_R40",
              "target":"Self",              
            }         
        ],
      },
    }, 
    "abilitySpecials":
    {
      "Purple_Damage":0,//攻击力X%的伤害
      "CDTime":0,
    }
  },   
},

//6.结晶偏光：队伍内的所有角色获得结晶盾时，提高自身30%全元素伤害加成，持续10秒，持续时间内拾取将刷新Buff时长。

{
  "Default": 
  {                
    "$type": "ConfigAbility",
    "abilityName": "ActivityAbility_EnergyDisk_Blue_ElementDmgUpAfterCrystalShield_V2",
    "isDynamicAbility":true,
    "onAdded": 
    [
      {
        "$type": "AttachModifier",
        "modifierName": "UNIQUE_EnergyDisk_Blue_ElementDmgUpAfterCrystalShield",
      },
    ],
    "modifiers": 
    {
      "UNIQUE_EnergyDisk_Blue_ElementDmgUpAfterCrystalShield": 
      {
        "isUnique":true,
        "modifierMixins":
        [
          {
            "$type":"DoActionByGainCrystalSeedMixin",
            "elementTypes":["Fire","Water","Grass","Electric","Ice","Wind","Rock"],
            "actions":
            [
              {
                "$type":"AttachModifier",
                "modifierName":"UNIQUE_Relic_ElementDmgUpAfterCrystalShield_BuffEffect",
                "target":"Self",
              },              
            ]            
          },           
        ]
      },
      "UNIQUE_Relic_ElementDmgUpAfterCrystalShield_BuffEffect":
      {
        "isUnique":true,
        "duration":"%time",
        "stacking":"Refresh",
        "state":"AttackUp",
        "properties":
        {
          "Actor_FireAddHurtDelta":"%Rate",
          "Actor_WaterAddHurtDelta":"%Rate",
          "Actor_GrassAddHurtDelta":"%Rate",
          "Actor_ElecAddHurtDelta":"%Rate",
          "Actor_IceAddHurtDelta":"%Rate",
          "Actor_WindAddHurtDelta":"%Rate",
          "Actor_RockAddHurtDelta":"%Rate",
        }
      }
    },
    "abilitySpecials":
    {
      "time":0,
      "Rate":0,
    }
  },  
},

//7.鼓舞：元素爆发命中后的20秒内，施放该元素爆发的角色普通攻击造成的伤害提高40%。
{
  "Default":
  {
    "$type": "ConfigAbility",
    "abilityName": "ActivityAbility_EnergyDisk_Blue_ElementBurst_NormalAtkUp_V2",
    "isDynamicAbility":true,
    "onAdded": 
      [
        {
          "$type":"AttachModifier",
          "modifierName":"UNIQUE_EnergyDisk_Blue_ElementBurst_NormalAtkUp",
        },
      ], 
    "modifiers":
    {
      "UNIQUE_EnergyDisk_Blue_ElementBurst_NormalAtkUp":
      {
        "isUnique":true,
        "onAttackLanded":
        [
          {
            "$type":"Predicated",
            "target":"Target", //有条件的在BeingHit/success等事件中指向target
            "targetPredicates":
            [
              {
                "$type":"ByAttackTags",
                "attackTags":["Elemental_Burst"],
              },
            ],
            "successActions":
            [
              {
                "$type":"AttachModifier",
                "target":"Self",
                "modifierName":"UNIQUE_EnergyDisk_NormalAttackUp",
              },
              {
                "$type": "DebugLog", 
                "content": "元素爆发命中后触发了",
              }
            ],
          },
        ]
      },

      "UNIQUE_EnergyDisk_NormalAttackUp":
      {
        "isUnique":true,
        "duration":"%time",
        "stacking":"Refresh",
        "state":"AttackUp",
        "modifierMixins":
        [
          {
            "$type":"ModifyDamageMixin",
            "attackTags":["NormalAttack_01","NormalAttack_02","NormalAttack_03","NormalAttack_04","NormalAttack_05","NormalAttack_06"],
            "damagePercentageRatio":"%Rate",
          },
        ],
      },
    },
    "abilitySpecials":
    {
      "time":0,   //buff时长
      "Rate":0, //普攻伤害提升
    }
  }, 

},

//8.英勇:角色处于护盾庇护下时，普通攻击命中敌人时，攻击力将提高10%。该效果最多叠加5层，持续8秒。
//该效果叠加的层数与持续时间对每个角色单独计算。
{
  "Default":
  {
    "$type": "ConfigAbility",
    "abilityName": "ActivityAbility_EnergyDisk_Blue_HasShield_NormalAtkUp_V2",
    "isDynamicAbility":true,
    "onAdded": 
      [  
      ], 
    "abilityMixins":
      [
        {
          "$type": "AttachModifierToPredicateMixin",
          "type": "Current",
          "modifierName": "UNIQUE_EnergyDisk_HasShield_NormalAtkUp",
          "predicates":
          [
            {
              "$type": "ByHasShield",
              "type": "All", 
            },
          ],
        },          
      ], 
    "modifiers":
    {
      "UNIQUE_EnergyDisk_HasShield_NormalAtkUp":
      {
        "isUnique":true,
        "onAttackLanded":
        [
          {
            "$type":"Predicated",
            "target":"Target",
            "targetPredicates":
            [
              {
                "$type":"ByEntityTypes",
                "entityTypes":["Monster"],                
              },
              {
                "$type":"ByAttackTags",
                "attackTags":
                  [
                    "NormalAttack_01",
                    "NormalAttack_02",
                    "NormalAttack_03",
                    "NormalAttack_04",
                    "NormalAttack_05",
                    "NormalAttack_06",
                  ],                
              }
            ],
            "successActions":
            [
              {
                "$type": "ApplyModifier",
                "target": "Self",
                "modifierName": "UNIQUE_EnergyDisk_HasShield_NormalAtkUp_Effect",
              }
            ],

          },
        ]
      },
      //具体上的Buff效果
      "UNIQUE_EnergyDisk_HasShield_NormalAtkUp_Effect":
      {
        "isUnique":true,
        "duration":"%Bufftime",
        "stacking":"MultipleRefresh",
        "stackingOption":
          {
            "maxModifierNumForMultipleType": 5,
          },
        "onAdded":
        [
          {
            "$type": "DebugLog", 
            "content": "有护盾时的普攻命中后的buff效果层",
          },
        ],
        "isLimitedProperties": true,
        "properties":
        {
          "Actor_AttackRatio": "%Rate",
        }    
      },
    },

    "abilitySpecials":
    {
      "Bufftime":0,//buff持续时间
      "Rate":0,//攻击力提升
    }
  },
},

//9.旋涡：角色通过重击击败敌人时，会在敌人的位置产生真空场，牵引周围的敌人
//并基于该角色攻击力的500%造成伤害。
//该效果每2秒至多触发一次，队伍中所有角色共享冷却。
{
  "Default":
  {
    "$type": "ConfigAbility",
    "abilityName": "ActivityAbility_EnergyDisk_Blue_ExtraAtkKill_Attract_V2",
    "isDynamicAbility":true,
    "onAdded": 
    [
      //全队共计CD
      {
        "$type":"AttachModifier",
        "modifierName":"UNIQUE_EnergyDisk_Blue_ExtraAtkKill_Attract_Total",
        "target":"MPLevel",
      },
        {
          "$type":"ApplyModifier",
          "modifierName":"UNIQUE_EnergyDisk_ExtraAtkKill_Attract_Handler",
          "target":"Self",
        }, 
    ], 
    "modifiers":
    {
        "UNIQUE_EnergyDisk_Blue_ExtraAtkKill_Attract_Total":
        {
          "isUnique":true,
          "stacking":"Unique",
          "modifierMixins":
          [
            {
              "$type": "AttachModifierToSelfGlobalValueMixin", 
              "globalValueKey": "_Ability_EnergyDisk_ExtraAtkKill_Attract_CD", 
              "globalValueTarget":"MPLevel",
              "valueSteps":[-1.5,-0.5,0.5],
              "removeAppliedModifier": true,
              "modifierNameSteps":["UNIQUE_EnergyDisk_ExtraAtkKill_Attract_Cd","Blank"],                                   
            }
          ]
        },
        "Blank":{}, 
        
        "UNIQUE_EnergyDisk_ExtraAtkKill_Attract_Cd":
        {
          "isUnique":true,
          "thinkInterval":"%CDTime",
          "onThinkInterval":
          [
            {
              "$type": "SetGlobalValue",
              "key": "_Ability_EnergyDisk_ExtraAtkKill_Attract_CD",
              "target":"MPLevel",
              "value": 0,
            },
          ]        
        },

        "UNIQUE_EnergyDisk_ExtraAtkKill_Attract_Handler":
        {
          "isUnique":true,
          "modifierMixins":
          [
            {
              "$type": "DoActionByKillingMixin",
              "attackTags": [ "ExtraAttack" ],
              //算的是此角色最后一击的tag。不一定是击杀那一击（可能是别人击杀的）
              "detectWindow": 0.6, //这段时间之后击杀都算，但是无论是modifiermixin还是abilitymixin都需要角色在场。  
              "onKill":
              [
                {
                  "$type": "Predicated", 
                  "target": "Other",
                  "targetPredicates": [
                    {
                      "$type": "ByEntityTypes",
                      "target": "Target",
                      "entityTypes": [ "Monster", ],
                    },
                  ],
                  "successActions":
                   [
                    {
                      "$type": "DebugLog", 
                      "content": "重击击杀触发",
                    },
                    {
                    "$type":"Predicated",
                    "target":"MPLevel",
                    "targetPredicates":
                    [
                      {
                        "$type":"ByTargetGlobalValue",
                        "key":"_Ability_EnergyDisk_ExtraAtkKill_Attract_CD",
                        "value":0,
                        "compareType":"Equal",
                      },
                    ],
                    "successActions":
                    [
                      {
                        "$type":"ApplyModifier",
                        "target":"Self",
                        "modifierName":"UNIQUE_EnergyDisk_Blue_ExtraAtkKill_Attract_CreateGadget",
                      }, 
                      {
                        "$type":"ApplyModifier",
                        "modifierName":"UNIQUE_EnergyDisk_ExtraAtkKill_Attract_CD_Change_MPLEVEL",
                        "target":"MPLevel",
                      }, 
                    ]
                  }              
                  ]
                }
              ]       
            }            
          ]
        },     
      "UNIQUE_EnergyDisk_ExtraAtkKill_Attract_CD_Change_MPLEVEL":
      {
          "isUnique":true,
          "duration":0.1,
          "onAdded":
          [
            {
                "$type": "SetGlobalValue",
                "key": "_Ability_EnergyDisk_ExtraAtkKill_Attract_CD",
                "value": -1,
                "target":"MPLevel",  //需要共计CD，等功能测试   
            },
          ]        
      },

      "UNIQUE_EnergyDisk_Blue_ExtraAtkKill_Attract_CreateGadget":
      {
        "isUnique":true,
        "stacking":"Unique",
        "duration":0.3,
        "onAdded":
        [
          {
            "$type": "CreateGadget",
            "gadgetID":44000303,
            "campID": 1001,
            "campTargetType": "Enemy",
            "born":
            {
              "$type": "ConfigBornBySelf",
              "offset":
              {
                "x": 0.0,
                "y": 0.0,
                "z": 5.0,
              },
              "onGround": true,
            },
          },
        ]
      }
    },

    "abilitySpecials":
    {
      "CDTime":0,
    }   
  }
},

//重击击杀的gadget
{
    "Default":
    {
      "$type": "ConfigAbility",
      "abilityName": "Avatar_EnergyDisk_WindBlackHole_GadgetV2",
      "onAdded":
      [
        {
          "$type": "ApplyModifier",
          "modifierName": "WindBlackHole_Gadget_Pre",
          "target": "Self",
        },

      ],
      "modifiers":
      {
        "WindBlackHole_Gadget_Pre":
        {
          "duration": 0.34, //特效播放时间
          "onAdded":
          [
            {
              "$type": "FireEffect",
              "effectPattern": "Eff_EnergyDisk_ExtraAtkAttract",
            },
          ],
          "onRemoved":
          [
            {
              "$type": "ApplyModifier",
              "modifierName": "WindBlackHole_Gadget_Handler",
              "target": "Self",
            },
          ],
        },
        "WindBlackHole_Gadget_Handler":
        {
          "onAdded":
          [
            {
              "$type": "ApplyModifier",
              "modifierName": "WindBlackHole_Gadget_WindZone",
              "target": "Self",
            },
            {
              "$type": "TriggerAttackEvent",
              "targetType": "Enemy",
              "attackEvent":
              {
                "attackPattern":
                {
                  "$type": "ConfigAttackCircle",
                  "triggerType": "TriggerNoRepeat",
                  "fanAngle": 360.0,
                  "height": 6,
                  "radius": 6,
                  "born":
                  {
                    "$type": "ConfigBornBySelf",
                    "offset":
                    {
                      "x" : 0.0,
                      "y" : -3.0,
                      "z" : 0.0,
                    },
                  },
                },
                "attackInfo":
                {
                  "attackProperty":
                  {
                    "damagePercentage": "%BlackHole_Gadget_Damage",
                    "elementType": "None",
                    "elementDurability": 0,
                    "strikeType": "Default",
                    "enBreak": 25,
                  },
                  "hitPattern":
                  {
                    "onHitEffectName": "default",
                    "hitImpulseType":"LV2",
                    "canBeDefenceHalt": false,
                    "hitHaltTime": 0.0,
                    "hitHaltTimeScale": 0.05,
                    "muteHitText": false,
                  },
                }
              },
            },
          ],
        },
        "WindBlackHole_Gadget_WindZone":
        {
          "duration": 0.3,
          "modifierMixins":
          [
            {
              "$type": "WindZoneMixin",
              "shapeName": "CircleR6",
              "innerRadius": 1.0,
              "strength": 4,
              "attenuation": 2,
              "born":
              {
                "$type": "ConfigBornBySelf",
                "offset":
                {
                  "x": 0.0,
                  "y": 1.0,
                  "z": 0.0,
                },
              },
              "targetType": "All",
              "predicates":
              [
                {
                  "$type": "ByEntityTypes",
                  "entityTypes": ["Avatar"],
                  "reject": true,
                },
              ],
            },
          ],
        },
      },
      "abilitySpecials":
      {
        "BlackHole_Gadget_Damage": 5, //X%攻击力伤害
        //"LevelEntity_BlackHoleDot_SystemValue":3,
      },
    },
},

//10.挑战者:角色附近的敌人数量不多于2个时，攻击力提高20%，防御力提高20%。
{
  "Default":
  {
    "$type": "ConfigAbility",
    "abilityName": "ActivityAbility_EnergyDisk_Blue_MonsterNumAtkDefUp_V2",
    "isDynamicAbility":true,
    "onAdded":
    [
      {
        "$type":"AttachModifier",
        "modifierName":"UNIQUE_EnergyDisk_Blue_MonsterNumAtkDefUp",
      },
      {
        "$type":"AttachModifier",
        "modifierName":"EnergyDisk_Blue_MonsterNumAtkDefUp_Mixin",        
      },
      {
          "$type":"SetGlobalValue",
          "key":"_ABILITY_EnergyDisk_MonsterNumAtkDefUp_Enemy",
          "value":0,
          "doOffStage":true,            
      },
      {
          "$type":"SetGlobalValue",
          "key":"_ABILITY_EnergyDisk_MonsterNumAtkDefUp_Enemy_Count",
          "value":0,
          "doOffStage":true,            
      }
    ],

    "modifiers":
    {
      "UNIQUE_EnergyDisk_Blue_MonsterNumAtkDefUp":
      {
        "isUnique":true,
        "thinkInterval":2,
        "onThinkInterval":
        [
          {
            "$type":"Predicated",
            "target":"Self",
             "targetPredicates":
            [
              {
               "$type":"ByIsCombat",
              },
            ],
            "successActions":
            [
              {
                "$type":"ApplyModifier",
                "modifierName":"UNIQUE_EnergyDisk_Count_Timer",
              },
              {
                "$type":"SetGlobalValue",
                "key":"_ABILITY_EnergyDisk_MonsterNumAtkDefUp_Enemy_Count",
                "value":0,
              },

              {
                "$type":"ApplyModifier",
                "modifierName":"MonsterNumAtkDefUp_CountAdd",
                "otherTargets":
                {
                  "$type":"SelectTargetsByShape",
                  "shapeName": "CircleR8",  //判断半径
                  "centerBasedOn": "Self",
                  "campTargetType": "Enemy",
                  "campBasedOn": "Self",
                  "sortType": "Nearest", //从近开始选
                },
                "predicates":
                [
                  {
                    "$type":"ByEntityTypes",
                    "entityTypes":["Monster"],
                  },
                ],
              },

            ],
            "failActions":
            [
              {
                  "$type":"SetGlobalValue",
                  "key":"_ABILITY_EnergyDisk_MonsterNumAtkDefUp_Enemy",
                  "value":0,
                  "doOffStage":true,            
              }
            ]
          },
        ],
      },

      "MonsterNumAtkDefUp_CountAdd": 
      {
        "duration":0.1,
        "onAdded":
        [
          {
            "$type":"ApplyModifier",
            "modifierName":"MonsterNumAtkDefUp_CountAdd_Effect",
            "target":"Caster",
          },
          // {
          //   "$type": "DebugLog", 
          //   "content": "给caster上modifier",
          // }
        ],
      },

      "MonsterNumAtkDefUp_CountAdd_Effect": 
      {
        "duration":0.01,
        "stacking":"MultipleRefresh",
        "onAdded":
        [
          {
            "$type":"AddGlobalValue",
            "target":"Self",
            "key":"_ABILITY_EnergyDisk_MonsterNumAtkDefUp_Enemy_Count",
            "value":1,
          },
          // {
          //   "$type": "DebugLog", 
          //   "content": "改GV值",            
          // }
        ],
      },
      "UNIQUE_EnergyDisk_Count_Timer":
      {
        "duration":0.1,
        "isUnique":true,
        "onAdded":
        [
          {
            "$type":"SetGlobalValueToOverrideMap",
            "globalValueKey":"_ABILITY_EnergyDisk_MonsterNumAtkDefUp_Enemy_Count",
            "overrideMapKey":"Now_Count", //目前记录的数值
            "doOffStage":true,
          },
          {
              "$type":"SetGlobalValue",
              "key":"_ABILITY_EnergyDisk_MonsterNumAtkDefUp_Enemy",
              "value":"%Now_Count",
              "doOffStage":true,            
          }
        ],
      },

      "MonsterNumAtkDefUp_BuffEffect":
      {
        //"isUnique":true,
        "state":"AttackUp",
        //"duration":2,
        "stacking":"Refresh",
        "properties":
        {
          "Actor_AttackRatio":"%Atk",
          "Actor_DefenceRatio":"%Def",
        },
        "onAdded":
        [
          // {
          //   "$type": "DebugLog", 
          //   "content": "执行到了buff效果",

          // }
        ]
      },

      "UNIQUE_MonsterNumAtkDefUp_MoveBuff":
      {
        "isUnique":true,
        "duration":0.3,
        "onAdded":
        [
            {
              "$type":"RemoveModifier",
              "modifierName":"MonsterNumAtkDefUp_BuffEffect",
              "target":"Self",
            },
        ]     
      },

      "EnergyDisk_Blue_MonsterNumAtkDefUp_Mixin":
      {
        "modifierMixins":
        [
          {
            "$type": "AttachModifierToSelfGlobalValueMixin",
            "globalValueKey": "_ABILITY_EnergyDisk_MonsterNumAtkDefUp_Enemy",
            "target":"Self",
            "valueSteps":
            [
                0.5,
                2.5,
                999
            ],
            "removeAppliedModifier": true,
            "modifierNameSteps":
            ["MonsterNumAtkDefUp_BuffEffect","UNIQUE_MonsterNumAtkDefUp_MoveBuff"],         
          }  
        ]

      }
    },

    "abilitySpecials":
    {
      "Count":0,
      "Rate":0.0,
      "Atk":0,
      "Def":0,
      "Now_Count":0,
    },
  },
},

//11.处刑:角色的重击命中生命值低于30%的敌人时，会降下处刑的剑气，造成大量伤害。
//该效果每10秒至多触发一次，队伍中所有角色共享冷却。
{
  "Default": 
  {                
    "$type": "ConfigAbility",
    "abilityName": "ActivityAbility_EnergyDisk_Blue_ExtraAtkKillMonster_V2",
    "isDynamicAbility":true,
    "onAdded": 
    [
      {
        "$type": "SetSystemValueToOverrideMap",
        "doOffStage": true,
        "key": "DamageSystemValue",
        "type": "ElementLevelCo",
      },
      //全队共计CD触发器
      {
        "$type":"ApplyModifier",
        "modifierName":"UNIQUE_EnergyDisk_Blue_ExtraAtkKillMonster_Total",
        "target":"MPLevel",
      },
      {
        "$type":"ApplyModifier",
        "modifierName":"UNIQUE_EnergyDisk_Blue_ExtraAtkKillMonster_Handler",
        "target":"Self",
      },
    ],

    "modifiers": 
    {
      "UNIQUE_EnergyDisk_Blue_ExtraAtkKillMonster_Total":
      {
        "isUnique":true,
        "stacking":"Unique",
        "modifierMixins":
        [
          {
            "$type": "AttachModifierToSelfGlobalValueMixin", 
            "globalValueKey": "_Ability_EnergyDisk_ExtraAtkKillMonster_CD", 
            "globalValueTarget":"MPLevel",
            "valueSteps":[-1.5,-0.5,0.5],
            "removeAppliedModifier": true,
            "modifierNameSteps":["UNIQUE_EnergyDisk_ExtraAtkKillMonster_Cd","Blank"],                                   
          }
        ]
      },
      "Blank":{},

      "UNIQUE_EnergyDisk_Blue_ExtraAtkKillMonster_Handler": 
      {
        "isUnique":true,
        "onAttackLanded":
        [
          {
            "$type": "Predicated",
            "target": "Other",
            "targetPredicates":
            [
              {
                "$type": "ByEntityTypes",
                "entityTypes":
                ["Monster",],
              },
              
              {
                "$type": "ByAttackTags",
                "attackTags":["ExtraAttack"],               
              },
              {
                "$type":"ByTargetHPRatio",
                "HPRatio": "%HPRatio",             
                "logic": "Lesser",
              }
            ],
            "successActions":
            [
              // {
              //    "$type": "DebugLog", 
              //   "content": "重击命中了血量低于30%的目标",
              // },
              //给怪上modifier,让怪自己伤害自己
              {
                "$type":"ApplyModifier",
                "modifierName":"EnergyDisk_ExtraAtkKillMonster_Monster",
                "target":"Target",
              },
            ]
          }
        ]
      },

      "EnergyDisk_ExtraAtkKillMonster_Monster":
      {
        //"isUnique":true,
        "stacking":"MultipleRefresh",
        "duration":0.1, 
        "onAdded":
        [
          {
            "$type":"Predicated",
            "target":"MPLevel",
            "targetPredicates":
            [
              {
                "$type":"ByTargetGlobalValue",
                "key":"_Ability_EnergyDisk_ExtraAtkKillMonster_CD",
                "value":0,
                "compareType":"Equal",
              },
            ],
            "successActions":
            [
              // {
              //   "$type": "DebugLog", 
              //   "content": "重击应该落下大剑",
              // },
              {
                "$type": "FireEffect",
                "target": "Self",
                "born":
                {
                  "$type": "ConfigBornByTarget",
                },
                "effectPattern": "Eff_EnergyDisk_ExtraAtkWave",
              },
              {
                "$type": "DamageByAttackValue",
                "target": "Self",
                "attackInfo":
                {
                  "attackProperty":
                  {
                    "damageExtra":"%Damage*%DamageSystemValue",
                    "trueDamage": true,
                    "ignoreAttackerProperty": true,
                    "ignoreModifyDamage": true,
                    "elementType": "None",
                    "strikeType": "Default",
                    "enBreak": 50,
                  },
                  "hitPattern":
                  {
                    "onHitEffectName": "default",
                    "hitImpulseType":"Default",
                    "reboundRatio": 0,
                    "hitHaltTime": 0.0,
                    "hitHaltTimeScale": 0.01,
                    "muteHitText": false,
                  },
                },
              },
              {
                "$type":"ApplyModifier",
                "modifierName":"UNIQUE_EnergyDisk_ExtraAtkKill_CD_Change_MPLEVEL",
                "target":"MPLevel",
              },
            ],
            "failActions":
            [
              // {
              //   "$type": "DebugLog", 
              //   "content": "处于CD中，不能触发",                
              // }
            ]         
          }
        ]
      },

      "UNIQUE_EnergyDisk_ExtraAtkKill_CD_Change_MPLEVEL":
      {
        "isUnique":true,
        "duration":0.1,
        "onAdded":
        [
          {
              "$type": "SetGlobalValue",
              "key": "_Ability_EnergyDisk_ExtraAtkKillMonster_CD",
              "value": -1,
              "target":"MPLevel",    
          },
        ]
      },      

      "UNIQUE_EnergyDisk_ExtraAtkKillMonster_Cd":
        {
          "isUnique":true,
          "thinkInterval":"%CDTime",
          "onThinkInterval":
          [
            {
              "$type": "SetGlobalValue",
              "key": "_Ability_EnergyDisk_ExtraAtkKillMonster_CD",
              "target":"MPLevel",
              "value": 0,
            },
          ]        
        },

    },
    "abilitySpecials":
    {
      "Damage":0,//环境伤害倍率
      "DamageSystemValue":0,
      "CDTime":0,
      "HPRatio":0//生命值低于一定值
    }
  },

},

//12.结晶赋能:队伍内的所有角色拾取结晶球时，全队角色获得X点元素能量
//X秒内只能触发一次，全队共计CD
{
  "Default": 
  {                
    "$type": "ConfigAbility",
    "abilityName": "ActivityAbility_EnergyDisk_Blue_BuffAfterCrystalShield_V2",
    "isDynamicAbility":true,
    "onAdded": 
    [
      //全队共计CD触发器
      {
        "$type":"ApplyModifier",
        "modifierName":"UNIQUE_EnergyDisk_Purple_BuffAfterCrystalShield_Total",
        "target":"MPLevel",
      },
      // {
      //   "$type": "DebugLog", 
      //    "content": "????",
      // },
      {
        "$type": "AttachModifier",
        "modifierName": "UNIQUE_EnergyDisk_Blue_BuffAfterCrystalShield",
        
      },
    ],
    "modifiers": 
    {
        "UNIQUE_EnergyDisk_Purple_BuffAfterCrystalShield_Total":
        {
          "isUnique":true,
          "stacking":"Unique",
          "modifierMixins":
          [
            {
              "$type": "AttachModifierToSelfGlobalValueMixin", 
              "globalValueKey": "_Ability_BuffAfterCrystalShield_CD", 
              "globalValueTarget":"MPLevel",
              "valueSteps":[-1.5,-0.5,0.5],
              "removeAppliedModifier": true,
              "modifierNameSteps":["UNIQUE_EnergyDisk_BuffAfterCrystalShield_Cd","Blank"],                                   
            }
          ],
          "onAdded":
          [
            // {
            //     "$type": "DebugLog", 
            //     "content": "为什么MPLEVEL的值加不上",
            // }
          ]
        },
        "Blank":{},      

      "UNIQUE_EnergyDisk_BuffAfterCrystalShield_CD_Change_MPLEVEL":
      {
        "isUnique":true,
        "duration":0.1,
        "onAdded":
        [
          {
              "$type": "SetGlobalValue",
              "key": "_Ability_BuffAfterCrystalShield_CD",
              "value": -1,
              "target":"MPLevel",    
          },
        ]
      },


      "UNIQUE_EnergyDisk_Blue_BuffAfterCrystalShield": 
      {
        "isUnique":true,
        "modifierMixins":
        [
          //因为没有针对元素结晶的Predicate，只能在Mixin当中遍历结晶的元素类型
          {
            "$type":"DoActionByGainCrystalSeedMixin",
            "elementTypes":["Fire","Water","Wind","Ice","Rock","Grass","Electric"],
            "actions":
            [
              {
                "$type":"Predicated",
                "target":"MPLevel",
                "targetPredicates":
                [
                  {
                    "$type":"ByTargetGlobalValue",
                    "key":"_Ability_BuffAfterCrystalShield_CD",
                    "value":0,
                    "compareType":"Equal",
                  },
                ],
                "successActions":
                [
                  {
                    "$type":"ApplyModifier",
                    "modifierName":"UNIQUE_BuffAfterCrystalShield_BuffEffect",
                    "target":"AllPlayerAvatars",
                  },
                  {
                    "$type":"ApplyModifier",
                    "modifierName":"UNIQUE_EnergyDisk_BuffAfterCrystalShield_CD_Change_MPLEVEL",
                    "target":"MPLevel",
                  },
                  //进入CD
                ]
              }               
            ]            
          },         
        ]
      },
      "UNIQUE_BuffAfterCrystalShield_BuffEffect":
      {
        "isUnique":true,
        "duration":0.1,
        "stacking":"Unique",
        "onAdded":
        [
          // {
          //   "$type": "DebugLog", 
          //   "content": "恢复能量",
          // },
          {
            "$type":"FireEffect",
            "effectPattern":"Eff_Weapon_ExtraElementBall",//考虑了下，在自己身上播特效比较容易看到。
          },
          {
            "$type":"ReviveElemEnergy", 
            "value":2,
            "doOffStage":true,
          }
        ],
      },

      "UNIQUE_EnergyDisk_BuffAfterCrystalShield_Cd":
      {
        "isUnique":true,
        "thinkInterval":"%CDtime",
        "onThinkInterval":
        [
          {
            "$type": "SetGlobalValue",
            "key": "_Ability_BuffAfterCrystalShield_CD",
            "target":"MPLevel",
            "value": 0,
          },
        ]        
      },
    },
    "abilitySpecials":
    {
      "CDtime":0,
    }
  }, 
},

//13.爆发专精:队伍内所有角色的元素爆发等级 +1 ，至多提升至15级。
{
  "Default": 
  {                
    "$type": "ConfigAbility",
    "abilityName": "ActivityAbility_EnergyDisk_Blue_AddElementBurstLevel_V2",
    "isDynamicAbility":true,
    "onAdded": 
    [
      {
        "$type": "AttachModifier",
        "modifierName": "UNIQUE_EnergyDisk_Blue_AddElementBurstLevel",
      },
    ],
    "modifiers": 
    {
      "UNIQUE_EnergyDisk_Blue_AddElementBurstLevel": 
      {
        "isUnique":true,
        "onAdded":
        [
        ]
      }
    }, 
  }, 
},


//14.裁决:敌人被击败时，会释放冲击波，对其他敌人造成范围伤害。
{
  "Default": 
  { 
    "$type": "ConfigAbility",
    "abilityName": "ActivityAbility_EnergyDisk_Blue_KillAOEMonster_V2",
    "isDynamicAbility":true,
    "onAdded": 
    [
      {
        "$type": "AttachModifier",
        "modifierName": "UNIQUE_EnergyDisk_Blue_KillAOEMonster",
      },
    ],
    "modifiers": 
    {
      "UNIQUE_EnergyDisk_Blue_KillAOEMonster": 
      {
        "isUnique":true,
        "modifierMixins":
        [
          {
            "$type":"DoActionByKillingMixin",
            "detectWindow":0.6, 
            "onKill":
            [
              {
                "$type": "Predicated",
                "target": "Other", 
                "targetPredicates":
                [
                  {
                    "$type": "ByEntityTypes",
                    "entityTypes":
                    ["Monster",],
                  },
                ],
                "successActions":
                [ 
                  {
                    "$type": "CreateGadget",
                    "target": "Other",
                    "gadgetID": 44000302,
                    "campID": 1001,
                    "campTargetType": "Enemy",
                    "born": {
                      "$type": "ConfigBornByTarget",
                    },
                  },
                ]
              },
            ]          
          }
        ]
      },
    },
  }
},

//怪物死亡gadget
{
  "Default": {
    "$type": "ConfigAbility",
    "abilityName": "EnergyDisk_KillAOEMonster_GadgetV2",
    "isDynamicAbility": true,
    "onAdded": [
      {
        "$type": "ApplyModifier",
        "modifierName": "SprintAreaAttack",
      },
      {
        "$type": "SetSystemValueToOverrideMap",
        "doOffStage": true,
        "key": "DamageSystemValue",
        "type": "ElementLevelCo",
      },
    ],
    "modifiers": {
      "SprintAreaAttack": {
        "duration": "%Delay",
        "onAdded": [
          {
            "$type": "AttachEffect",
            "effectPattern": "Eff_Stages_GainWave_Stay",
            "born": {
              "$type": "ConfigBornByTarget",
            },
          },
        ],
        "onRemoved": [
          {
            "$type": "FireEffect",
            "effectPattern": "Eff_Stages_GainWave_01",
            "born": {
              "$type": "ConfigBornByTarget",
            },
          },
          {
            "$type": "TriggerAttackEvent",
            "target": "OriginOwner",
            "targetType": "Enemy",
            "attackEvent": {
              "attackPattern": {
                "$type": "ConfigAttackSphere",
                "triggerType": "TriggerNoRepeat",
                "radius": 4,
                "born": {
                  "$type": "ConfigBornBySelf",
                },
              },
              "attackInfo": {
                "attackProperty": {
                  "damageExtra": "%Damage*%DamageSystemValue",
                  "trueDamage": true,
                  "ignoreAttackerProperty": true,
                  "ignoreModifyDamage": true,
                  "elementType": "None",
                },
                "hitPattern": {
                  "onHitEffectName": "",
                  "hitImpulseType": "LV2", //Light x200 y0
                  "reboundRatio": 0,
                  "hitHaltTime": 0.0,
                  "hitHaltTimeScale": 0.05,
                  "muteHitText": false,
                },
                "forceCameraShake": false,
                "cameraShake": {
                },
              }
            },
          },
        ],
      },
    },
    "abilitySpecials": {
      "Delay": 1,
      "Damage": 20,//环境伤害
      "DamageSystemValue":0,
    },
  },
}, 

//15.锐利:队伍内所有角色物理伤害提升30%
{
  "Default": 
  {               
    "$type": "ConfigAbility",
    "abilityName": "ActivityAbility_EnergyDisk_Green_PhysicalHurtUp_V2",
    "isDynamicAbility":true,
    "onAdded": 
    [
      {
        "$type": "AttachModifier",
        "modifierName": "EnergyDisk_Green_PhysicalHurtUp",
      },
    ],
    "modifiers": 
    {
      "EnergyDisk_Green_PhysicalHurtUp": 
      {
        "isLimitedProperties": true, 
        "properties":
        {
          "Actor_PhysicalAddHurtDelta": "%EnergyDisk_PhysicalAddHurtDelta", 
        },
      },
    },
    "abilitySpecials": 
    {
      "EnergyDisk_PhysicalAddHurtDelta":0,
    }
  },
},

//16.爆发强效:队伍中所有角色元素爆发造成的伤害提升X%
{
  "Default":
  {
      "$type": "ConfigAbility",
      "abilityName": "ActivityAbility_EnergyDisk_Green_BurstDamageUp_V2",
      "isDynamicAbility":true,
      "onAdded": 
      [
        {
          "$type": "ApplyModifier",
          "modifierName": "UNIQUE_EnergyDisk_Green_BurstDamageUp",
        },
      ],
      "modifiers": 
      {
        "UNIQUE_EnergyDisk_Green_BurstDamageUp": 
        {
          "isUnique":true,
          "isLimitedProperties": true, //是否受限于属性值区间        
          "modifierMixins":
          [
            {
              "$type":"ModifyDamageMixin",
              "damagePercentageRatio":"%Burst_Rate",
              "attackTags":["Elemental_Burst"],
            },
          ],
        },
      },
      "abilitySpecials":
      {
        "Burst_Rate":0,
      },
  },      
},
//17.精通强效:队伍内所有角色元素精通提高100点
{
  "Default": 
  {                
    "$type": "ConfigAbility",
    "abilityName": "ActivityAbility_EnergyDisk_Green_ElemMasteryDeltaUp_V2",
    "isDynamicAbility":true,
    "onAdded": 
    [
      {
        "$type": "AttachModifier",
        "modifierName": "EnergyDisk_Green_ElemMasteryDeltaUp",
      },
    ],
    "modifiers": 
    {
      "EnergyDisk_Green_ElemMasteryDeltaUp":
      {
        "reduceDurablityIgnoreTimeScale" : true,
        "properties":
        {
          "Actor_ElemMasteryDelta": "%EnergyDisk_ElemMasteryDelta",
        },
      },
    },
    "abilitySpecials": 
    {
      "EnergyDisk_ElemMasteryDelta":0,
    }
  },
},
//18.铁壁:队伍中所有角色护盾强效提升X%
{
  "Default": 
  {                
    "$type": "ConfigAbility",
    "abilityName": "ActivityAbility_EnergyDisk_Green_DefUp_V2",
    "isDynamicAbility":true,
    "onAdded": 
    [
      {
        "$type": "AttachModifier",
        "modifierName": "UNIQUE_EnergyDisk_Green_DefUp",
      },
    ],
    "modifiers": 
    {
      "UNIQUE_EnergyDisk_Green_DefUp": 
      {
        "isUnique":true,
        "isLimitedProperties": true, 
        "properties":
        {
          "Actor_ShieldCostMinusRatio": "%Actor_ShieldCostMinusRatio",
        },
      },
    },
    "abilitySpecials": 
    {
      "Actor_ShieldCostMinusRatio":0,
    }
  },
},
//19.铁之歌:队伍中所有角色普通攻击造成的伤害提升30%。
{
  "Default":
  {
    "$type": "ConfigAbility",
    "abilityName": "ActivityAbility_EnergyDisk_Green_ExtraAtkUp_V2",
    "isDynamicAbility":true,
    "abilityMixins":
    [
      {
        "$type":"ModifyDamageMixin",
        "attackTags":["NormalAttack_01","NormalAttack_02","NormalAttack_03","NormalAttack_04","NormalAttack_05","NormalAttack_06"],
        "damagePercentageRatio":"%NormalAttack_Rate",
      },        

    ], 
    "modifiers":
    {},
    "abilitySpecials":
    {
      "NormalAttack_Rate":0,
    }
  }

},

//20.猛击：队中所有角色的重击伤害提升X%
{
  "Default":
  {
      "$type": "ConfigAbility",
      "abilityName": "ActivityAbility_EnergyDisk_Green_ThumpDamageUp_V2",
      "isDynamicAbility":true,
      "onAdded": 
      [
        {
          "$type": "ApplyModifier",
          "modifierName": "UNIQUE_EnergyDisk_Green_ThumpDamageUp",
        },
      ],
      "modifiers": 
      {
        "UNIQUE_EnergyDisk_Green_ThumpDamageUp": 
        {
          "isUnique":true,
          "stacking":"Unique",
          "isLimitedProperties": true, //是否受限于属性值区间        
          "modifierMixins":
          [
            {
              "$type":"ModifyDamageMixin",
              "damagePercentageRatio":"%EnergyDisk_ExtraAtk_damRatio",
              "attackTags":["ExtraAttack"],
            },
          ],
        },
      },
      "abilitySpecials":
      {
        "EnergyDisk_ExtraAtk_damRatio":0,
      },
  },    
},

//增补
//21.角色每次释放元素爆发后，全队所有角色元素爆发伤害提升X%，持续X秒，至多可叠加5层，获得满层效果时，额外提升全队普攻速度X%
{
  "Default":
  {
      "$type": "ConfigAbility",
      "abilityName": "ActivityAbility_EnergyDisk_Purple_BurstDamageUp_V2",
      "isDynamicAbility":true,
      "onAdded": 
      [
        {
          "$type": "AttachModifier",
          "modifierName": "EnergyDisk_Purple_BurstDamageUp_Handler",
        },
        //为了联机时候可以一起叠层数,根据MPLevel的值上对应的modifier
        {
          "$type":"ApplyModifier",
          "modifierName":"UNIQUE_EnergyDisk_Purple_BurstDamageUp_MPLevelHandler",
          "target":"Self",
        },
      ],
      "modifiers": 
      {
        "EnergyDisk_Purple_BurstDamageUp_Handler": 
        {
					"modifierMixins":
					[
						{
							"$type": "OnAvatarUseSkillMixin",
              "clearSkillIdDelay": 0.2,
							"onTriggerUltimateSkill":
							[
                //联机的时候也能一起叠(remote端不能直接改，包一下)
                {
                  "$type":"ApplyModifier",
                  "modifierName":"EnergyDisk_ElementBurst_Layer_AddGV_MPLevel",
                  "target":"MPLevel",
                },
                //buff时长控制器
                {
                  "$type":"ApplyModifier",
                  "modifierName":"UNIQUE_EnergyDisk_ElementBurst_Layer_Reset_MPLEVEL_V2",
                  "target":"MPLevel",
                },
							],
						},
					],
        },
        "EnergyDisk_ElementBurst_Layer_AddGV_MPLevel":
        {
          "duration": 0.1,
          "onAdded": 
          [
            {
              "$type": "AddGlobalValue",
              "key": "_ABILITY_EnergyDisk_Purple_BurstLevel",
              "value": 1,
              "useLimitRange": true,
              "minValue": 0,
              "maxValue": 5,
              "target": "MPLevel",
            },
          ]
        },
        "UNIQUE_EnergyDisk_Purple_BurstDamageUp_MPLevelHandler":
        {
          "isUnique": true,
          "modifierMixins": 
          [
            {
              "$type": "AttachModifierToSelfGlobalValueMixin",
              "globalValueKey": "_ABILITY_EnergyDisk_Purple_BurstLevel",
              "globalValueTarget":"MPLevel",
              "valueSteps":[-0.5,0.5,1.5,2.5,3.5,4.5,10.5],
              "removeAppliedModifier": true,
              "modifierNameSteps":
              [
                "Blank",
                "EnergyDisk_ElementBurst_BurstDamageUp_Layer01",
                "EnergyDisk_ElementBurst_BurstDamageUp_Layer02",
                "EnergyDisk_ElementBurst_BurstDamageUp_Layer03",
                "EnergyDisk_ElementBurst_BurstDamageUp_Layer04",
                "EnergyDisk_ElementBurst_BurstDamageUp_Layer05",
              ],
            },             
          ]

        },
        "Blank":{},
        "EnergyDisk_ElementBurst_BurstDamageUp_Layer01":
        {
          "modifierMixins": 
          [
						{
							"$type": "ModifyDamageMixin",
							"attackTags": ["Elemental_Burst"],
							"damagePercentageRatio": "%BurstDamageUp",
						},            
          ]
        },
        "EnergyDisk_ElementBurst_BurstDamageUp_Layer02":
        {
          "modifierMixins": 
          [
						{
							"$type": "ModifyDamageMixin",
							"attackTags": ["Elemental_Burst"],
							"damagePercentageRatio": "%BurstDamageUp*2",
						},            
          ]
        },
        "EnergyDisk_ElementBurst_BurstDamageUp_Layer03":
        {
          "modifierMixins": 
          [
						{
							"$type": "ModifyDamageMixin",
							"attackTags": ["Elemental_Burst"],
							"damagePercentageRatio": "%BurstDamageUp*3",
						},            
          ]
        },
        "EnergyDisk_ElementBurst_BurstDamageUp_Layer04":
        {
          "modifierMixins": 
          [
						{
							"$type": "ModifyDamageMixin",
							"attackTags": ["Elemental_Burst"],
							"damagePercentageRatio": "%BurstDamageUp*4",
						},            
          ]
        },
        "EnergyDisk_ElementBurst_BurstDamageUp_Layer05":
        {
          "modifierMixins": 
          [
						{
							"$type": "ModifyDamageMixin",
							"attackTags": ["Elemental_Burst"],
							"damagePercentageRatio": "%BurstDamageUp*5",
						},            
          ],
          "properties":
					{
						"Animator_AttackSpeedRatio": "%AttackSpeed_Ratio",
					},
        },

        "UNIQUE_EnergyDisk_ElementBurst_Layer_Reset_MPLEVEL_V2":
        {
          "isUnique":true,
          "duration":0.1,
          "onAdded":
          [
            {
              "$type": "DebugLog", 
              "content": "刷新时间",             
            },
            {
              "$type":"RemoveUniqueModifier",
              "modifierName":"UNIQUE_EnergyDisk_ElementBurst_Layer_Reset_MPLEVEL_Time_V2",
              "target":"MPLevel",
            },
            {
              "$type":"ApplyModifier",
              "modifierName":"UNIQUE_EnergyDisk_ElementBurst_Layer_Reset_MPLEVEL_Time_V2",
              "target":"MPLevel",
            },
          ],
        },
  
        "UNIQUE_EnergyDisk_ElementBurst_Layer_Reset_MPLEVEL_Time_V2":
        {
          "isUnique":true,
          "thinkInterval":"%Bufftime",
          "onThinkInterval":
          [
            {
              "$type":"SetGlobalValue",
              "key":"_ABILITY_EnergyDisk_Purple_BurstLevel",
              "target":"MPLevel",
              "value":0,                        
            },
            {
              "$type": "DebugLog", 
              "content": "重置为0",            
            }
          ]        
        },
      },
      "abilitySpecials":
      {
        "Bufftime":0,
        "BurstDamageUp":0,
        "AttackSpeed_Ratio":0,
      },
  },    
},

//22.当前台角色造成感电反应时，全队所有角色元素战技和元素爆发冷却时间降低1秒，每X秒至多触发一次
{
  "Default":
  {
      "$type": "ConfigAbility",
      "abilityName": "ActivityAbility_EnergyDisk_Blue_ShockCdMinus_V2",
      "isDynamicAbility":true,
      "onAdded": 
      [
        {
          "$type": "AttachModifier",
          "modifierName": "EnergyDisk_Blue_ShockCdMinus",
        },
      ],
      "modifiers": 
      {
        "EnergyDisk_Blue_ShockCdMinus": 
        {
          "modifierMixins":
          [
            {
              "$type": "DoActionByElementReactionMixin",
              "range": 20,
              "entityTypes": ["Monster"],
              "reactionTypes": ["Shock",],
              "actions":
              [
                {
                  "$type":"AttachModifier",
                  "modifierName":"UNIQUE_EnergyDisk_Blue_ShockCdMinus_OnTeam",
                  "target": "Team",
                },
              ],
            },
          ],
        },
        "UNIQUE_EnergyDisk_Blue_ShockCdMinus_OnTeam":  
        {
          "isUnique": true,
          "stacking": "Unique",
          "duration": "%CD_Interval",
          "onAdded":
          [
            // {
            //   "$type": "ModifyAvatarSkillCD",
            //   "skillSlot": [2],
            //   "cdDelta": "-1*%CD_Minus",
            //   "target": "CurTeamAvatars",
            //   "doOffStage": true,
            // },
            {
              "$type":"ModifyAvatarSkillCD",
              "skillSlot": [5],
              "cdDelta": "-1*%CD_Minus",
              "target": "CurTeamAvatars",
              "doOffStage": true,
            },
          ],
        },
      },
      
      "abilitySpecials":
      {
        "CD_Interval":0, //触发间隔
        "CD_Minus":0, //CD减少时间
      },
  },    
},

]
