[
    {
        "Default":
        {
            "$type": "ConfigAbility",
            "abilityName": "ActivityAbility_Kazuha_Decision_HealthValue",
            "isDynamicAbility": true,
            // "onAdded": 
            // [
            //     {
            //         "$type": "AttachModifier",
            //         "target": "CurTeamAvatars",
            //         "modifierName": "UNIQUE_Ability_Kazuha_Decision_HealthValue"
            //     }
            // ],
            "abilityMixins": 
            [
                {
                    "$type": "LocalAvatarsMixin",
                    "modifierName": "UNIQUE_Ability_Kazuha_Decision_HealthValue"
                }
            ],
            "modifiers": 
            {
                "UNIQUE_Ability_Kazuha_Decision_HealthValue":
                {
                    "isUnique": true,
                    "stacking": "Unique",
                    "state": "Limbo",
                    "onAdded": 
                    [
                        
                    ],
                    "modifierMixins": 
                    [
                        {
                            "$type": "DoActionByEventMixin",
                            "onEvent": "HP",
                            "predicates": 
                            [
                                {
                                    "$type": "ByTargetHPRatio",
                                    "HPRatio": 0.3,
                                    "target": "Self",
                                    "logic": "LesserOrEqual",
                                }
                            ],
                            "actions": 
                            [
                                {
                                    "$type": "ServerLuaTriggerEvent",
                                    "luaCallType": "SpecificGroup",
                                    "CallParamList": [201071002],
                                    "sourceName": "Kazuha_Room3",
                                    "doOffStage": true,
                                },
                            ]
                        }
                    ]
                },
               
            }
        }
    }

]