[
  //2.3狗子活动
  //开挑战挂Ability
  {
    "Default": 
    {
      "$type": "ConfigAbility",
      "abilityName": "Activity_Hachi_TeamAbility",
      "onAdded": 
      [
        {//是否处于狗潜行关的判据
          "$type": "AttachModifier",
          "modifierName": "IsInHachiSneak",
        },
        {//监听角色死亡，关卡接到后检查任务状态，如果标志任务4003103没完成，则退出挑战状态
          "$type": "AttachModifier",
          "modifierName": "PlayerDieHandle",
          "target": "AllPlayerAvatars",
        },
      ],
      "abilityMixins":
      [
          {//注册一下清仇恨专用SGV的hash。这个SGV是客户端清仇恨用的，ability这边不用
              "$type":"AttachModifierToSelfGlobalValueNoInitMixin",
              "globalValueKey":"SGV_CAN_CLEAR_THREAT",
              "valueSteps":[-0.5, 0.5],
              "modifierNameSteps":["Blank"],
          },
          /*{
              "$type":"AttachModifierToSelfGlobalValueNoInitMixin",
              "globalValueKey":"Hachi_IsInSmokeArea",
              "valueSteps":[0.5, 1.5],
              "modifierNameSteps":["UNIQUE_GhostToEnemy_Team"],
          },*/
      ],
      "modifiers":
      {
        //玩家处于狗活动的标志
        "IsInHachiSneak":
        {

        },
        //玩家处于狗活动的标志
        "PlayerDieHandle":
        {
          "onKill": 
          [
            {
              "$type": "ServerLuaCall",
              "luaCallType": "CurChallengeGroup",
              "funcName": "SLC_PlayerDie_DuringQuest",
              "doOffStage":true,
            },
          ],
        },
        "Blank":
        {

        },
        /*"GhostToEnemy_Avatar":
        {
          "state": "DenyLockOn",
        }*/
      },
    },
  },
]