[
    // 3.0 跑酷
    {
        "Default": 
        {
            "$type": "ConfigAbility",
            "abilityName": "Activity_GravenInnocence_Parkour_TeamAbility",
            "onAdded": 
            [
                {
                  "$type": "SetGlobalValue",
                  "target": "Team",
                  "key": "GV_CoinRangeLevel",
                  "value": 1,
                },
            ],
            "abilityMixins":
            [
                {
                    "$type":"AttachModifierToSelfGlobalValueMixin",
                    "globalValueKey":"GV_CoinRangeLevel",
                    "valueSteps":[-0.5, 0.5, 1.5, 100],
                    "modifierNameSteps":["Blank", "NormalRange", "SuperRange"],
                },
            ],
            "onRemoved":
            [
                {
                    "$type": "RemoveUniqueModifier",
                    "target": "Team",
                    "modifierName": "UNIQUE_PickRangeBuff",

                },
                {
                  "$type": "SetGlobalValue",
                  "target": "Team",
                  "key": "GV_CoinRangeLevel",
                  "value": 0,
                },
            ],
            "modifiers":
            {
                "Blank":
                {
                },
                "NormalRange":
                {
                    "onAdded": 
                    [
                        {
                            "$type": "DebugLog",
                            "content": "基础拾取距离"
                        }
                    ],
                    "thinkInterval": 0.1,
                    "onThinkInterval": 
                    [
                        {
                            "$type": "Predicated",
                            "otherTargets":
                            {
                                "$type": "SelectTargetsByTag",
                                "tag": "IS_COIN",
                                "sortType": "Nearest",
                                "topLimit": 6,
                            },
                            "successActions": 
                            [
                                {
                                    "$type": "SetGlobalValue",
                                    "target": "Target",
                                    "key": "GV_Picked",
                                    "value": 1,
                                    "predicates": 
                                    [
                                        {
                                            "$type": "ByTargetPositionToSelfPosition",
                                            "target": "Target",
                                            "compareType": "XYZ",
                                            "value": 2,
                                            "logic": "LesserOrEqual",
                                        },
                                    ]
                                }
                            ]
                        }
                    ]
                },

                // "UNIQUE_WinterCamp_Shield":
                // {
                //   "isUnique":true,
                //   "stacking":"Unique",
                //   "modifierMixins":
                //   [
                //     {//随前场角色转移Modifier
                //       "$type": "CurLocalAvatarMixinV2",
                //       "modifierName": "WinterCamp_Shield_Avator",
                //     },
                //   ],
                // },

                "SuperRange":
                {
                    "modifierMixins":
                    [
                        {//随前场角色转移Modifier
                            "$type": "CurLocalAvatarMixinV2",
                            "modifierName": "Avatar_SuperRange_Eff",
                        },
                    ],
                    "onAdded": 
                    [
                        {
                            "$type": "DebugLog",
                            "content": "超级拾取距离"
                        },
                        // {
                        //     "$type": "AttachEffect",
                        //     "target": "CurLocalAvatar",//"Self",
                        //     "effectPattern": "Eff_SceneObj_ExpandAccessCoin_02",  //拾取范围特效
                        // },
                    ],
                    "thinkInterval": 0.1,
                    "onThinkInterval": 
                    [
                        {
                            "$type": "Predicated",
                            "otherTargets":
                            {
                                "$type": "SelectTargetsByTag",
                                "tag": "IS_COIN",
                                "sortType": "Nearest",
                                "topLimit": 6,
                            },
                            "successActions": 
                            [
                                {
                                    "$type": "SetGlobalValue",
                                    "target": "Target",
                                    "key": "GV_Picked",
                                    "value": 1,
                                    "predicates": 
                                    [
                                        {
                                            "$type": "ByTargetPositionToSelfPosition",
                                            "target": "Target",
                                            "compareType": "XYZ",
                                            "value": 5,
                                            "logic": "LesserOrEqual",
                                        },
                                    ]
                                }
                            ]
                        }
                    ]
                },
                "Avatar_SuperRange_Eff":
                {
                    "onAdded":
                    [
                        {
                            "$type": "AttachEffect",
                            "doOffStage": true,
                            "effectPattern": "Eff_SceneObj_ExpandAccessCoin_02",  //拾取范围特效
                        },
                    ],
                },
            },
        },
    },

]