[
    /////////索引//////////
    //Level1
    //Level2
    //
    //
    //
    //
    //
    ///////////////////////
    //////////////////////////
    //测试用ability
    //////////////////////////
    {
        "Default":
        {
            "$type": "ConfigAbility",
            "abilityName": "ActivityAbility_ArenaChallenge_TestAbility",
            "isDynamicAbility": true,   
            "onAdded": 
            [
                
            ]     
        }
    },
    //////////////////////////
    //////////////////////////

    //////////////////////////
    //Level1
    //////////////////////////
    {//1、元素爆发伤害提升{1}%
        "Default":
        {
            "$type": "ConfigAbility",
            "abilityName": "ActivityAbility_ArenaChallenge_UltimateSkillDamageUp",
            "isDynamicAbility": true,   
            // "onAdded": 
            // [
            //     {
            //         "$type": "AttachModifier",
            //         "target": "Self",
            //         "modifierName": "UNIQUE_Activity_ArenaChallenge_UltimateSkillDamageUp"
            //     }
            // ],
            "abilityMixins": 
            [
                {
                    "$type": "AttachModifierToGlobalValueMixin",
                    "globalValueTarget": "Team",
                    "globalValueKey": "SGV_CHANGE_STAGE",
                    "valueSteps": [-0.5,0.5,1.5],
                    "modifierNameSteps": ["UNIQUE_Activity_ArenaChallenge_UltimateSkillDamageUp_LV1","UNIQUE_Activity_ArenaChallenge_UltimateSkillDamageUp_LV2"],
                },
            ],
            "modifiers": 
            {
                "UNIQUE_Activity_ArenaChallenge_UltimateSkillDamageUp_LV1":
                {
                    "isUnique": true,
                    "stacking": "Unique",
                    "modifierMixins": 
                    [
                        {
                            "$type": "ModifyDamageMixin",
                            "attackTags": ["Elemental_Burst"],
                            "damagePercentageRatio": "%DamageUpRatio"
                        }
                    ]
                },
                "UNIQUE_Activity_ArenaChallenge_UltimateSkillDamageUp_LV2":
                {
                    "isUnique": true,
                    "stacking": "Unique",
                    "modifierMixins": 
                    [
                        {
                            "$type": "ModifyDamageMixin",
                            "attackTags": ["Elemental_Burst"],
                            "damagePercentageRatio": "%DamageUpRatioLV2"
                        }
                    ]
                },
            },
            "abilitySpecials": 
            {
                "DamageUpRatio": 0,
                "DamageUpRatioLV2": 0

            },
        }
    },
    {//2、每{1}秒恢复{2}点能量
        "Default":
        {
            "$type": "ConfigAbility",
            "abilityName": "ActivityAbility_ArenaChallenge_ReviveEnergy",
            "isDynamicAbility": true,   
            "abilityMixins": 
            [
                {
                    "$type": "AttachModifierToGlobalValueMixin",
                    "globalValueTarget": "Team",
                    "globalValueKey": "SGV_CHANGE_STAGE",
                    "valueSteps": [0.5,1.5],
                    "modifierNameSteps": ["UNIQUE_Activity_ArenaChallenge_ReviveEnergy"],
                },
            ],
            "modifiers": 
            {
                "UNIQUE_Activity_ArenaChallenge_ReviveEnergy":
                {
                    "isUnique": true,
                    "stacking": "Unique",
                    "isLimitedProperties": true,
                    "thinkInterval": "%ReviveInterval",
                    "onThinkInterval": 
                    [
                        {
                            "$type": "ReviveElemEnergy",
                            "target": "AllPlayerAvatars",
                            "value": "%EnergyValue",
                        }
                    ]
                }
            },
            "abilitySpecials": 
            {
                "ReviveInterval": 0,
                "EnergyValue": 0,
            }
        }
    },
    {//3、释放x次元素爆发
        "Default":
        {
            "$type": "ConfigAbility",
            "abilityName": "ActivityAbility_ArenaChallenge_TriggerUltimateSkill",
            "isDynamicAbility": true,   
            "onAdded": 
            [
                {
                    "$type": "AttachModifier",
                    "target": "Self",
                    "modifierName": "UNIQUE_Activity_ArenaChallenge_TriggerUltimateSkill"
                }
            ],
            "modifiers": 
            {
                "UNIQUE_Activity_ArenaChallenge_TriggerUltimateSkill":
                {
                    "isUnique": true,
                    "stacking": "Unique",
                    "modifierMixins": 
                    [
                        {
                            "$type": "OnAvatarUseSkillMixin",
                            "clearSkillIdDelay": 0.2,
                            "onTriggerUltimateSkill": 
                            [
                                {
                                    "$type": "ServerLuaCall",
                                    "luaCallType": "CurGalleryControlGroup",
                                    "funcName": "SLC_State_Condition_Complete"
                                }
                            ]
                        }
                    ]
                },
            }, 
        }
    },
    //////////////////////////
    //Level2
    //////////////////////////
    {//1、蒸发融化反应伤害提升{1}%
        "Default":
        {
            "$type": "ConfigAbility",
            "abilityName": "ActivityAbility_ArenaChallenge_Steam_Melt_DamageUp",
            "isDynamicAbility": true,   
            "onAdded": 
            [
                {
                    "$type": "AttachModifier",
                    "target": "Self",
                    "modifierName": "UNIQUE_Activity_ArenaChallenge_Steam_Melt_DamageUp",
                }
            ],
            "modifiers": 
            {
                "UNIQUE_Activity_ArenaChallenge_Steam_Melt_DamageUp":
                {
                    "isUnique": true,
                    "stacking": "Unique",
                    "isLimitedProperties": true,
                    "properties": 
                    {
                        "Actor_ElemReactSteamDelta": "%SteamDamageUp",
                        "Actor_ElemReactMeltDelta": "%MeltDamageUp",
                    }
                },
            },
            "abilitySpecials": 
            {
                "SteamDamageUp": 0,
                "MeltDamageUp":0,
            }
        }
    },
    {//2、触发蒸发/融化反应反应释放一个伤害系数为{1}的冲击波
        "Default":
        {
            "$type": "ConfigAbility",
            "abilityName": "ActivityAbility_ArenaChallenge_Purple_After_Steam_Melt",
            "isDynamicAbility": true,
            "onAdded": 
            [
                {
                    "$type": "SetSystemValueToOverrideMap",
                    "doOffStage": true,
                    "key": "ImpactDamageSystemValue",
                    "type": "ElementLevelCo"
                },
            ],
            "abilityMixins": 
            [
                 {
                     "$type": "AttachModifierToGlobalValueMixin",
                     "globalValueTarget": "Team",
                     "globalValueKey": "SGV_CHANGE_STAGE",
                     "valueSteps": [0.5,1.5],
                     "modifierNameSteps": ["UNIQUE_Activity_ArenaChallenge_Purple_After_Steam_Melt"],
                 },
            ],
            "modifiers": 
            {
                "UNIQUE_Activity_ArenaChallenge_Purple_After_Steam_Melt":
                {
                    "isUnique": true,
                    "stacking": "Unique",
                    "modifierMixins": 
                    [
                        {
                            "$type": "DoActionByElementReactionMixin",
                            "range": 40,
                            "entityTypes": ["Monster"],
                            "reactionTypes": 
                            [
                                "Stream",
                                "Melt",
                            ],//判断触发元素反应
                            "actions": 
                            [
                                {
                                    "$type": "Predicated",
                                    "target": "Other",
                                    "doOffStage": true,
                                    "targetPredicates": 
                                    [
                                        {
                                            "$type": "ByTargetGlobalValue",
                                            "key": "GeneratePurpleState",
                                            "target": "Team",
                                            "value": 0,
                                            "compareType": "NoneOrEqual",
                                        }
                                    ],//通过可以生成冲击波的状态判断cd是否结束
                                    "successActions": 
                                    [
                                        {
                                            "$type": "ApplyModifier",
                                            "doOffStage": true,
                                            "target": "Target",
                                            "modifierName": "Activity_ArenaChallenge_Purple_After_Steam_Melt_GeneratePurple_Delay",
                                        },
                                        {
                                            "$type": "ApplyModifier",
                                            "doOffStage": true,
                                            "target": "Team",
                                            "modifierName": "UNIQUE_Activity_ArenaChallenge_Purple_After_Steam_Melt_CD"
                                        },
                                    ]
                                }
                            ],
                        },
                    ],
                },
                "Activity_ArenaChallenge_Purple_After_Steam_Melt_GeneratePurple_Delay":
                {
                    "duration": 0.05,
                    "onAdded": 
                    [
                        {
                            "$type": "FireEffect",
                            "doAfterDie": true,
                            "effectPattern": "Eff_EnergyDisk_ElementalBurst_Wave_R40",
                        },
                        {
                            "$type": "TriggerAttackEvent",
                            "targetType": "Enemy",
                            "doAfterDie": true,
                            "target": "Caster",
                            "attackEvent": 
                            {
                                "attackPattern":
                                {
                                    "$type": "ConfigAttackSphere",
                                    "triggerType": "TriggerNoRepeat",
                                    "radius": 4,
                                    "born":
                                    {
                                        "$type": "ConfigBornBySelf",
                                    }
                                },
                                "attackInfo": 
                                {
                                    "canBeModifiedBy": "OriginOwner",
                                    "attackProperty": 
                                    {
                                        "damageExtra": "%PurpleDamageValue*%ImpactDamageSystemValue",
                                        "ignoreAttackerProperty": true,//忽略角色属性加成
                                        "ignoreModifyDamage": true,
                                        "trueDamage": true,
                                        "attackType": "Melee",
                                        "elementType": "None",//元素类型为无
                                        "elementDurability": 0,//元素含量为0
                                        "enBreak": 0
                                    },
                                    "hitPattern": 
                                    {
                                        "onHitEffectName": "default",//击中特效名称，
                                        "hitImpulseType": "LV2",//击退？
                                        "reboundRatio": 0,//需要解释
                                        "canBeDefenceHalt": false,//持盾防御者无法产生额外卡肉
                                        "hitHaltTime": 0,
                                        "hitHaltTimeScale": 0.02,
                                        "muteHitText": false,//不跳字
                                    },//打击效果
                                }
                            }
                        },//生成圆形攻击盒
                    ],
                },
                "UNIQUE_Activity_ArenaChallenge_Purple_After_Steam_Melt_CD":
                {
                    "isUnique": true,
                    "stacking": "Unique",//防止cd被覆盖
                    "duration": "%GenerateCDTime",
                    "onAdded": 
                    [
                        {
                            "$type": "SetGlobalValue",
                            "key": "GeneratePurpleState",
                            "value": -1,
                        }
                    ],
                    "onRemoved": 
                    [
                        {
                            "$type": "SetGlobalValue",
                            "key": "GeneratePurpleState",
                            "value": 0,
                        }
                    ]
                }
            },
            "abilitySpecials": 
            {
                "GenerateCDTime": 0,
                "GeneratePurpleState":0,
                "PurpleDamageValue": 0,
                "ImpactDamageSystemValue": 0,
            },
        },
    },
    {//3、触发x次增幅反应
        "Default":
        {
            "$type": "ConfigAbility",
            "abilityName": "ActivityAbility_ArenaChallenge_TriggerReact_Steam_Melt",
            "isDynamicAbility": true,   
            "onAdded": 
            [
                {
                    "$type": "AttachModifier",
                    "target": "Self",
                    "modifierName": "UNIQUE_Activity_ArenaChallenge_TriggerReact_Steam_Melt"
                }
            ],
            "modifiers": 
            {
                "UNIQUE_Activity_ArenaChallenge_TriggerReact_Steam_Melt":
                {
                    "isUnique": true,
                    "stacking": "Unique",
                    "modifierMixins": 
                    [
                        {
                            "$type": "DoActionByElementReactionMixin",
                            "range": 40,
                            "entityTypes": ["Monster"],
                            "reactionTypes": 
                            [
                                "Stream",
                                "Melt",
                            ],//判断触发元素反应
                            "actions": 
                            [
                                {
                                    "$type": "ServerLuaCall",
                                    "doOffStage": true,
                                    "luaCallType": "CurGalleryControlGroup",
                                    "funcName": "SLC_State_Condition_Complete",
                                    "predicates": 
                                    [
                                        {
                                            "$type": "ByTargetGlobalValue",
                                            "target": "Team",
                                            "key": "Steam_Melt_CDState",
                                            "value": 0,
                                            "compareType": "NoneOrEqual"
                                        }
                                    ]
                                },
                                {
                                    "$type": "ApplyModifier",
                                    "target": "Team",
                                    "doOffStage": true,
                                    "modifierName": "UNIQUE_Activity_ArenaChallenge_TriggerReact_Steam_Melt_CD"
                                }
                            ],
                        }
                    ]
                },
                "UNIQUE_Activity_ArenaChallenge_TriggerReact_Steam_Melt_CD":
                {
                    "isUnique": true,
                    "stacking": "Unique",
                    "duration": "%Steam_Melt_CD",
                    "onAdded": 
                    [
                        {
                            "$type": "SetGlobalValue",
                            "target": "Team",
                            "key": "Steam_Melt_CDState",
                            "value": -1
                        }
                    ],
                    "onRemoved": 
                    [
                        {
                            "$type": "SetGlobalValue",
                            "target": "Team",
                            "key": "Steam_Melt_CDState",
                            "value": 0
                        }
                    ]
                }

            },
            "abilitySpecials": 
            {
                "Steam_Melt_CD": 0,
            }
        }
    },
    //////////////////////////
    //Level3
    //////////////////////////
    {//1、触发超导/感电/超载/雷扩散反应使敌人防御力下降{1}%，持续{2}秒
        "Default":
        {
            "$type": "ConfigAbility",
            "abilityName": "ActivityAbility_ArenaChallenge_ElectricReact_EnermyDefenceDown",
            "isDynamicAbility": true,   
            "onAdded": 
            [
                {
                    "$type": "AttachModifier",
                    "target": "Self",
                    "modifierName": "UNIQUE_Activity_ArenaChallenge_ElectricReact_EnermyDefenceDown_Decision_ElectricReact"
                }
            ],
            "modifiers": 
            {
                "UNIQUE_Activity_ArenaChallenge_ElectricReact_EnermyDefenceDown_Decision_ElectricReact":
                {
                    "isUnique": true,
                    "stacking": "Unique",
                    "modifierMixins": 
                    [
                        {
                            "$type": "DoActionByElementReactionMixin",
                            "range": 40,
                            "entityTypes": ["Monster"],
                            "reactionTypes": 
                            [
                                "Superconductor",
                                "Shock",
                                "Explode",
                                "SwirlElectric"
                            ],
                            "actions": 
                            [
                                {
                                    "$type": "Predicated",
                                    "doOffStage": true,
                                    "target": "Other",
                                    "predicates": 
                                    [
                                        {
                                            "$type": "ByTargetGlobalValue",
                                            "target": "Team",
                                            "key": "SGV_CHANGE_STAGE",
                                            "value": 1,
                                            "compareType": "Equal"
                                        },
                                    ],
                                    "successActions": 
                                    [
                                        {
                                            "$type": "ApplyModifier",
                                            "target": "Other",
                                            "doOffStage": true,
                                            "doAfterDie": true,
                                            "modifierName": "UNIQUE_Activity_ArenaChallenge_ElectricReact_EnermyDefenceDown_Action_DefenceDown_LV2",
                                        },
                                    ],
                                },
                                {
                                    "$type": "Predicated",
                                    "doOffStage": true,
                                    "target": "Other",
                                    "predicates": 
                                    [
                                        {
                                            "$type": "ByTargetGlobalValue",
                                            "target": "Team",
                                            "key": "SGV_CHANGE_STAGE",
                                            "value": 0,
                                            "compareType": "NoneOrEqual"
                                        },
                                    ],
                                    "successActions": 
                                    [
                                        {
                                            "$type": "ApplyModifier",
                                            "target": "Other",
                                            "doOffStage": true,
                                            "doAfterDie": true,
                                            "modifierName": "UNIQUE_Activity_ArenaChallenge_ElectricReact_EnermyDefenceDown_Action_DefenceDown_LV1",
                                        },
                                    ],
                                }
                            ]
                        }
                    ]
                },
                "UNIQUE_Activity_ArenaChallenge_ElectricReact_EnermyDefenceDown_Action_DefenceDown_LV1":
                {
                    "isUnique": true,
                    "stacking": "MultipleAllRefresh",
                    "stackingOption": 
                    {
                        "enableMixedUnique": true,
                        "maxModifierNumForMultipleType": 1
                    },
                    "duration": "%DefenceDownDuration",
                    "state": "DefenseDown",
                    "properties": 
                    {
                        "Actor_DefenceRatio": "-1*%DefecnceDownRatio"
                    }
                },
                "UNIQUE_Activity_ArenaChallenge_ElectricReact_EnermyDefenceDown_Action_DefenceDown_LV2":
                {
                    "isUnique": true,
                    "stacking": "MultipleAllRefresh",
                    "stackingOption": 
                    {
                        "enableMixedUnique": true,
                        "maxModifierNumForMultipleType": 1
                    },
                    "duration": "%DefenceDownDuration",
                    "state": "DefenseDown",
                    "onAdded": 
                    [//防止叠加
                        {
                            "$type": "RemoveUniqueModifier",
                            "target": "Self",
                            "modifierName": "UNIQUE_Activity_ArenaChallenge_ElectricReact_EnermyDefenceDown_Action_DefenceDown_LV1"
                        }
                    ],
                    "properties": 
                    {
                        "Actor_DefenceRatio": "-1*%DefecnceDownRatio_LV2"
                    }
                }
            },
            "abilitySpecials": 
            {
                "DefenceDownDuration": 0,
                "DefecnceDownRatio": 0,
                "DefecnceDownRatio_LV2": 0,
            }
        }
    },
    {//2、触发超导/感电/超载/雷扩散时，获得{1}点能量的能量球，{2}秒触发一次
        "Default":
        {
            "$type": "ConfigAbility",
            "abilityName": "ActivityAbility_ArenaChallenge_ElectricReact_GenerateEnergyBall",
            "isDynamicAbility": true,   
            "abilityMixins": 
            [
                {
                    "$type": "AttachModifierToGlobalValueMixin",
                    "globalValueTarget": "Team",
                    "globalValueKey": "SGV_CHANGE_STAGE",
                    "valueSteps": [0.5,1.5],
                    "modifierNameSteps": ["UNIQUE_Activity_ArenaChallenge_ElectricReact_GenerateEnergyBall"],
                },
            ],
            "modifiers": 
            {
                "UNIQUE_Activity_ArenaChallenge_ElectricReact_GenerateEnergyBall":
                {
                    "isUnique": true,
                    "stacking": "Unique",
                    "modifierMixins": 
                    [
                        {
                            "$type": "DoActionByElementReactionMixin",
                            "range": 40,
                            "entityTypes": ["Monster"],
                            "reactionTypes": 
                            [
                                "Superconductor",
                                "Electric",
                                "Explode",
                                "SwirlElectric"
                            ],
                            "actions": 
                            [
                                {
                                    "$type": "GenerateElemBall",
                                    "doOffStage": true,
                                    "target":"CurLocalAvatar",
                                    "configID": 2024,//原子能量球（全）
                                    "baseEnergy": 6,
                                    "ratio": 1,
                                    "born":
                                    {
                                        "$type": "ConfigBornByTarget",
                                        "offset": 
                                        {
                                            "x": 0.0,
                                            "y": 0.0,
                                            "z": -0.5,
                                        },
                                        "bornRandom":
                                        {
                                            "$type": "BornRandomFromCenter",
                                            "minRandomRange": 1,
                                            "maxRandomRange": 2,
                                        },
                                    },    
                                    "predicates": 
                                    [
                                        {
                                            "$type": "ByTargetGlobalValue",
                                            "target": "Team",
                                            "key": "EnergyBall_CDState",
                                            "value": 0,
                                            "compareType": "NoneOrEqual"
                                        }
                                    ]                                
                                },//生成能量球
                                {
                                    "$type": "FireEffect",
                                    "effectPattern": "Eff_Weapon_ExtraElementBall",
                                    "target": "Self",
                                    "predicates": 
                                    [
                                        {
                                            "$type": "ByTargetGlobalValue",
                                            "target": "Team",
                                            "key": "EnergyBall_CDState",
                                            "value": 0,
                                            "compareType": "NoneOrEqual"
                                        }
                                    ]
                                },
                                {
                                    "$type": "ApplyModifier",
                                    "doAfterDie": true,
                                    "doOffStage": true,
                                    "target": "Team",
                                    "modifierName": "UNIQUE_Activity_ArenaChallenge_ElectricReact_GenerateEnergyBall_CD"
                                }
                            ]
                        }
                    ]
                },
                "UNIQUE_Activity_ArenaChallenge_ElectricReact_GenerateEnergyBall_CD":
                {
                    "isUnique": true,
                    "stacking": "Unique",
                    "duration": "%EnergyBall_CD",
                    "onAdded": 
                    [
                        {
                            "$type": "SetGlobalValue",
                            "target": "Team",
                            "key": "EnergyBall_CDState",
                            "value": -1,
                        },
                    ],
                    "onRemoved": 
                    [
                        {
                            "$type": "SetGlobalValue",
                            "target": "Team",
                            "key": "EnergyBall_CDState",
                            "value": 0,
                        },
                    ]
                }
            },
            "abilitySpecials": 
            {
                "EnergyBall_CD": 0,
            } 
        }
    },
    {//3、触发x次雷元素相关反应
        "Default":
        {
            "$type": "ConfigAbility",
            "abilityName": "ActivityAbility_ArenaChallenge_TriggerReact_Electric",
            "isDynamicAbility": true,   
            "onAdded": 
            [
                {
                    "$type": "AttachModifier",
                    "target": "Self",
                    "modifierName": "UNIQUE_Activity_ArenaChallenge_TriggerReact_Electric"
                }
            ],
            "modifiers": 
            {
                "UNIQUE_Activity_ArenaChallenge_TriggerReact_Electric":
                {
                    "isUnique": true,
                    "stacking": "Unique",
                    "modifierMixins": 
                    [
                        {
                            "$type": "DoActionByElementReactionMixin",
                            "range": 40,
                            "entityTypes": ["Monster"],
                            "reactionTypes": 
                            [
                                "Superconductor",
                                "Explode",
                                "Electric",
                                "SwirlElectric"
                            ],//判断触发元素反应
                            "actions": 
                            [
                                {
                                    "$type": "ServerLuaCall",
                                    "doOffStage": true,
                                    "luaCallType": "CurGalleryControlGroup",
                                    "funcName": "SLC_State_Condition_Complete",
                                    "predicates": 
                                    [
                                        {
                                            "$type": "ByTargetGlobalValue",
                                            "target": "Team",
                                            "key": "ElectricReact_CDState",
                                            "value": 0,
                                            "compareType": "NoneOrEqual"
                                        }
                                    ]
                                },
                                {
                                    "$type": "ApplyModifier",
                                    "doOffStage": true,
                                    "target": "Team",
                                    "modifierName": "UNIQUE_Activity_ArenaChallenge_TriggerReact_Electric_CD",
                                }
                            ]
                        }
                    ]
                },
                "UNIQUE_Activity_ArenaChallenge_TriggerReact_Electric_CD":
                {
                    "isUnique": true,
                    "stacking": "Unique",
                    "duration": "%ElectricReact_CD",
                    "onAdded": 
                    [
                        {
                            "$type": "SetGlobalValue",
                            "target": "Team",
                            "key": "ElectricReact_CDState",
                            "value": -1
                        }
                    ],
                    "onRemoved": 
                    [
                        {
                            "$type": "SetGlobalValue",
                            "target": "Team",
                            "key": "ElectricReact_CDState",
                            "value": 0
                        }
                    ],
                },
            },
            "abilitySpecials": 
            {
                "ElectricReact_CD": 0,
            }
        }
    },
    //////////////////////////
    //Level4
    //////////////////////////
    {//1、触发扩散反应后，队伍中所有角色造成伤害提升{1}%，持续{2}秒
        "Default":
        {
            "$type": "ConfigAbility",
            "abilityName": "ActivityAbility_ArenaChallenge_SwirlReact_DamageUp",
            "isDynamicAbility": true,  
            "onAdded": 
            [
                {
                    "$type": "SetGlobalValue",
                    "target": "Team",
                    "key": "IsTriggerSwirlReact",
                    "value": 0
                },
                {
                    "$type": "SetOverrideMapValue",
                    "overrideMapKey": "DamageUpState",
                    "value": 0,
                },
            ], 
            "onRemoved": 
            [
                {
                    "$type": "RemoveUniqueModifier",
                    "target": "CurTeamAvatars",
                    "modifierName": "UNIQUE_Activity_ArenaChallenge_SwirlReact_DamageUp_Action_DamageUp_LV2",
                },
                {
                    "$type": "RemoveUniqueModifier",
                    "target": "CurTeamAvatars",
                    "modifierName": "UNIQUE_Activity_ArenaChallenge_SwirlReact_DamageUp_Action_DamageUp_LV1",
                },

            ],
            "onAbilityStart": 
            [
                {
                    "$type": "Predicated",
                    "doOffStage": true,
                    "target": "Self",
                    "predicates": 
                    [
                        {
                            "$type": "ByTargetGlobalValue",
                            "target": "Team",
                            "key": "SGV_CHANGE_STAGE",
                            "value": 1,
                            "compareType": "Equal"
                        },
                    ],
                    "successActions": 
                    [
                        {
                            "$type": "RemoveUniqueModifier",
                            "doOffStage": true,
                            "target": "CurTeamAvatars",
                            "modifierName": "UNIQUE_Activity_ArenaChallenge_SwirlReact_DamageUp_Action_DamageUp_LV2"
                        },
                        {
                            "$type": "RemoveUniqueModifier",
                            "doOffStage": true,
                            "target": "CurTeamAvatars",
                            "modifierName": "UNIQUE_Activity_ArenaChallenge_SwirlReact_DamageUp_Action_DamageUp_LV1"
                        },
                        {
                            "$type": "ApplyModifier",
                            "doOffStage": true,
                            "target": "CurTeamAvatars",
                            "modifierName": "UNIQUE_Activity_ArenaChallenge_SwirlReact_DamageUp_Action_DamageUp_LV2"
                        },
                    ],
                },
                {
                    "$type": "Predicated",
                    "doOffStage": true,
                    "target": "Self",
                    "predicates": 
                    [
                        {
                            "$type": "ByTargetGlobalValue",
                            "target": "Team",
                            "key": "SGV_CHANGE_STAGE",
                            "value": 0,
                            "compareType": "NoneOrEqual"
                        },
                    ],
                    "successActions": 
                    [
                        {
                            "$type": "RemoveUniqueModifier",
                            "doOffStage": true,
                            "target": "CurTeamAvatars",
                            "modifierName": "UNIQUE_Activity_ArenaChallenge_SwirlReact_DamageUp_Action_DamageUp_LV2"
                        },
                        {
                            "$type": "RemoveUniqueModifier",
                            "doOffStage": true,
                            "target": "CurTeamAvatars",
                            "modifierName": "UNIQUE_Activity_ArenaChallenge_SwirlReact_DamageUp_Action_DamageUp_LV1"
                        },
                        {
                            "$type": "ApplyModifier",
                            "doOffStage": true,
                            "target": "CurTeamAvatars",
                            "modifierName": "UNIQUE_Activity_ArenaChallenge_SwirlReact_DamageUp_Action_DamageUp_LV1"
                        },
                    ],
                }
            ],
            "abilityMixins": 
            [
                {
                    "$type": "LocalAvatarsMixin",
                    "modifierName": "UNIQUE_Activity_ArenaChallenge_SwirlReact_DamageUp_Decision_SwirlReact"
                },
                {
                    "$type": "AttachModifierToGlobalValueMixin",
                    "globalValueTarget": "Team",
                    "globalValueKey": "IsTriggerSwirlReact",
                    "valueSteps": [0.5,1.5],
                    "modifierNameSteps": ["UNIQUE_Activity_ArenaChallenge_SwirlReact_DamageUp_Action_Timer_Handler"]
                }
            ],
            "modifiers": 
            {
                "UNIQUE_Activity_ArenaChallenge_SwirlReact_DamageUp_Decision_SwirlReact":
                {
                    "isUnique": true,
                    "stacking": "Unique",
                    "onAdded": 
                    [
                        {
                            "$type": "TriggerAbility",
                            "target": "Team",
                            "doOffStage": true,
                            "abilityName": "ActivityAbility_ArenaChallenge_SwirlReact_DamageUp",
                        }
                    ],
                    "modifierMixins": 
                    [
                        {
                            "$type": "DoActionByElementReactionMixin",
                            "range": 40,
                            "entityTypes": ["Monster"],
                            "reactionTypes": 
                            [
                                "SwirlFire",
                                "SwirlIce",
                                "SwirlWater",
                                "SwirlElectric",
                            ],
                            "actions": 
                            [
                                {
                                    "$type": "SetGlobalValue",
                                    "target": "Team",
                                    "doOffStage": true,
                                    "key": "IsTriggerSwirlReact",
                                    "value": 1
                                },
                            ]
                        }
                    ]
                },
                "UNIQUE_Activity_ArenaChallenge_SwirlReact_DamageUp_Action_Timer_Handler":
                {
                    "isUnique": true,
                    "stacking": "Unique",
                    "duration": 0.1,
                    "onAdded": 
                    [
                        {
                            "$type": "ApplyModifier",
                            "target": "Team",
                            "modifierName": "UNIQUE_Activity_ArenaChallenge_SwirlReact_DamageUp_Action_Timer"
                        },
                       
                    ],
                    "onRemoved": 
                    [
                        {
                            "$type": "SetGlobalValue",
                            "target": "Team",
                            "key": "IsTriggerSwirlReact",
                            "value": 0
                        },
                    ]
                },
                "UNIQUE_Activity_ArenaChallenge_SwirlReact_DamageUp_Action_Timer":
                {
                    "isUnique": true,
                    "stacking": "Refresh",
                    "duration": "%DamageUpDuration",
                    "onAdded": 
                    [
                        {
                            "$type": "SetOverrideMapValue",
                            "overrideMapKey": "DamageUpState",
                            "value": 1,
                        },
                        {
                            "$type": "TriggerAbility",
                            "target": "Team",
                            "abilityName": "ActivityAbility_ArenaChallenge_SwirlReact_DamageUp"
                        }
                    ],
                    "onRemoved": 
                    [
                        {
                            "$type": "SetOverrideMapValue",
                            "overrideMapKey": "DamageUpState",
                            "value": 0,
                        },
                        {
                            "$type": "TriggerAbility",
                            "target": "Team",
                            "abilityName": "ActivityAbility_ArenaChallenge_SwirlReact_DamageUp"
                        },
                    ]
                },
                "UNIQUE_Activity_ArenaChallenge_SwirlReact_DamageUp_Action_DamageUp_LV1":
                {
                    "isUnique": true,
                    "stacking": "Unique",
                    "modifierMixins": 
                    [
                        {
                            "$type": "ModifyDamageMixin",
                            "ignoreEventInfo": true,
                            "damagePercentageRatio": "%DamageUpRatio*%DamageUpState"
                        }
                    ],
                },
                "UNIQUE_Activity_ArenaChallenge_SwirlReact_DamageUp_Action_DamageUp_LV2":
                {
                    "isUnique": true,
                    "stacking": "Unique",
                    "modifierMixins": 
                    [
                        {
                            "$type": "ModifyDamageMixin",
                            "ignoreEventInfo": true,
                            "damagePercentageRatio": "%DamageUpRatio_LV2*%DamageUpState"
                        }
                    ],
                }
            },
            "abilitySpecials": 
            {
                "DamageUpDuration": 0,
                "DamageUpRatio": 0,
                "DamageUpRatio_LV2": 0,
                "DamageUpState": 0,
            }
        }
    },
    {//2、触发扩散反应时，获得{1}点能量的能量球，{2}秒触发一次
        "Default":
        {
          "$type": "ConfigAbility",
          "abilityName": "ActivityAbility_ArenaChallenge_SwirlReact_GenerateEnergyBall",
          "isDynamicAbility": true,   
          "abilityMixins": 
          [
              {
                  "$type": "AttachModifierToGlobalValueMixin",
                  "globalValueTarget": "Team",
                  "globalValueKey": "SGV_CHANGE_STAGE",
                  "valueSteps": [0.5,1.5],
                  "modifierNameSteps": ["UNIQUE_Activity_ArenaChallenge_SwirlReact_GenerateEnergyBall"],
              },
          ],
          "modifiers": 
          {
              "UNIQUE_Activity_ArenaChallenge_SwirlReact_GenerateEnergyBall":
              {
                  "isUnique": true,
                  "stacking": "Unique",
                  "modifierMixins": 
                  [
                      {
                          "$type": "DoActionByElementReactionMixin",
                          "range": 40,
                          "entityTypes": ["Monster"],
                          "reactionTypes": 
                          [
                              "SwirlFire",
                              "SwirlElectric",
                              "SwirlWater",
                              "SwirlIce"
                          ],
                          "actions": 
                          [
                              {
                                  "$type": "GenerateElemBall",
                                  "doOffStage": true,
                                  "target":"CurLocalAvatar",
                                  "configID": 2024,//原子能量球（全）
                                  "baseEnergy": 6,
                                  "ratio": 1,
                                  "born":
                                  {
                                      "$type": "ConfigBornByTarget",
                                      "offset": 
                                      {
                                          "x": 0.0,
                                          "y": 0.0,
                                          "z": -0.5,
                                      },
                                      "bornRandom":
                                      {
                                          "$type": "BornRandomFromCenter",
                                          "minRandomRange": 1,
                                          "maxRandomRange": 2,
                                      },
                                  },    
                                  "predicates": 
                                  [
                                      {
                                          "$type": "ByTargetGlobalValue",
                                          "target": "Team",
                                          "key": "EnergyBall_CDState",
                                          "value": 0,
                                          "compareType": "NoneOrEqual"
                                      }
                                  ]                                
                              },//生成能量球
                              {
                                  "$type": "FireEffect",
                                  "effectPattern": "Eff_Weapon_ExtraElementBall",
                                  "target": "Self",
                                  "predicates": 
                                  [
                                      {
                                          "$type": "ByTargetGlobalValue",
                                          "target": "Team",
                                          "key": "EnergyBall_CDState",
                                          "value": 0,
                                          "compareType": "NoneOrEqual"
                                      }
                                  ]     
                              },
                              {
                                  "$type": "ApplyModifier",
                                  "doAfterDie": true,
                                  "doOffStage": true,
                                  "target": "Team",
                                  "modifierName": "UNIQUE_Activity_ArenaChallenge_SwirlReact_GenerateEnergyBall_CD"
                              }
                          ]
                      }
                  ]
              },
              "UNIQUE_Activity_ArenaChallenge_SwirlReact_GenerateEnergyBall_CD":
              {
                  "isUnique": true,
                  "stacking": "Unique",
                  "duration": "%EnergyBall_CD",
                  "onAdded": 
                  [
                      {
                          "$type": "SetGlobalValue",
                          "target": "Team",
                          "key": "EnergyBall_CDState",
                          "value": -1,
                      },
                  ],
                  "onRemoved": 
                  [
                      {
                          "$type": "SetGlobalValue",
                          "target": "Team",
                          "key": "EnergyBall_CDState",
                          "value": 0,
                      },
                  ]
              }
          },
          "abilitySpecials": 
          {
              "EnergyBall_CD": 0,
          } 
        }
    },
    {//3、触发x次扩散反应
        "Default":
        {
            "$type": "ConfigAbility",
            "abilityName": "ActivityAbility_ArenaChallenge_TriggerReact_Swirl",
            "isDynamicAbility": true,   
            "onAdded": 
            [
                {
                    "$type": "AttachModifier",
                    "target": "Self",
                    "modifierName": "UNIQUE_Activity_ArenaChallenge_TriggerReact_Swirl"
                }
            ],
            "modifiers": 
            {
                "UNIQUE_Activity_ArenaChallenge_TriggerReact_Swirl":
                {
                    "isUnique": true,
                    "stacking": "Unique",
                    "modifierMixins": 
                    [
                        {
                            "$type": "DoActionByElementReactionMixin",
                            "range": 40,
                            "entityTypes": ["Monster"],
                            "reactionTypes": 
                            [
                                "SwirlElectric",
                                "SwirlFire",
                                "SwirlIce",
                                "SwirlWater",
                            ],//判断触发元素反应
                            "actions": 
                            [
                                {
                                    "$type": "ServerLuaCall",
                                    "doOffStage": true,
                                    "luaCallType": "CurGalleryControlGroup",
                                    "funcName": "SLC_State_Condition_Complete",
                                    "predicates": 
                                    [
                                        {
                                            "$type": "ByTargetGlobalValue",
                                            "target": "Team",
                                            "key": "SwirlReact_CDState",
                                            "value": 0,
                                            "compareType": "NoneOrEqual"
                                        }
                                    ]
                                },
                                {
                                    "$type": "ApplyModifier",
                                    "doOffStage": true,
                                    "target": "Team",
                                    "modifierName": "UNIQUE_Activity_ArenaChallenge_TriggerReact_SwirlReact_CD"
                                }
                                
                            ]
                        }
                    ]
                },
                "UNIQUE_Activity_ArenaChallenge_TriggerReact_SwirlReact_CD":
                {
                    "isUnique": true,
                    "stacking": "Unique",
                    "duration": "%SwirlReact_CD",
                    "onAdded": 
                    [
                        {
                            "$type": "SetGlobalValue",
                            "target": "Team",
                            "key": "SwirlReact_CDState",
                            "value": -1
                        }
                    ],
                    "onRemoved": 
                    [
                        {
                            "$type": "SetGlobalValue",
                            "target": "Team",
                            "key": "SwirlReact_CDState",
                            "value": 0
                        }
                    ]
                }
            },
            "abilitySpecials": 
            {
                "SwirlReact_CD": 0,
            }
        }
    },
    //////////////////////////
    //Level5
    //////////////////////////
    {//1、大剑角色造成伤害提升{1}%
        "Default":
        {
            "$type": "ConfigAbility",
            "abilityName": "ActivityAbility_ArenaChallenge_Claymore_DamageUp",
            "isDynamicAbility": true,   
            "abilityMixins": 
            [
                {
                    "$type": "AttachModifierToPredicateMixin",
                    "modifierName": "UNIQUE_Activity_ArenaChallenge_Claymore_DamageUp",
                    "predicates": 
                    [
                        {
                            "$type": "ByAvatarWeaponType",
                            "target": "Self",
                            "weaponTypes": ["WEAPON_CLAYMORE"]
                        }
                    ]
                }
            ],
            "modifiers": 
            {
                "UNIQUE_Activity_ArenaChallenge_Claymore_DamageUp":
                {
                    "isUnique": true,
                    "stacking": "Unique",
                    "modifierMixins": 
                    [
                        {
                            "$type": "ModifyDamageMixin",
                            "ignoreEventInfo": true,
                            "damagePercentageRatio": "%ClaymoreDamageUpRatio",
                        }
                    ]
                }
            },
            "abilitySpecials": 
            {
                "ClaymoreDamageUpRatio": 0
            }
        }
    },
    {//2、大剑角色普攻攻速提升{1}%
        "Default":
        {
            "$type": "ConfigAbility",
            "abilityName": "ActivityAbility_ArenaChallenge_Claymore_AtkSpeedUp",
            "isDynamicAbility": true,   
            "abilityMixins": 
            [
                {
                    "$type": "AttachModifierToGlobalValueMixin",
                    "globalValueTarget": "Team",
                    "globalValueKey": "SGV_CHANGE_STAGE",
                    "valueSteps": [0.5,1.5],
                    "modifierNameSteps": ["UNIQUE_Activity_ArenaChallenge_Claymore_AtkSpeedUp_Decision_WeaponType"],
                },
            ],
            "modifiers": 
            {
                "UNIQUE_Activity_ArenaChallenge_Claymore_AtkSpeedUp_Decision_WeaponType":
                {
                    "isUnique": true,
                    "stacking": "Unique",
                    "modifierMixins": 
                    [
                        {
                            "$type": "AttachModifierToPredicateMixin",
                            "modifierName": "UNIQUE_Activity_ArenaChallenge_Claymore_AtkSpeedUp",
                            "predicates": 
                            [
                                {
                                    "$type": "ByAvatarWeaponType",
                                    "target": "Self",
                                    "weaponTypes": ["WEAPON_CLAYMORE"]
                                }
                            ]
                        }
                    ]
                },
                "UNIQUE_Activity_ArenaChallenge_Claymore_AtkSpeedUp":
                {
                    "isUnique": true,
                    "stacking": "Unique",
                    "properties": 
                    {
                        "Animator_AttackSpeedRatio": "%AtkSpeedUpRatio"
                    }
                }
            },
            "abilitySpecials": 
            {
                "AtkSpeedUpRatio": 0,
            }
        }
    },
    {//3、大剑角色普攻/重击/下落攻击造成x次伤害
        "Default":
        {
            "$type": "ConfigAbility",
            "abilityName": "ActivityAbility_ArenaChallenge_Claymore_AtkLand",
            "isDynamicAbility": true,
            "onAdded": 
            [
                // {
                //     "$type": "AttachModifier",
                //     "target": "Self",
                //     "modifierName": "UNIQUE_Activity_ArenaChallenge_Claymore_AtkLand"
                // }
            ],
            "abilityMixins": 
            [
                {
                    "$type": "AttachModifierToPredicateMixin",
                    "modifierName": "UNIQUE_Activity_ArenaChallenge_Claymore_AtkLand",
                    "predicates": 
                    [
                        {
                            "$type": "ByAvatarWeaponType",
                            "target": "Self",
                            "weaponTypes": ["WEAPON_CLAYMORE"]
                        }
                    ]
                }
            ],
            "modifiers": 
            {
                "UNIQUE_Activity_ArenaChallenge_Claymore_AtkLand":
                {
                    "isUnique": true,
                    "stacking": "Unique",
                    "onAttackLanded": 
                    [
                        {
                            "$type": "Predicated",
                            "target": "Other",
                            "doOffStage": true,
                            "targetPredicates": 
                            [
                                // {
                                //     "$type": "ByAttackTags",
                                //     "target": "Self",
                                //     "attackTags": 
                                //     [
                                //         "NormalAttack_01",
                                //         "NormalAttack_02",
                                //         "NormalAttack_03",
                                //         "NormalAttack_04",
                                //         "NormalAttack_05",
                                //         "NormalAttack_06",
                                        
                                //         "ExtraAttack",
                                //         "ExtraAttack1",
                                //         "ExtraAttack2",
                                //         "ExtraAttack3",
                                //         "ExtraAttack_BS",
                                //         "ExtraAttack_Charge",

                                //         "FallingAttack"
                                //     ]
                                // },//判断攻击类型
                                {
                                    "$type": "ByHitDamage",
                                    "target": "Target",
                                    "damage": 0,
                                    "logic": "Greater"
                                },//判断伤害是否大于0
                                {
                                    "$type": "ByTargetGlobalValue",
                                    "target": "Team",
                                    "key": "Claymore_AtkLand_CDState",
                                    "value": 0,
                                    "compareType": "NoneOrEqual",
                                }//判断CD是否结束
                            ],
                            "successActions": 
                            [
                                {
                                    "$type": "ServerLuaCall",
                                    "doOffStage": true,
                                    "luaCallType": "CurGalleryControlGroup",
                                    "funcName": "SLC_State_Condition_Complete"
                                },
                                {
                                    "$type": "ApplyModifier",
                                    "doOffStage": true,
                                    "target": "Team",
                                    "modifierName": "UNIQUE_Activity_ArenaChallenge_Claymore_AtkLand_CD"
                                },
                            ]
                        },
                    ]
                },
                "UNIQUE_Activity_ArenaChallenge_Claymore_AtkLand_CD":
                {
                    "isUnique": true,
                    "stacking": "Unique",
                    "duration": "%Claymore_AtkLand_CD",
                    "onAdded": 
                    [
                        {
                            "$type": "SetGlobalValue",
                            "target": "Team",
                            "key": "Claymore_AtkLand_CDState",
                            "value": -1
                        }
                    ],
                    "onRemoved": 
                    [
                        {
                            "$type": "SetGlobalValue",
                            "target": "Team",
                            "key": "Claymore_AtkLand_CDState",
                            "value": 0
                        }
                    ]
                }
            },
            "abilitySpecials": 
            {
                "Claymore_AtkLand_CD": 0,
            }
        }
    },
    //////////////////////////
    //Level6
    //////////////////////////
    {//1、普攻造成伤害提升{1}%
        "Default":
        {
            "$type": "ConfigAbility",
            "abilityName": "ActivityAbility_ArenaChallenge_NormalAtkDamageUp",
            "isDynamicAbility": true,
            // "onAdded": 
            // [
            //     {
            //         "$type": "AttachModifier",
            //         "target": "Self",
            //         "modifierName": "UNIQUE_ActivityAbility_ArenaChallenge_NormalAtkDamageUp"
            //     }
            // ],
            "abilityMixins": 
            [
                {
                    "$type": "AttachModifierToGlobalValueMixin",
                    "globalValueTarget": "Team",
                    "globalValueKey": "SGV_CHANGE_STAGE",
                    "valueSteps": [-0.5,0.5,1.5],
                    "modifierNameSteps": ["UNIQUE_ActivityAbility_ArenaChallenge_NormalAtkDamageUp_LV1","UNIQUE_ActivityAbility_ArenaChallenge_NormalAtkDamageUp_LV2"],
                },
            ],
            "modifiers": 
            {
                "UNIQUE_ActivityAbility_ArenaChallenge_NormalAtkDamageUp_LV1":
                {
                    "isUnique": true,
                    "stacking": "Unique",
                    "modifierMixins": 
                    [
                        {
                            "$type": "ModifyDamageMixin",
                            "attackTags": 
                            [
                                "NormalAttack_01",
                                "NormalAttack_02",
                                "NormalAttack_03",
                                "NormalAttack_04",
                                "NormalAttack_05",
                                "NormalAttack_06",
                            ],
                            "damagePercentageRatio": "%NormalAtkDamageUpRatio",
                        }
                    ]
                },
                "UNIQUE_ActivityAbility_ArenaChallenge_NormalAtkDamageUp_LV2":
                {
                    "isUnique": true,
                    "stacking": "Unique",
                    "modifierMixins": 
                    [
                        {
                            "$type": "ModifyDamageMixin",
                            "attackTags": 
                            [
                                "NormalAttack_01",
                                "NormalAttack_02",
                                "NormalAttack_03",
                                "NormalAttack_04",
                                "NormalAttack_05",
                                "NormalAttack_06",
                            ],
                            "damagePercentageRatio": "%NormalAtkDamageUpRatio_LV2",
                        }
                    ]
                }
            },
            "abilitySpecials": 
            {
                "NormalAtkDamageUpRatio": 0,
                "NormalAtkDamageUpRatio_LV2": 0,
            }
        }
    },
    {//2、当前场上角色普攻造成伤害时，为队伍中其他角色恢复x点元素能量，x秒触发一次
        "Default":
        {
            "$type": "ConfigAbility",
            "abilityName": "ActivityAbility_ArenaChallenge_NormalAttackLand_ReviveEnergy",
            "isDynamicAbility": true,   
            "abilityMixins": 
            [
                {
                    "$type": "AttachModifierToGlobalValueMixin",
                    "globalValueTarget": "Team",
                    "globalValueKey": "SGV_CHANGE_STAGE",
                    "valueSteps": [0.5,1.5],
                    "modifierNameSteps": ["UNIQUE_Activity_ArenaChallenge_NormalAttackLand_ReviveEnergy"],
                },
            ],
            "modifiers": 
            {
                "UNIQUE_Activity_ArenaChallenge_NormalAttackLand_ReviveEnergy":
                {
                    "isUnique": true,
                    "stacking": "Unique",
                    "onAttackLanded": 
                    [
                        {
                            "$type": "Predicated",
                            "target": "Other",
                            "targetPredicates": 
                            [
                                {
                                    "$type": "ByAttackTags",
                                    "target": "Self",
                                    "attackTags": 
                                    [
                                        "NormalAttack_01",
                                        "NormalAttack_02",
                                        "NormalAttack_03",
                                        "NormalAttack_04",
                                        "NormalAttack_05",
                                        "NormalAttack_06"
                                    ]
                                },//判断攻击类型
                                {
                                    "$type": "ByHitDamage",
                                    "target": "Target",
                                    "damage": 0,
                                    "logic": "Greater"
                                },//判断伤害是否大于0
                                {
                                    "$type": "ByTargetGlobalValue",
                                    "target": "Team",
                                    "key": "ReviveEnergyCDState",
                                    "value": 0,
                                    "compareType": "NoneOrEqual",
                                }//判断CD是否结束
                            ],
                            "successActions": 
                            [
                                {
                                    "$type": "ReviveElemEnergy",
                                    "target": "AllPlayerAvatars",
                                    "value": "%ReviveEnergyAmount",
                                    "predicatesForeach": 
                                    [
                                        {
                                            "$type": "ByTargetType",
                                            "targetType": "Caster",
                                            "isTarget": false,
                                        }
                                    ]
                                },
                                {
                                    "$type": "ApplyModifier",
                                    "target": "Team",
                                    "modifierName": "UNIQUE_Activity_ArenaChallenge_NormalAttackLand_ReviveEnergy_CD"
                                },
                            ]
                        },
                    ]
                },
                "UNIQUE_Activity_ArenaChallenge_NormalAttackLand_ReviveEnergy_CD":
                {
                    "isUnique": true,
                    "stacking": "Unique",
                    "duration": "%ReviveEnergyCD",
                    "onAdded": 
                    [
                        {
                            "$type": "SetGlobalValue",
                            "target": "Team",
                            "key": "ReviveEnergyCDState",
                            "value": -1
                        }
                    ],
                    "onRemoved": 
                    [
                        {
                            "$type": "SetGlobalValue",
                            "target": "Team",
                            "key": "ReviveEnergyCDState",
                            "value": 0
                        }
                    ]
                }
            },
            "abilitySpecials": 
            {
                "ReviveEnergyAmount": 0,
                "ReviveEnergyCD": 0,
            }
        }
    },
    {//3、普攻造成x次伤害
        "Default":
        {
            "$type": "ConfigAbility",
            "abilityName": "ActivityAbility_ArenaChallenge_NormalAtkDamageLand",
            "isDynamicAbility": true,
            "onAdded": 
            [
                {
                    "$type": "AttachModifier",
                    "target": "Self",
                    "modifierName": "UNIQUE_ActivityAbility_ArenaChallenge_NormalAtkDamageLand"
                }
            ],
            "modifiers": 
            {
                "UNIQUE_ActivityAbility_ArenaChallenge_NormalAtkDamageLand":
                {
                    "isUnique": true,
                    "stacking": "Unique",
                    "onAttackLanded": 
                    [
                        {
                            "$type": "Predicated",
                            "target": "Other",
                            "targetPredicates": 
                            [
                                {
                                    "$type": "ByAttackTags",
                                    "target": "Self",
                                    "attackTags": 
                                    [
                                        "NormalAttack_01",
                                        "NormalAttack_02",
                                        "NormalAttack_03",
                                        "NormalAttack_04",
                                        "NormalAttack_05",
                                        "NormalAttack_06"
                                    ]
                                },//判断攻击类型
                                {
                                    "$type": "ByHitDamage",
                                    "target": "Target",
                                    "damage": 0,
                                    "logic": "Greater"
                                },//判断伤害是否大于0
                                {
                                    "$type": "ByTargetGlobalValue",
                                    "target": "Team",
                                    "key": "NormalAttackLand_CDState",
                                    "value": 0,
                                    "compareType": "NoneOrEqual",
                                }//判断CD是否结束
                            ],
                            "successActions": 
                            [
                                {
                                    "$type": "ServerLuaCall",
                                    "luaCallType": "CurGalleryControlGroup",
                                    "funcName": "SLC_State_Condition_Complete"
                                },
                                {
                                    "$type": "ApplyModifier",
                                    "target": "Team",
                                    "modifierName": "UNIQUE_Activity_ArenaChallenge_NormalAttackLand_CD"
                                },
                            ]
                        },
                    ]
                },
                "UNIQUE_Activity_ArenaChallenge_NormalAttackLand_CD":
                {
                    "isUnique": true,
                    "stacking": "Unique",
                    "duration": "%NormalAttackLand_CD",
                    "onAdded": 
                    [
                        {
                            "$type": "SetGlobalValue",
                            "target": "Team",
                            "key": "NormalAttackLand_CDState",
                            "value": -1
                        }
                    ],
                    "onRemoved": 
                    [
                        {
                            "$type": "SetGlobalValue",
                            "target": "Team",
                            "key": "NormalAttackLand_CDState",
                            "value": 0
                        }
                    ]
                }
            },
            "abilitySpecials": 
            {
                "NormalAttackLand_CD": 0,
            }
        }
    },
    //////////////////////////
    //Level7
    //////////////////////////
    {//1、对冻结目标造成伤害提升{1}%
        "Default":
        {
            "$type": "ConfigAbility",
            "abilityName": "ActivityAbility_ArenaChallenge_HitFrozenTarget_DamageUp",
            "isDynamicAbility": true,   
            "onAdded": 
            [
                {
                    "$type": "AttachModifier",
                    "target": "Self",
                    "modifierName": "UNIQUE_Activity_ArenaChallenge_HitFrozenTarget_DamageUp"
                }
            ],
            "modifiers": 
            {
                "UNIQUE_Activity_ArenaChallenge_HitFrozenTarget_DamageUp":
                {
                    "isUnique": true,
                    "stacking": "Unique",
                    "isLimitedProperties": true,
                    "modifierMixins": 
                    [
                        {
                            "$type": "ModifyDamageMixin",
                            "ignoreEventInfo": true,//不筛选攻击类型，所有攻击类型攻击力都获得加成
                            "damagePercentageRatio": "%DamageUpRate_Frozen",
                            "predicates": 
                            [
                                {
                                    "$type": "ByHasAbilityState",
                                    "target": "Target",
                                    "abilityState": "ElementFrozen",
                                }
                            ]
                        }
                    ]
                }
            },
            "abilitySpecials": 
            {
                "DamageUpRate_Frozen": 0,
            }
        }
    },
    {//2、触发冻结反应时使敌人防御力降低{1}%，持续{2}秒
        "Default":
        {
            "$type": "ConfigAbility",
            "abilityName": "ActivityAbility_ArenaChallenge_FrozenReact_DefenceDown",
            "isDynamicAbility": true,   
            "abilityMixins": 
            [
                {
                    "$type": "AttachModifierToGlobalValueMixin",
                    "globalValueTarget": "Team",
                    "globalValueKey": "SGV_CHANGE_STAGE",
                    "valueSteps": [0.5,1.5],
                    "modifierNameSteps": ["UNIQUE_Activity_ArenaChallenge_FrozenReact_DefenceDown_Decision_FrozenReact"],
                },
            ],
            "modifiers": 
            {
                "UNIQUE_Activity_ArenaChallenge_FrozenReact_DefenceDown_Decision_FrozenReact":
                {
                    "isUnique": true,
                    "stacking": "Unique",
                    "modifierMixins": 
                    [
                        {
                            "$type": "DoActionByElementReactionMixin",
                            "entityTypes": ["Monster"],
                            "reactionTypes": ["Freeze"],
                            "range": 40,
                            "actions": 
                            [
                                {
                                    "$type": "ApplyModifier",
                                    "target": "Other",
                                    "doOffStage": true,
                                    "doAfterDie": true,
                                    "modifierName": "UNIQUE_Activity_ArenaChallenge_FrozenReact_DefenceDown"
                                }
                            ]
                        }
                    ]
                },
                "UNIQUE_Activity_ArenaChallenge_FrozenReact_DefenceDown":
                {
                    "isUnique": true,
                    "stacking": "Unique",
                    "duration": "%FrozenDuration",
                    "state": "DefenseDown",
                    "isLimitedProperties": true,
                    "properties": 
                    {
                        "Actor_DefenceRatio": "-1*%FrozenDefenceDownRate"
                    }

                }
            },
            "abilitySpecials": 
            {
                "FrozenDefenceDownRate": 0,
                "FrozenDuration": 0
            }
        }
    },
    {//3、触发x次冻结反应
        "Default":
        {
            "$type": "ConfigAbility",
            "abilityName": "ActivityAbility_ArenaChallenge_TriggerReact_Freeze",
            "isDynamicAbility": true,   
            "onAdded": 
            [
                {
                    "$type": "AttachModifier",
                    "target": "Self",
                    "modifierName": "UNIQUE_Activity_ArenaChallenge_TriggerReact_Freeze"
                }
            ],
            "modifiers": 
            {
                "UNIQUE_Activity_ArenaChallenge_TriggerReact_Freeze":
                {
                    "isUnique": true,
                    "stacking": "Unique",
                    "modifierMixins": 
                    [
                        {
                            "$type": "DoActionByElementReactionMixin",
                            "range": 40,
                            "entityTypes": ["Monster"],
                            "reactionTypes": 
                            [
                                "Freeze"
                            ],//判断触发元素反应
                            "actions": 
                            [
                                {
                                    "$type": "ServerLuaCall",
                                    "doOffStage": true,
                                    "luaCallType": "CurGalleryControlGroup",
                                    "funcName": "SLC_State_Condition_Complete",
                                    "predicates": 
                                    [
                                        {
                                            "$type": "ByTargetGlobalValue",
                                            "target": "Team",
                                            "key": "Freeze_CDState",
                                            "value": 0,
                                            "compareType": "NoneOrEqual"
                                        }
                                    ]
                                },
                                {
                                    "$type": "ApplyModifier",
                                    "doOffStage": true,
                                    "target": "Team",
                                    "modifierName": "UNIQUE_Activity_ArenaChallenge_TriggerReact_Freeze_CD"
                                }
                            ]
                        }
                    ]
                },
                "UNIQUE_Activity_ArenaChallenge_TriggerReact_Freeze_CD":
                {
                    "isUnique": true,
                    "stacking": "Unique",
                    "duration": "%Freeze_CD",
                    "onAdded": 
                    [
                        {
                            "$type": "SetGlobalValue",
                            "target": "Team",
                            "key": "Freeze_CDState",
                            "value": -1
                        }
                    ],
                    "onRemoved": 
                    [
                        {
                            "$type": "SetGlobalValue",
                            "target": "Team",
                            "key": "Freeze_CDState",
                            "value": 0
                        }
                    ]
                }

            },
            "abilitySpecials": 
            {
                "Freeze_CD": 0,
            }
        }
    },
]