[
    {
        "Default":
        {
            "$type": "ConfigAbility",
            "abilityName": "ActivityAbility_InstableSpray_TestAbility",
            "isDynamicAbility": true,   
            "onAdded": 
            [
                
                
            ],
            "modifiers": 
            {
                
            }
        }
    },
    //
    {//火元素伤害提升
        "Default":
        {
            "$type": "ConfigAbility",
            "abilityName": "ActivityAbility_InstableSpray_FireDamageUp",
            "isDynamicAbility": true,   
            "abilityMixins": 
            [
                {
                    "$type": "CurLocalAvatarMixinV2",
                    "modifierName": "UNIQUE_Activity_InstableSpray_FireDamageUp_Handler"
                }
            ],
            "modifiers":
            {
                "UNIQUE_Activity_InstableSpray_FireDamageUp_Handler":
                {
                    "isUnique": true,
                    "stacking": "Unique",
                    "modifierMixins": 
                    [
                        {
                            "$type": "AttachModifierToGlobalValueMixin",
                            "globalValueTarget": "Team",
                            "globalValueKey": "SGV_FIRE_BUFF",
                            "valueSteps": [0.5,1.5],
                            "modifierNameSteps": ["UNIQUE_Activity_InstableSpray_FireDamageUp"]
                        }
                    ]
                },
                "UNIQUE_Activity_InstableSpray_FireDamageUp":
                {
                    "isUnique": true,
                    "stacking": "Unique",
                    "properties": 
                    {
                        "Actor_FireAddHurtDelta": "%FireDamageUp",
                    }
                }
            },
            "abilitySpecials": 
            {
                "FireDamageUp": 0,
            }
        }
    },
    {//草元素伤害提升
        "Default":
        {
            "$type": "ConfigAbility",
            "abilityName": "ActivityAbility_InstableSpray_GrassDamageUp",
            "isDynamicAbility": true,   
            "abilityMixins": 
            [
                {
                    "$type": "CurLocalAvatarMixinV2",
                    "modifierName": "UNIQUE_Activity_InstableSpray_GrassDamageUp_Handler"
                }
            ],
            "modifiers":
            {
                "UNIQUE_Activity_InstableSpray_GrassDamageUp_Handler":
                {
                    "isUnique": true,
                    "stacking": "Unique",
                    "modifierMixins": 
                    [
                        {
                            "$type": "AttachModifierToGlobalValueMixin",
                            "globalValueTarget": "Team",
                            "globalValueKey": "SGV_GRASS_BUFF",
                            "valueSteps": [0.5,1.5],
                            "modifierNameSteps": ["UNIQUE_Activity_InstableSpray_GrassDamageUp"]
                        }
                    ]
                },
                "UNIQUE_Activity_InstableSpray_GrassDamageUp":
                {
                    "isUnique": true,
                    "stacking": "Unique",
                    "properties": 
                    {
                        "Actor_GrassAddHurtDelta": "%GrassDamageUp",
                    }
                }
            },
            "abilitySpecials": 
            {
                "GrassDamageUp": 0,
            }   
        }
    },
    {//雷元素伤害提升
        "Default":
        {
            "$type": "ConfigAbility",
            "abilityName": "ActivityAbility_InstableSpray_ElecDamageUp",
            "isDynamicAbility": true,   
            "abilityMixins": 
            [
                {
                    "$type": "CurLocalAvatarMixinV2",
                    "modifierName": "UNIQUE_Activity_InstableSpray_ElecDamageUp_Handler"
                }
            ],
            "modifiers":
            {
                "UNIQUE_Activity_InstableSpray_ElecDamageUp_Handler":
                {
                    "isUnique": true,
                    "stacking": "Unique",
                    "modifierMixins": 
                    [
                        {
                            "$type": "AttachModifierToGlobalValueMixin",
                            "globalValueTarget": "Team",
                            "globalValueKey": "SGV_ELEC_BUFF",
                            "valueSteps": [0.5,1.5],
                            "modifierNameSteps": ["UNIQUE_Activity_InstableSpray_ElecDamageUp"]
                        }
                    ]
                },
                "UNIQUE_Activity_InstableSpray_ElecDamageUp":
                {
                    "isUnique": true,
                    "stacking": "Unique",
                    "properties": 
                    {
                        "Actor_ElecAddHurtDelta": "%ElecDamageUp",
                    }
                }
            },
            "abilitySpecials": 
            {
                "ElecDamageUp": 0,
            }     
        }
    },
    {//水元素伤害提升
        "Default":
        {
            "$type": "ConfigAbility",
            "abilityName": "ActivityAbility_InstableSpray_WaterDamageUp",
            "isDynamicAbility": true,   
            "abilityMixins": 
            [
                {
                    "$type": "CurLocalAvatarMixinV2",
                    "modifierName": "UNIQUE_Activity_InstableSpray_WaterDamageUp_Handler"
                }
            ],
            "modifiers":
            {
                "UNIQUE_Activity_InstableSpray_WaterDamageUp_Handler":
                {
                    "isUnique": true,
                    "stacking": "Unique",
                    "modifierMixins": 
                    [
                        {
                            "$type": "AttachModifierToGlobalValueMixin",
                            "globalValueTarget": "Team",
                            "globalValueKey": "SGV_WATER_BUFF",
                            "valueSteps": [0.5,1.5],
                            "modifierNameSteps": ["UNIQUE_Activity_InstableSpray_WaterDamageUp"]
                        }
                    ]
                },
                "UNIQUE_Activity_InstableSpray_WaterDamageUp":
                {
                    "isUnique": true,
                    "stacking": "Unique",
                    "properties": 
                    {
                        "Actor_WaterAddHurtDelta": "%WaterDamageUp",
                    }
                }
            },
            "abilitySpecials": 
            {
                "WaterDamageUp": 0,
            }    
        }
    },
    {//冰元素伤害提升
        "Default":
        {
            "$type": "ConfigAbility",
            "abilityName": "ActivityAbility_InstableSpray_IceDamageUp",
            "isDynamicAbility": true,   
            "abilityMixins": 
            [
                {
                    "$type": "CurLocalAvatarMixinV2",
                    "modifierName": "UNIQUE_Activity_InstableSpray_IceDamageUp_Handler"
                }
            ],
            "modifiers":
            {
                "UNIQUE_Activity_InstableSpray_IceDamageUp_Handler":
                {
                    "isUnique": true,
                    "stacking": "Unique",
                    "modifierMixins": 
                    [
                        {
                            "$type": "AttachModifierToGlobalValueMixin",
                            "globalValueTarget": "Team",
                            "globalValueKey": "SGV_ICE_BUFF",
                            "valueSteps": [0.5,1.5],
                            "modifierNameSteps": ["UNIQUE_Activity_InstableSpray_IceDamageUp"]
                        }
                    ]
                },
                "UNIQUE_Activity_InstableSpray_IceDamageUp":
                {
                    "isUnique": true,
                    "stacking": "Unique",
                    "properties": 
                    {
                        "Actor_IceAddHurtDelta": "%IceDamageUp",
                    }
                }
            },
            "abilitySpecials": 
            {
                "IceDamageUp": 0,
            }    
        }
    },
    {//物理伤害提升
        "Default":
        {
            "$type": "ConfigAbility",
            "abilityName": "ActivityAbility_InstableSpray_PhysicalDamageUp",
            "isDynamicAbility": true,   
            "abilityMixins": 
            [
                {
                    "$type": "CurLocalAvatarMixinV2",
                    "modifierName": "UNIQUE_Activity_InstableSpray_PhysicalDamageUp_Handler"
                }
            ],
            "modifiers":
            {
                "UNIQUE_Activity_InstableSpray_PhysicalDamageUp_Handler":
                {
                    "isUnique": true,
                    "stacking": "Unique",
                    "modifierMixins": 
                    [
                        {
                            "$type": "AttachModifierToGlobalValueMixin",
                            "globalValueTarget": "Team",
                            "globalValueKey": "SGV_PHYISICAL_BUFF",
                            "valueSteps": [0.5,1.5],
                            "modifierNameSteps": ["UNIQUE_Activity_InstableSpray_PhysicalDamageUp"]
                        }
                    ]
                },
                "UNIQUE_Activity_InstableSpray_PhysicalDamageUp":
                {
                    "isUnique": true,
                    "stacking": "Unique",
                    "properties": 
                    {
                        "Actor_PhysicalAddHurtDelta": "%PhysicalDamageUp",
                    }
                }
            },
            "abilitySpecials": 
            {
                "PhysicalDamageUp": 0,
            }    
        }
    },
    {//元素精通提升
        "Default":
        {
            "$type": "ConfigAbility",
            "abilityName": "ActivityAbility_InstableSpray_ElemMasteryUp",
            "isDynamicAbility": true,   
            "abilityMixins": 
            [
                {
                    "$type": "LocalAvatarsMixin",
                    "modifierName": "UNIQUE_Activity_InstableSpray_ElemMasteryUp_Handler"
                }
            ],
            "modifiers":
            {
                "UNIQUE_Activity_InstableSpray_ElemMasteryUp_Handler":
                {
                    "isUnique": true,
                    "stacking": "Unique",
                    "modifierMixins": 
                    [
                        {
                            "$type": "AttachModifierToGlobalValueMixin",
                            "globalValueTarget": "Team",
                            "globalValueKey": "SGV_ElEMMASTERY_UP",
                            "valueSteps": [0.5,1.5],
                            "modifierNameSteps": ["UNIQUE_Activity_InstableSpray_ElemMasteryUp"]
                        }
                    ]
                },
                "UNIQUE_Activity_InstableSpray_ElemMasteryUp":
                {
                    "isUnique": true,
                    "stacking": "Unique",
                    "properties": 
                    {
                        "Actor_ElemMasteryDelta": "%ElemMasteryUp",
                    }
                }
            },
            "abilitySpecials": 
            {
                "ElemMasteryUp": 0,
            }    
        }
    },
    
    {//草元素反应降低敌人元素抗性，不包括物理抗性
        "Default":
        {
            "$type": "ConfigAbility",
            "abilityName": "ActivityAbility_InstableSpray_GrassReaction_ElemResistance_Down",
            "isDynamicAbility": true,   
            "abilityMixins": 
            [
                {
                    "$type": "CurLocalAvatarMixinV2",
                    "modifierName": "UNIQUE_Activity_InstableSpray_GrassReaction_ElemResistance_Down_Handler"
                }
            ],
            "modifiers":
            {
                "UNIQUE_Activity_InstableSpray_GrassReaction_ElemResistance_Down_Handler":
                {
                    "isUnique": true,
                    "stacking": "Unique",
                    "modifierMixins": 
                    [
                        {
                            "$type": "AttachModifierToGlobalValueMixin",
                            "globalValueTarget": "Team",
                            "globalValueKey": "SGV_ELEM_DOWN",
                            "valueSteps": [0.5,1.5],
                            "modifierNameSteps": ["UNIQUE_Activity_InstableSpray_GrassReaction_ElemResistance_Down_Decision_Reaction"]
                        }
                    ]
                },
                "UNIQUE_Activity_InstableSpray_GrassReaction_ElemResistance_Down_Decision_Reaction":
                {
                    "isUnique": true,
                    "stacking": "Unique",
                    "onAttackLanded": 
                    [
                        {
                            "$type": "Predicated",
                            "target": "Other",
                            "doOffStage": true,
                            "predicates": 
                            [
                                {
                                    "$type": "ByAttackTags",
                                    "target": "Self",
                                    "attackTags": 
                                    [
                                        "OverGrowDamage",
                                        "OverGrow_Electric_Damage",
                                        "OverGrow_Fire_Damage"
                                    ]
                                },
                                {
                                    "$type": "ByEntityTypes",
                                    "entityTypes": ["Monster"]
                                },
                                {//排除小动物
                                    "$type": "ByTargetGlobalValue",
                                    "key": "_ANIMAL_ENTITY_TYPE",
                                    "value": 0,
                                    "compareType": "NoneOrEqual",
                                },
                            ],
                            "successActions": 
                            [
                                {
                                    "$type": "ApplyModifier",
                                    "doOffStage": true,
                                    "target": "Other",
                                    "modifierName": "UNIQUE_Activity_InstableSpray_GrassReaction_ElemResistance_Down"
                                }
                            ]
                        }
                    ],
                    "modifierMixins": 
                    [
                        {
                            "$type": "DoActionByElementReactionMixin",
                            "entityTypes": ["Monster"],
                            "range": 30,
                            "reactionTypes": 
                            [
                                "Burned",
                                "Overdose",
                                "OverdoseGrass",
                                "OverdoseElectric",
                                // "Overgrow",
                                // "OvergrowMushroomElectric",
                                // "OvergrowMushroomFire",
                            ],
                            "actions": 
                            [
                                {
                                    "$type": "ApplyModifier",
                                    "doOffStage": true,
                                    "target": "Other",
                                    "modifierName": "UNIQUE_Activity_InstableSpray_GrassReaction_ElemResistance_Down"
                                }
                            ]
                        }
                    ],
                },
                "UNIQUE_Activity_InstableSpray_GrassReaction_ElemResistance_Down":
                {
                    "isUnique": true,
                    "stacking": "MultipleAllRefresh",
                    "stackingOption": 
                    {
                        "enableMixedUnique": true,
                        "maxModifierNumForMultipleType": 1
                    },
                    "duration": "%SubHurtDownDuration",
                    "properties": 
                    {
                        "Actor_FireSubHurtDelta": "-1*%SubHurtDownRate",
                        "Actor_ElecSubHurtDelta": "-1*%SubHurtDownRate",
                        "Actor_WaterSubHurtDelta": "-1*%SubHurtDownRate",
                        "Actor_GrassSubHurtDelta": "-1*%SubHurtDownRate",
                        "Actor_WindSubHurtDelta": "-1*%SubHurtDownRate",
                        "Actor_IceSubHurtDelta": "-1*%SubHurtDownRate",
                        "Actor_RockSubHurtDelta": "-1*%SubHurtDownRate",
                    }
                }
            },
            "abilitySpecials": 
            {
                "SubHurtDownRate": 0,
                "SubHurtDownDuration": 0
            }    
        }
    },
    
    {//攻击力提升
        "Default":
        {
            "$type": "ConfigAbility",
            "abilityName": "ActivityAbility_InstableSpray_AttackUp",
            "isDynamicAbility": true,   
            "abilityMixins": 
            [
                {
                    "$type": "LocalAvatarsMixin",
                    "modifierName": "UNIQUE_Activity_InstableSpray_AttackUp_Handler"
                }
            ],
            "modifiers":
            {
                "UNIQUE_Activity_InstableSpray_AttackUp_Handler":
                {
                    "isUnique": true,
                    "stacking": "Unique",
                    "modifierMixins": 
                    [
                        {
                            "$type": "AttachModifierToGlobalValueMixin",
                            "globalValueTarget": "Team",
                            "globalValueKey": "SGV_ATK_UP",
                            "valueSteps": [0.5,1.5],
                            "modifierNameSteps": ["UNIQUE_Activity_InstableSpray_AttackUp"]
                        }
                    ]
                },
                "UNIQUE_Activity_InstableSpray_AttackUp":
                {
                    "isUnique": true,
                    "stacking": "Unique",
                    "properties": 
                    {
                        "Actor_AttackRatio": "%AttackUp",
                    }
                }
            },
            "abilitySpecials": 
            {
                "AttackUp": 0,
            }    
        }
    },

    {//触发雷相关反应获得x点能量
        "Default":
        {
            "$type": "ConfigAbility",
            "abilityName": "ActivityAbility_InstableSpray_ElecReaction_ReviveEnergy",
            "isDynamicAbility": true,   
            "abilityMixins": 
            [
                {
                    "$type": "CurLocalAvatarMixinV2",
                    "modifierName": "UNIQUE_Activity_InstableSpray_ElecReaction_ReviveEnergy_Handler"
                }
            ],
            "modifiers":
            {
                "UNIQUE_Activity_InstableSpray_ElecReaction_ReviveEnergy_Handler":
                {
                    "isUnique": true,
                    "stacking": "Unique",
                    "modifierMixins": 
                    [
                        {
                            "$type": "AttachModifierToGlobalValueMixin",
                            "globalValueTarget": "Team",
                            "globalValueKey": "SGV_REVIVE_ENERGY",
                            "valueSteps": [0.5,1.5],
                            "modifierNameSteps": ["UNIQUE_Activity_InstableSpray_ElecReaction_ReviveEnergy"]
                        }
                    ]
                },
                "UNIQUE_Activity_InstableSpray_ElecReaction_ReviveEnergy":
                {
                    "isUnique": true,
                    "stacking": "Unique",
                    "modifierMixins": 
                    [
                        {
                            "$type": "DoActionByElementReactionMixin",
                            "entityTypes": ["Monster"],
                            "range": 30,
                            "reactionTypes": 
                            [
                                "Shock",
                                "SwirlElectric",
                                "Superconductor",
                                "Explode",
                                "Overdose",
                                "OverdoseElectric",
                                "OvergrowMushroomElectric"
                            ],
                            "actions": 
                            [
                                {
                                    "$type": "ReviveElemEnergy",
                                    "target": "Self",
                                    "value": "%ReviveValue",
                                    "predicates": 
                                    [
                                        {
                                            "$type": "ByTargetGlobalValue",
                                            "target": "Team",
                                            "key": "ReviveState",
                                            "value": 0,
                                            "compareType": "NoneOrEqual",
                                        }
                                    ]
                                },
                                {
                                    "$type": "FireEffect",
                                    "effectPattern": "Eff_Weapon_ExtraElementBall",
                                    "target": "Self",
                                    "predicates": 
                                    [
                                        {
                                            "$type": "ByTargetGlobalValue",
                                            "target": "Team",
                                            "key": "ReviveState",
                                            "value": 0,
                                            "compareType": "NoneOrEqual"
                                        }
                                    ]     
                                },
                                {
                                    "$type": "ApplyModifier",
                                    "target": "Team",
                                    "doOffStage": true,
                                    "modifierName": "UNIQUE_Activity_InstableSpray_ElecReaction_ReviveEnergy_CD"
                                }
                            ]
                        }
                    ]
                },
                "UNIQUE_Activity_InstableSpray_ElecReaction_ReviveEnergy_CD":
                {
                    "isUnique": true,
                    "stacking": "Unique",
                    "duration": "%ReviveInterval",
                    "onAdded": 
                    [
                        {
                            "$type": "SetGlobalValue",
                            "target": "Team",
                            "key": "ReviveState",
                            "value": -1
                        }
                    ],
                    "onRemoved": 
                    [
                        {
                            "$type": "SetGlobalValue",
                            "target": "Team",
                            "key": "ReviveState",
                            "value": 0
                        }
                    ]
                }
            },
            "abilitySpecials": 
            {
                "ReviveValue": 0,
                "ReviveInterval": 0,
            }    
        }
    },

    {//触发冻结反应使敌人防御力下降
        "Default":
        {
            "$type": "ConfigAbility",
            "abilityName": "ActivityAbility_InstableSpray_Frozen_DefenceDown",
            "isDynamicAbility": true,   
            "abilityMixins": 
            [
                {
                    "$type": "CurLocalAvatarMixinV2",
                    "modifierName": "UNIQUE_Activity_InstableSpray_Frozen_DefenceDown_Handler"
                }
            ],
            "modifiers":
            {
                "UNIQUE_Activity_InstableSpray_Frozen_DefenceDown_Handler":
                {
                    "isUnique": true,
                    "stacking": "Unique",
                    "modifierMixins": 
                    [
                        {
                            "$type": "AttachModifierToGlobalValueMixin",
                            "globalValueTarget": "Team",
                            "globalValueKey": "SGV_FROZEN_DEFDOWN",
                            "valueSteps": [0.5,1.5],
                            "modifierNameSteps": ["UNIQUE_Activity_InstableSpray_Frozen_DefenceDown"]
                        }
                    ]
                },
                "UNIQUE_Activity_InstableSpray_Frozen_DefenceDown":
                {
                    "isUnique": true,
                    "stacking": "Unique",
                    "modifierMixins": 
                    [
                        {
                            "$type": "DoActionByElementReactionMixin",
                            "entityTypes": ["Monster"],
                            "reactionTypes": ["Freeze"],
                            "range": 30,
                            "actions": 
                            [
                                {
                                   "$type": "ApplyModifier",
                                   "doOffStage": true,
                                   "doAfterDie": true,
                                   "target": "Other",
                                   "modifierName": "UNIQUE_Activity_InstableSpray_EnermyDefenceDown"
                                }
                            ]
                        }
                    ]
                },
                "UNIQUE_Activity_InstableSpray_EnermyDefenceDown":
                {
                    "isUnique": true,
                    "stacking": "MultipleAllRefresh",
                    "duration": "%FrozenDefenceDownDuration",
                    "isLimitedProperties": true,
                    "state": "DefenseDown",
                    "stackingOption": 
                    {
                        "enableMixedUnique": true,
                        "maxModifierNumForMultipleType": 1,
                    },
                    "properties": 
                    {
                        "Actor_DefenceRatio": "-1*%FrozenDefenceDownRate"
                    }

                }
            },
            "abilitySpecials": 
            {
                "FrozenDefenceDownRate": 0,
                "FrozenDefenceDownDuration": 0
            }    
        }
    },

    {//对冻结目标伤害提升
        "Default":
        {
            "$type": "ConfigAbility",
            "abilityName": "ActivityAbility_InstableSpray_Frozen_DamageUp",
            "isDynamicAbility": true,   
            "abilityMixins": 
            [
                {
                    "$type": "LocalAvatarsMixin",
                    "modifierName": "UNIQUE_Activity_InstableSpray_Frozen_DamageUp_Handler"
                }
            ],
            "modifiers":
            {
                "UNIQUE_Activity_InstableSpray_Frozen_DamageUp_Handler":
                {
                    "isUnique": true,
                    "stacking": "Unique",
                    "modifierMixins": 
                    [
                        {
                            "$type": "AttachModifierToGlobalValueMixin",
                            "globalValueTarget": "Team",
                            "globalValueKey": "SGV_FROZEN_DAMAGEUP",
                            "valueSteps": [0.5,1.5],
                            "modifierNameSteps": ["UNIQUE_Activity_InstableSpray_Frozen_DamageUp"]
                        }
                    ]
                },
                "UNIQUE_Activity_InstableSpray_Frozen_DamageUp":
                {
                    "isUnique": true,
                    "stacking": "Unique",
                    "modifierMixins": 
                    [
                        {
                            "$type": "ModifyDamageMixin",
                            "ignoreEventInfo": true,
                            "damagePercentageRatio": "%DamageUpValue",
                            "predicates": 
                            [
                                {
                                    "$type": "ByHasAbilityState",
                                    "target": "Target",
                                    "abilityState": "ElementFrozen",
                                }
                            ]
                        }
                    ]
                },
               
            },
            "abilitySpecials": 
            {
                "DamageUpValue": 0,
            }    
        }
    },

    {//触发蒸发反应获得一个冲击波
        "Default":
        {
            "$type": "ConfigAbility",
            "abilityName": "ActivityAbility_InstableSpray_Steam_Impact",
            "isDynamicAbility": true,   
            "onAdded": 
            [
                {
                    "$type": "SetSystemValueToOverrideMap",
                    "key": "ImpactDamageSystemValue",
                    "type": "ElementLevelCo"
                },
            ],
            "abilityMixins": 
            [
                {
                    "$type": "CurLocalAvatarMixinV2",
                    "modifierName": "UNIQUE_Activity_InstableSpray_Steam_Impact_Handler"
                }
            ],
            "modifiers":
            {
                "UNIQUE_Activity_InstableSpray_Steam_Impact_Handler":
                {
                    "isUnique": true,
                    "stacking": "Unique",
                    "modifierMixins": 
                    [
                        {
                            "$type": "AttachModifierToGlobalValueMixin",
                            "globalValueTarget": "Team",
                            "globalValueKey": "SGV_STEAM_IMPACT",
                            "valueSteps": [0.5,1.5],
                            "modifierNameSteps": ["UNIQUE_Activity_InstableSpray_Steam_Impact"]
                        }
                    ]
                },
                "UNIQUE_Activity_InstableSpray_Steam_Impact":
                {
                    "isUnique": true,
                    "stacking": "Unique",
                    "modifierMixins": 
                    [
                        {
                            "$type": "DoActionByElementReactionMixin",
                            "range": 30,
                            "entityTypes": 
                            [
                               "Monster"
                            ],
                            "reactionTypes": 
                            [
                               "Stream",
                               "Melt"
                            ],
                            "actions": 
                            [
                                {
                                    "$type": "Predicated",
                                    "target": "Other",
                                    "doOffStage": true,
                                    "targetPredicates": 
                                    [
                                        {
                                            "$type": "ByTargetGlobalValue",
                                            "key": "ImpactState_Steam",
                                            "target": "Team",
                                            "value": 0,
                                            "compareType": "NoneOrEqual",
                                        }
                                    ],//通过可以生成冲击波的状态判断cd是否结束
                                    "successActions": 
                                    [
                                        {
                                            "$type": "ApplyModifier",
                                            "doOffStage": true,
                                            "target": "Other",
                                            "modifierName": "Activity_InstableSpray_Steam_Impact_Handler_Delay",
                                        },
                                        {
                                            "$type": "ApplyModifier",
                                            "doOffStage": true,
                                            "target": "Team",
                                            "modifierName": "UNIQUE_Activity_InstableSpray_Steam_Impact_CD"
                                        },
                                    ]
                                }
                            ],
                        }
                    ]
                },

                "Activity_InstableSpray_Steam_Impact_Handler_Delay":
                {
                    "duration": 0.05,
                    "onAdded": 
                    [
                        {
                            "$type": "FireEffect",
                            "doAfterDie": true,
                            "effectPattern": "Eff_EnergyDisk_ElementalBurst_Wave_R40",
                        },
                        {
                            "$type": "TriggerAttackEvent",
                            "targetType": "Enemy",
                            "doAfterDie": true,
                            "target": "Applier",
                            "attackEvent": 
                            {
                                "attackPattern":
                                {
                                    "$type": "ConfigAttackSphere",
                                    "triggerType": "TriggerNoRepeat",
                                    "radius": 4,
                                    "born":
                                    {
                                        "$type": "ConfigBornBySelf",
                                    }
                                },
                                "attackInfo": 
                                {
                                    "canBeModifiedBy": "OriginOwner",
                                    "attackProperty": 
                                    {
                                        "damageExtra": "%ImpactDamage*%ImpactDamageSystemValue",
                                        "ignoreAttackerProperty": true,//忽略角色属性加成
                                        "ignoreModifyDamage": true,
                                        "trueDamage": true,
                                        "attackType": "Melee",
                                        "elementType": "None",//元素类型为无
                                        "elementDurability": 0,//元素含量为0
                                        "enBreak": 0
                                    },
                                    "hitPattern": 
                                    {
                                        "onHitEffectName": "default",//击中特效名称，
                                        "hitImpulseType": "LV2",//击退？
                                        "reboundRatio": 0,//需要解释
                                        "canBeDefenceHalt": false,//持盾防御者无法产生额外卡肉
                                        "hitHaltTime": 0,
                                        "hitHaltTimeScale": 0.02,
                                        "muteHitText": false,//不跳字
                                    },//打击效果
                                }
                            }
                        },//生成圆形攻击盒
                    ],
                },
                "UNIQUE_Activity_InstableSpray_Steam_Impact_CD":
                {
                    "isUnique": true,
                    "stacking": "Unique",
                    "duration": "%ImpactInterval",
                    "onAdded": 
                    [
                        {
                            "$type": "SetGlobalValue",
                            "doOffStage": true,
                            "doAfterDie": true,
                            "target": "Team",
                            "key": "ImpactState_Steam",
                            "value": -1
                        }
                    ],
                    "onRemoved": 
                    [
                        {
                            "$type": "SetGlobalValue",
                            "doOffStage": true,
                            "doAfterDie": true,
                            "target": "Team",
                            "key": "ImpactState_Steam",
                            "value": 0
                        }
                    ]    
                },
               
            },
            "abilitySpecials": 
            {
                "ImpactDamageSystemValue": 0,
                "ImpactDamage": 0,
                "ImpactInterval": 0,
            }    
        }
    },
    {//触发融化反应获得一个冲击波
        "Default":
        {
            "$type": "ConfigAbility",
            "abilityName": "ActivityAbility_InstableSpray_Melt_Impact",
            "isDynamicAbility": true,   
            "onAdded": 
            [
                {
                    "$type": "SetSystemValueToOverrideMap",
                    "key": "ImpactDamageSystemValue",
                    "type": "ElementLevelCo"
                },
            ],
            "abilityMixins": 
            [
                {
                    "$type": "LocalAvatarsMixin",
                    "modifierName": "UNIQUE_Activity_InstableSpray_Melt_Impact_Handler"
                }
            ],
            "modifiers":
            {
                "UNIQUE_Activity_InstableSpray_Melt_Impact_Handler":
                {
                    "isUnique": true,
                    "stacking": "Unique",
                    "modifierMixins": 
                    [
                        {
                            "$type": "AttachModifierToGlobalValueMixin",
                            "globalValueTarget": "Team",
                            "globalValueKey": "SGV_MELT_IMPACT",
                            "valueSteps": [0.5,1.5],
                            "modifierNameSteps": ["UNIQUE_Activity_InstableSpray_Melt_Impact"]
                        }
                    ]
                },
                "UNIQUE_Activity_InstableSpray_Melt_Impact":
                {
                    "isUnique": true,
                    "stacking": "Unique",
                    "modifierMixins": 
                    [
                        {
                            "$type": "DoActionByElementReactionMixin",
                            "range": 30,
                            "entityTypes": 
                            [
                               "Monster"
                            ],
                            "reactionTypes": 
                            [
                               "Melt"
                            ],
                            "actions": 
                            [
                                {
                                    "$type": "Predicated",
                                    "target": "Other",
                                    "doOffStage": true,
                                    "targetPredicates": 
                                    [
                                        {
                                            "$type": "ByTargetGlobalValue",
                                            "key": "ImpactState_Steam",
                                            "target": "Team",
                                            "value": 0,
                                            "compareType": "NoneOrEqual",
                                        }
                                    ],//通过可以生成冲击波的状态判断cd是否结束
                                    "successActions": 
                                    [
                                        {
                                            "$type": "ApplyModifier",
                                            "doOffStage": true,
                                            "target": "Target",
                                            "modifierName": "Activity_InstableSpray_Melt_Impact_Handler_Delay",
                                        },
                                        {
                                            "$type": "ApplyModifier",
                                            "doOffStage": true,
                                            "target": "Team",
                                            "modifierName": "UNIQUE_Activity_InstableSpray_Melt_Impact_CD"
                                        },
                                    ]
                                }
                            ],
                        }
                    ]
                },

                "Activity_InstableSpray_Melt_Impact_Handler_Delay":
                {
                    "duration": 0.05,
                    "onAdded": 
                    [
                        {
                            "$type": "FireEffect",
                            "doAfterDie": true,
                            "effectPattern": "Eff_EnergyDisk_ElementalBurst_Wave_R40",
                        },
                        {
                            "$type": "TriggerAttackEvent",
                            "targetType": "Enemy",
                            "doAfterDie": true,
                            "target": "Applier",
                            "attackEvent": 
                            {
                                "attackPattern":
                                {
                                    "$type": "ConfigAttackSphere",
                                    "triggerType": "TriggerNoRepeat",
                                    "radius": 4,
                                    "born":
                                    {
                                        "$type": "ConfigBornBySelf",
                                    }
                                },
                                "attackInfo": 
                                {
                                    "canBeModifiedBy": "OriginOwner",
                                    "attackProperty": 
                                    {
                                        "damageExtra": "%ImpactDamage*%ImpactDamageSystemValue",
                                        "ignoreAttackerProperty": true,//忽略角色属性加成
                                        "ignoreModifyDamage": true,
                                        "trueDamage": true,
                                        "attackType": "Melee",
                                        "elementType": "None",//元素类型为无
                                        "elementDurability": 0,//元素含量为0
                                        "enBreak": 0
                                    },
                                    "hitPattern": 
                                    {
                                        "onHitEffectName": "default",//击中特效名称，
                                        "hitImpulseType": "LV2",//击退？
                                        "reboundRatio": 0,//需要解释
                                        "canBeDefenceHalt": false,//持盾防御者无法产生额外卡肉
                                        "hitHaltTime": 0,
                                        "hitHaltTimeScale": 0.02,
                                        "muteHitText": false,//不跳字
                                    },//打击效果
                                }
                            }
                        },//生成圆形攻击盒
                    ],
                },
                "UNIQUE_Activity_InstableSpray_Melt_Impact_CD":
                {
                    "isUnique": true,
                    "stacking": "Unique",
                    "duration": "%ImpactInterval",
                    "onAdded": 
                    [
                        {
                            "$type": "SetGlobalValue",
                            "doOffStage": true,
                            "doAfterDie": true,
                            "target": "Team",
                            "key": "ImpactInterval",
                            "value": -1
                        }
                    ],
                    "onRemoved": 
                    [
                        {
                            "$type": "SetGlobalValue",
                            "doOffStage": true,
                            "doAfterDie": true,
                            "target": "Team",
                            "key": "ImpactInterval",
                            "value": 0
                        }
                    ]    
                },
               
            },
            "abilitySpecials": 
            {
                "ImpactDamageSystemValue": 0,
                "ImpactDamage": 0,
                "ImpactInterval": 0,
            }    
        }
    },
    {//暴击提升
        "Default":
        {
            "$type": "ConfigAbility",
            "abilityName": "ActivityAbility_InstableSpray_CriticalUp",
            "isDynamicAbility": true,   
            "abilityMixins": 
            [
                {
                    "$type": "LocalAvatarsMixin",
                    "modifierName": "UNIQUE_Activity_InstableSpray_CriticalUp_Handler"
                }
            ],
            "modifiers":
            {
                "UNIQUE_Activity_InstableSpray_CriticalUp_Handler":
                {
                    "isUnique": true,
                    "stacking": "Unique",
                    "modifierMixins": 
                    [
                        {
                            "$type": "AttachModifierToGlobalValueMixin",
                            "globalValueTarget": "Team",
                            "globalValueKey": "SGV_CRITICAL_UP",
                            "valueSteps": [0.5,1.5],
                            "modifierNameSteps": ["UNIQUE_Activity_InstableSpray_CriticalUp"]
                        }
                    ]
                },
                "UNIQUE_Activity_InstableSpray_CriticalUp":
                {
                    "isUnique": true,
                    "stacking": "Unique",
                    "properties": 
                    {
                        "Actor_CriticalDelta": "%CriticalUp",
                    }
                }
            },
            "abilitySpecials": 
            {
                "CriticalUp": 0,
            }    
        }
    },
    {//暴击伤害提升
        "Default":
        {
            "$type": "ConfigAbility",
            "abilityName": "ActivityAbility_InstableSpray_CriticalHurtUp",
            "isDynamicAbility": true,   
            "abilityMixins": 
            [
                {
                    "$type": "LocalAvatarsMixin",
                    "modifierName": "UNIQUE_Activity_InstableSpray_CriticalHurtUp_Handler"
                }
            ],
            "modifiers":
            {
                "UNIQUE_Activity_InstableSpray_CriticalHurtUp_Handler":
                {
                    "isUnique": true,
                    "stacking": "Unique",
                    "modifierMixins": 
                    [
                        {
                            "$type": "AttachModifierToGlobalValueMixin",
                            "globalValueTarget": "Team",
                            "globalValueKey": "SGV_CRITICAL_HURT_UP",
                            "valueSteps": [0.5,1.5],
                            "modifierNameSteps": ["UNIQUE_Activity_InstableSpray_CriticalHurtUp"]
                        }
                    ]
                },
                "UNIQUE_Activity_InstableSpray_CriticalHurtUp":
                {
                    "isUnique": true,
                    "stacking": "Unique",
                    "properties": 
                    {
                        "Actor_CriticalHurtDelta": "%CriticalHurtUp",
                    }
                }
            },
            "abilitySpecials": 
            {
                "CriticalHurtUp": 0,
            }    
        }
    },
    {//普攻伤害提升
        "Default":
        {
            "$type": "ConfigAbility",
            "abilityName": "ActivityAbility_InstableSpray_NormalAttack",
            "isDynamicAbility": true,   
            "abilityMixins": 
            [
                {
                    "$type": "CurLocalAvatarMixinV2",
                    "modifierName": "UNIQUE_Activity_InstableSpray_NormalAttack_Handler"
                }
            ],
            "modifiers":
            {
                "UNIQUE_Activity_InstableSpray_NormalAttack_Handler":
                {
                    "isUnique": true,
                    "stacking": "Unique",
                    "modifierMixins": 
                    [
                        {
                            "$type": "AttachModifierToGlobalValueMixin",
                            "globalValueTarget": "Team",
                            "globalValueKey": "SGV_NORMAL_ATTACK",
                            "valueSteps": [0.5,1.5],
                            "modifierNameSteps": ["UNIQUE_Activity_InstableSpray_NormalAttack"]
                        }
                    ]
                },
                "UNIQUE_Activity_InstableSpray_NormalAttack":
                {
                    "isUnique": true,
                    "stacking": "Unique",
                    "isLimitedProperties": true,
                    "modifierMixins": 
                    [
                        {
                            "$type": "ModifyDamageMixin",
                            "attackTags": 
                            [
                                "NormalAttack",
                                "NormalAttack_01",
                                "NormalAttack_02",
                                "NormalAttack_03",
                                "NormalAttack_04",
                                "NormalAttack_05",
                                "NormalAttack_06",
                            ],
                            "damagePercentageRatio": "%NormalAttack"
                        }
                    ],
                   
                }
            },
            "abilitySpecials": 
            {
                "NormalAttack": 0,
            }    
        }
    },
    {//重击伤害提升
        "Default":
        {
            "$type": "ConfigAbility",
            "abilityName": "ActivityAbility_InstableSpray_ExtraAttack",
            "isDynamicAbility": true,   
            "abilityMixins": 
            [
                {
                    "$type": "CurLocalAvatarMixinV2",
                    "modifierName": "UNIQUE_Activity_InstableSpray_ExtraAttack_Handler"
                }
            ],
            "modifiers":
            {
                "UNIQUE_Activity_InstableSpray_ExtraAttack_Handler":
                {
                    "isUnique": true,
                    "stacking": "Unique",
                    "modifierMixins": 
                    [
                        {
                            "$type": "AttachModifierToGlobalValueMixin",
                            "globalValueTarget": "Team",
                            "globalValueKey": "SGV_EXTRA_ATTACK",
                            "valueSteps": [0.5,1.5],
                            "modifierNameSteps": ["UNIQUE_Activity_InstableSpray_ExtraAttack"]
                        }
                    ]
                },
                "UNIQUE_Activity_InstableSpray_ExtraAttack":
                {
                    "isUnique": true,
                    "stacking": "Unique",
                    "isLimitedProperties": true,
                    "modifierMixins": 
                    [
                        {
                            "$type": "ModifyDamageMixin",
                            "attackTags": 
                            [
                                "ExtraAttack",
                                "ExtraAttack1",
                                "ExtraAttack2",
                                "ExtraAttack3",
                                "ExtraAttack_BS",
                                "ExtraAttack_Charge",
                            ],
                            "damagePercentageRatio": "%ExtraAttack"
                        }
                    ],
                   
                }
            },
            "abilitySpecials": 
            {
                "ExtraAttack": 0,
            }    
        }
    },
    {//元素战技冲击波
        "Default":
        {
            "$type": "ConfigAbility",
            "abilityName": "ActivityAbility_InstableSpray_ElementalArt",
            "isDynamicAbility": true,   
            "onAdded": 
            [
                {
                    "$type": "SetSystemValueToOverrideMap",
                    "key": "ImpactDamageSystemValue",
                    "type": "ElementLevelCo"
                },
            ],
            "abilityMixins": 
            [
                {
                    "$type": "CurLocalAvatarMixinV2",
                    "modifierName": "UNIQUE_Activity_InstableSpray_ElementalArt_Handler"
                }
            ],
            "modifiers":
            {
                "UNIQUE_Activity_InstableSpray_ElementalArt_Handler":
                {
                    "isUnique": true,
                    "stacking": "Unique",
                    "modifierMixins": 
                    [
                        {
                            "$type": "AttachModifierToGlobalValueMixin",
                            "globalValueTarget": "Team",
                            "globalValueKey": "SGV_ELEMENTAL_ART",
                            "valueSteps": [0.5,1.5],
                            "modifierNameSteps": ["UNIQUE_Activity_InstableSpray_ElementalArt"]
                        }
                    ]
                },
                "UNIQUE_Activity_InstableSpray_ElementalArt":
                {
                    "isUnique": true,
                    "stacking": "Unique",
                    "isLimitedProperties": true,
                    "modifierMixins": 
                    [
                        {
                            "$type": "OnAvatarUseSkillMixin",
                            "onTriggerSkill": 
                            [
                                {
                                    "$type": "Predicated",
                                    "target": "Other",
                                    "doOffStage": true,
                                    "targetPredicates": 
                                    [
                                        {
                                            "$type": "ByTargetGlobalValue",
                                            "key": "ImpactState_SkillAttack",
                                            "target": "Team",
                                            "value": 0,
                                            "compareType": "NoneOrEqual",
                                        }
                                    ],//通过可以生成冲击波的状态判断cd是否结束
                                    "successActions": 
                                    [
                                        {
                                            "$type": "ApplyModifier",
                                            "target": "Self",
                                            "modifierName": "Activity_InstableSpray_Elemental_Art_Impact_Handler_Delay",
                                        },
                                        {
                                            "$type": "ApplyModifier",
                                            "target": "Team",
                                            "modifierName": "UNIQUE_Activity_InstableSpray_Elemental_Art_Impact_CD"
                                        },
                                    ]
                                }
                            ]
                        }
                    ],
                },
                "Activity_InstableSpray_Elemental_Art_Impact_Handler_Delay":
                {
                    "duration": 0.05,
                    "onAdded": 
                    [
                        {
                            "$type": "FireEffect",
                            "effectPattern": "Eff_EnergyDisk_ElementalBurst_Wave_R40",
                        },
                        {
                            "$type": "TriggerAttackEvent",
                            "targetType": "Enemy",
                            "target": "Self",
                            "attackEvent": 
                            {
                                "attackPattern":
                                {
                                    "$type": "ConfigAttackSphere",
                                    "triggerType": "TriggerNoRepeat",
                                    "radius": 4,
                                    "born":
                                    {
                                        "$type": "ConfigBornBySelf",
                                    }
                                },
                                "attackInfo": 
                                {
                                    "canBeModifiedBy": "OriginOwner",
                                    "attackProperty": 
                                    {
                                        "damageExtra": "%ImpactDamage*%ImpactDamageSystemValue",
                                        "ignoreAttackerProperty": true,//忽略角色属性加成
                                        "ignoreModifyDamage": true,
                                        "trueDamage": true,
                                        "attackType": "Melee",
                                        "elementType": "None",//元素类型为无
                                        "elementDurability": 0,//元素含量为0
                                        "enBreak": 0
                                    },
                                    "hitPattern": 
                                    {
                                        "onHitEffectName": "default",//击中特效名称，
                                        "hitImpulseType": "LV2",//击退？
                                        "reboundRatio": 0,//需要解释
                                        "canBeDefenceHalt": false,//持盾防御者无法产生额外卡肉
                                        "hitHaltTime": 0,
                                        "hitHaltTimeScale": 0.02,
                                        "muteHitText": false,//不跳字
                                    },//打击效果
                                }
                            }
                        },//生成圆形攻击盒
                    ],
                },
                "UNIQUE_Activity_InstableSpray_Elemental_Art_Impact_CD":
                {
                    "isUnique": true,
                    "stacking": "Unique",
                    "duration": "%ImpactInterval",
                    "onAdded": 
                    [
                        {
                            "$type": "SetGlobalValue",
                            "doOffStage": true,
                            "doAfterDie": true,
                            "target": "Team",
                            "key": "ImpactState_SkillAttack",
                            "value": -1
                        }
                    ],
                    "onRemoved": 
                    [
                        {
                            "$type": "SetGlobalValue",
                            "doOffStage": true,
                            "doAfterDie": true,
                            "target": "Team",
                            "key": "ImpactState_SkillAttack",
                            "value": 0
                        }
                    ]    
                },
            },
            "abilitySpecials": 
            {
                "ImpactDamageSystemValue": 0,
                "ImpactDamage": 0,
                "ImpactInterval": 0,
            }    
        }
    },
    {//下落攻击获得一个冲击波
        "Default":
        {
            "$type": "ConfigAbility",
            "abilityName": "ActivityAbility_InstableSpray_FallingAttack_Impact",
            "isDynamicAbility": true,   
            "onAdded": 
            [
                {
                    "$type": "SetSystemValueToOverrideMap",
                    "key": "ImpactDamageSystemValue",
                    "type": "ElementLevelCo"
                },
            ],
            "abilityMixins": 
            [
                {
                    "$type": "CurLocalAvatarMixinV2",
                    "modifierName": "UNIQUE_Activity_InstableSpray_FallingAttack_Impact_Handler"
                }
            ],
            "modifiers":
            {
                "UNIQUE_Activity_InstableSpray_FallingAttack_Impact_Handler":
                {
                    "isUnique": true,
                    "stacking": "Unique",
                    "modifierMixins": 
                    [
                        {
                            "$type": "AttachModifierToGlobalValueMixin",
                            "globalValueTarget": "Team",
                            "globalValueKey": "SGV_FALL_IMPACT",
                            "valueSteps": [0.5,1.5],
                            "modifierNameSteps": ["UNIQUE_Activity_InstableSpray_FallingAttack_Impact"]
                        }
                    ]
                },
                "UNIQUE_Activity_InstableSpray_FallingAttack_Impact":
                {
                    "isUnique": true,
                    "stacking": "Unique",
                    "onAdded": 
                    [
                        {
							"$type": "EnableRocketJump",
							"canBeHandledOnRecover": true,
                            "target": "Self",
                            "doOffStage": true,
							"type": "DungeonJump",
							"enable": true,
							"extention":
							{
								"xzMultiplier": 2, //xz平面速度乘子
								"yMultiplier": 3.0, //y轴跳跃速度乘子
							}
						},
                    ],
                    "onRemoved": 
                    [
                        {
							"$type": "EnableRocketJump",
							"type": "DungeonJump",
							"target": "Self",
							"doOffStage": true,
							"enable": false,
						},
                    ],
                    "onAvatarIn": 
                    [
                        {
							"$type": "EnableRocketJump",
							"canBeHandledOnRecover": true,
                            "target": "Self",
                            "doOffStage": true,
							"type": "DungeonJump",
							"enable": true,
							"extention":
							{
								"xzMultiplier": 2, //xz平面速度乘子
								"yMultiplier": 3.0, //y轴跳跃速度乘子
							}
						},
                    ],
                    "modifierMixins": 
                    [
                        {
                            "$type": "DoActionByStateIDMixin",
                            "stateIDs": 
                            [
                                "FallingAnthem_AS_1",
                                "FallingAnthem_AS_2"
                            ],
                            "enterActions": 
                            [
                                {
                                    "$type": "Predicated",
                                    "target": "Other",
                                    "doOffStage": true,
                                    "targetPredicates": 
                                    [
                                        {
                                            "$type": "ByTargetGlobalValue",
                                            "key": "ImpactState_FallingAttack",
                                            "target": "Team",
                                            "value": 0,
                                            "compareType": "NoneOrEqual",
                                        }
                                    ],//通过可以生成冲击波的状态判断cd是否结束
                                    "successActions": 
                                    [
                                        {
                                            "$type": "ApplyModifier",
                                            "target": "Self",
                                            "modifierName": "Activity_InstableSpray_FallingAttack_Impact_Handler_Delay",
                                        },
                                        {
                                            "$type": "ApplyModifier",
                                            "target": "Team",
                                            "modifierName": "UNIQUE_Activity_InstableSpray_FallingAttack_Impact_CD"
                                        },
                                    ]
                                }
                            ],
                            
                        }
                    ]
                },

                "Activity_InstableSpray_FallingAttack_Impact_Handler_Delay":
                {
                    "duration": 0.05,
                    "onAdded": 
                    [
                        {
                            "$type": "FireEffect",
                            "effectPattern": "Eff_EnergyDisk_ElementalBurst_Wave_R40",
                        },
                        {
                            "$type": "TriggerAttackEvent",
                            "targetType": "Enemy",
                            "target": "Self",
                            "attackEvent": 
                            {
                                "attackPattern":
                                {
                                    "$type": "ConfigAttackSphere",
                                    "triggerType": "TriggerNoRepeat",
                                    "radius": 4,
                                    "born":
                                    {
                                        "$type": "ConfigBornBySelf",
                                    }
                                },
                                "attackInfo": 
                                {
                                    "canBeModifiedBy": "OriginOwner",
                                    "attackProperty": 
                                    {
                                        "damageExtra": "%ImpactDamage*%ImpactDamageSystemValue",
                                        "ignoreAttackerProperty": true,//忽略角色属性加成
                                        "ignoreModifyDamage": true,
                                        "trueDamage": true,
                                        "attackType": "Melee",
                                        "elementType": "None",//元素类型为无
                                        "elementDurability": 0,//元素含量为0
                                        "enBreak": 0
                                    },
                                    "hitPattern": 
                                    {
                                        "onHitEffectName": "default",//击中特效名称，
                                        "hitImpulseType": "LV2",//击退？
                                        "reboundRatio": 0,//需要解释
                                        "canBeDefenceHalt": false,//持盾防御者无法产生额外卡肉
                                        "hitHaltTime": 0,
                                        "hitHaltTimeScale": 0.02,
                                        "muteHitText": false,//不跳字
                                    },//打击效果
                                }
                            }
                        },//生成圆形攻击盒
                    ],
                },
                "UNIQUE_Activity_InstableSpray_FallingAttack_Impact_CD":
                {
                    "isUnique": true,
                    "stacking": "Unique",
                    "duration": "%ImpactInterval",
                    "onAdded": 
                    [
                        {
                            "$type": "SetGlobalValue",
                            "doOffStage": true,
                            "doAfterDie": true,
                            "target": "Team",
                            "key": "ImpactState_FallingAttack",
                            "value": -1
                        }
                    ],
                    "onRemoved": 
                    [
                        {
                            "$type": "SetGlobalValue",
                            "doOffStage": true,
                            "doAfterDie": true,
                            "target": "Team",
                            "key": "ImpactState_FallingAttack",
                            "value": 0
                        }
                    ]    
                },
               
            },
            "abilitySpecials": 
            {
                "ImpactDamageSystemValue": 0,
                "ImpactDamage": 0,
                "ImpactInterval": 0,
            }    
        }
    },
    {//全元素伤害提升
        "Default":
        {
            "$type": "ConfigAbility",
            "abilityName": "ActivityAbility_InstableSpray_ElemAddHurt_Up",
            "isDynamicAbility": true,   
            "abilityMixins": 
            [
                {
                    "$type": "LocalAvatarsMixin",
                    "modifierName": "UNIQUE_Activity_InstableSpray_ElemAddHurt_Up_Handler"
                }
            ],
            "modifiers":
            {
                "UNIQUE_Activity_InstableSpray_ElemAddHurt_Up_Handler":
                {
                    "isUnique": true,
                    "stacking": "Unique",
                    "modifierMixins": 
                    [
                        {
                            "$type": "AttachModifierToGlobalValueMixin",
                            "globalValueTarget": "Team",
                            "globalValueKey": "SGV_ElEM_UP",
                            "valueSteps": [0.5,1.5],
                            "modifierNameSteps": ["UNIQUE_Activity_InstableSpray_ElemAddHurt_Up"]
                        }
                    ]
                },
                "UNIQUE_Activity_InstableSpray_ElemAddHurt_Up":
                {
                    "isUnique": true,
                    "stacking": "Unique",
                    "properties": 
                    {
                        "Actor_FireAddHurtDelta": "%ElemAddHurtUpRatio",
                        "Actor_IceAddHurtDelta": "%ElemAddHurtUpRatio",
                        "Actor_WaterAddHurtDelta": "%ElemAddHurtUpRatio",
                        "Actor_ElecAddHurtDelta": "%ElemAddHurtUpRatio",
                        "Actor_GrassAddHurtDelta": "%ElemAddHurtUpRatio",
                        "Actor_RockAddHurtDelta": "%ElemAddHurtUpRatio",
                        "Actor_WindAddHurtDelta": "%ElemAddHurtUpRatio",
                    }
                }
            },
            "abilitySpecials": 
            {
                "ElemAddHurtUpRatio": 0,
            }    
        }
    },
    {
        "Default":
        {
            "$type": "ConfigAbility",
            "abilityName": "ActivityAbility_InstableSpray_SpeedUp",
            "isDynamicAbility": true,   
            "abilityMixins": 
            [
                {
                    "$type": "LocalAvatarsMixin",
                    "modifierName": "UNIQUE_Activity_InstableSpray_SpeedUp_Handler"
                }
            ],
            "modifiers":
            {
                "UNIQUE_Activity_InstableSpray_SpeedUp_Handler":
                {
                    "isUnique": true,
                    "stacking": "Unique",
                    "modifierMixins": 
                    [
                        {
                            "$type": "AttachModifierToGlobalValueMixin",
                            "globalValueTarget": "Team",
                            "globalValueKey": "SGV_SPEED_UP",
                            "valueSteps": [0.5,1.5],
                            "modifierNameSteps": ["UNIQUE_Activity_InstableSpray_SpeedUp"]
                        }
                    ]
                },
                "UNIQUE_Activity_InstableSpray_SpeedUp":
                {
                    "isUnique": true,
                    "stacking": "Unique",
                    "isLimitedProperties": true,
                    "properties": 
                    {
                        "Animator_AttackSpeedRatio": "%AtkSpeedUpRatio"
                    }
                }
            },
            "abilitySpecials": 
            {
                "AtkSpeedUpRatio": 0,
            }    
        }
    }
]