[
  {
    "Default": 
    {
      "$type": "ConfigAbility",
      "abilityName": "ActivityAbility_Rogue_Shikishogun",
      "isDynamicAbility": true,
      "abilityMixins":
      [
        {
          "$type": "FollowAttachPointEffectMixin",
          "modifierName": "UNIQUE_Ability_Rogue_Shikishogun_EffectHandler",
          "attachPriority": "ActivityEvent",
        },
      ],
      "modifiers": 
      {
        "UNIQUE_Ability_Rogue_Shikishogun_EffectHandler":
        {
          "isUnique":true,
          "onAdded":
          [
            {
              "$type": "AttachEffect",
              "effectPattern": "Eff_Activity_Shikishogun",
            },
          ]
        },
      },

      "onAbilityStart":
      [
        //测试放技能
        {
          "$type": "SendEffectTrigger",
          "parameter": "Skill01",
          "effectPattern": "Eff_Activity_Shikishogun",
        },
      ]
    },
  }, //ActivityAbility_Rogue_Shikishogun 地城式大将显示逻辑 （绑定在队伍上的）

]
