[
//////////////////////////////////////////////////////////
//
//    无相水可选技能
//
//////////////////////////////////////////////////////////
  //[1] 角色冰元素造成伤害提升X%，持续X秒。 [OK]
  {
    "Default": 
    {
      "$type": "ConfigAbility",
      "abilityName": "ActivityAbility_BossChallenge_Water_ElementAddHurt_Ice",
      "isDynamicAbility": true,
      "onAdded":
      [
        {
            "$type": "ShowExtraAbility",
            "skillID": 20031,
        },
        {
          "$type": "ApplyModifier",
          "modifierName": "InitData",
        },
        {
            "$type": "SetExtraAbilityEnable",
            "enable": true,
        },
      ],
      "onRemoved": 
      [
          {
              "$type": "ShowExtraAbility",
              "skillID": 0,
          },
          {
            "$type": "SetGlobalValue",
            "key": "BossChallenge_Energy",
            "value":0,
          },
      ],
      "onAbilityStart":
      [
        {
          "$type": "SetExtraAbilityState",
          "state": "Start",
        },
        {
          "$type": "AddGlobalValue",
          "key" : "BossChallenge_Energy",
          "target": "Team",
          "value" : -1,
          "useLimitRange" : true,
          "maxValue" : 100,
          "minValue" : 0,
        },
        {
          "$type": "SetGlobalValueToOverrideMap",
          "globalValueKey": "BossChallenge_Energy",
          "overrideMapKey": "CurBossChallengeEnergy",
        },
        {
          "$type": "ServerLuaCall",
          "luaCallType": "CurGalleryControlGroup",
          "funcName": "SLC_UpdateTRemainUseTime",
          "paramNum": 2,
          "param1": "%CurBossChallengeEnergy",
          "param2": 2
        },
        {
          "$type": "AttachModifier",
          "modifierName": "UNIQUE_BossChallenge_ElementAddHurt_Ice",
          "target": "AllPlayerAvatars",
        },
      ],
      "modifiers": 
      {
				"UNIQUE_BossChallenge_ElementAddHurt_Ice":
				{
					"isLimitedProperties": true,
					"stacking": "RefreshUniqueDurability",
					"isUnique": true,
					"duration": "%Time",
          "state": "AttackUp",
          "buffID": 35016,
					"properties":
					{
						"Actor_IceAddHurtDelta": "%ElementAddHurt_Ice",
					},
				},
        "InitData":
        {
          "duration":0.5,
          "onRemoved":
          [
            {
              "$type": "SetGlobalValueToOverrideMap",
              "globalValueKey": "SGV_HypostasisChallenge_T_MaxTriggerCount",
              "overrideMapKey": "MaxUseTime",
            },
            {
              "$type": "SetGlobalValue",
              "key": "BossChallenge_Energy",
              "value":"%MaxUseTime",
            },
          ]
        }
      },
			"abilitySpecials":
			{
				"ElementAddHurt_Ice": 0,
				"Time": 0,
        "MaxUseTime":0,
        "CurBossChallengeEnergy":0,
			},
    },
  }, 
  //[2] 角色雷元素造成伤害提升X%，持续X秒。 [OK]
  {
    "Default": 
    {
      "$type": "ConfigAbility",
      "abilityName": "ActivityAbility_BossChallenge_Water_ElementAddHurt_Elec",
      "isDynamicAbility": true,
      "onAdded":
      [
        {
            "$type": "ShowExtraAbility",
            "skillID": 20032,
        },
        {
          "$type": "ApplyModifier",
          "modifierName": "InitData",
        },
        {
            "$type": "SetExtraAbilityEnable",
            "enable": true,
        },

      ],
      "onRemoved": 
      [
          {
              "$type": "ShowExtraAbility",
              "skillID": 0,
          },
          {
            "$type": "SetGlobalValue",
            "key": "BossChallenge_Energy",
            "value":0,
          },
      ],
      "onAbilityStart":
      [
        {
          "$type": "AttachModifier",
          "modifierName": "UNIQUE_BossChallenge_ElementAddHurt_Elec",
          "target": "AllPlayerAvatars",
        },
        {
          "$type": "SetExtraAbilityState",
          "state": "Start",
        },
        {
          "$type": "AddGlobalValue",
          "key" : "BossChallenge_Energy",
          "target": "Team",
          "value" : -1,
          "useLimitRange" : true,
          "maxValue" : 100,
          "minValue" : 0,
        },
        {
          "$type": "SetGlobalValueToOverrideMap",
          "globalValueKey": "BossChallenge_Energy",
          "overrideMapKey": "CurBossChallengeEnergy",
        },
        {
          "$type": "ServerLuaCall",
          "luaCallType": "CurGalleryControlGroup",
          "funcName": "SLC_UpdateTRemainUseTime",
          "paramNum": 2,
          "param1": "%CurBossChallengeEnergy",
          "param2": 3
        },
      ],
      "modifiers": 
      {
				"UNIQUE_BossChallenge_ElementAddHurt_Elec":
				{
					"isLimitedProperties": true,
					"stacking": "RefreshUniqueDurability",
					"isUnique": true,
					"duration": "%Time",
          "state": "AttackUp",
          "buffID": 35016,
					"properties":
					{
						"Actor_ElecAddHurtDelta": "%ElementAddHurt_Elec",
					},
				},
        "InitData":
        {
          "duration":0.5,
          "onRemoved":
          [
            {
              "$type": "SetGlobalValueToOverrideMap",
              "globalValueKey": "SGV_HypostasisChallenge_T_MaxTriggerCount",
              "overrideMapKey": "MaxUseTime",
            },
            {
              "$type": "SetGlobalValue",
              "key": "BossChallenge_Energy",
              "value":"%MaxUseTime",
            },
          ]
        }
      },
			"abilitySpecials":
			{
				"ElementAddHurt_Elec": 0,
				"Time": 0,
        "MaxUseTime":0,
        "CurBossChallengeEnergy":0,
			},
    },
  },
  //[3]进入状态A，持续X秒，在此状态下一次触发冻结反应时能够以目标为中心引发冰元素范围伤害，至多触发2次。 [OK]
  {
    "Default": 
    {
      "$type": "ConfigAbility",
      "abilityName": "ActivityAbility_BossChallenge_Water_FreezeTriggerCJB",
      "isDynamicAbility": true,
      "onAdded":
      [
        {
            "$type": "ShowExtraAbility",
            "skillID": 20030,
        },
        {
          "$type": "ApplyModifier",
          "modifierName": "InitData",
        },
        {
            "$type": "SetExtraAbilityEnable",
            "enable": true,
        },
        {
          "$type": "SetSystemValueToOverrideMap",
          "key": "ImpactDamageSystemValue",
          "type": "ElementLevelCo"
        },
        //初始化触发次数
        {
          "$type": "SetGlobalValue",
          "key": "_ABILITY_BossChallenge_Freeze_TriggerCount",
          "target":"Team",	
          "value": 0,
        },
      ],
      "onRemoved": 
      [
          {
              "$type": "ShowExtraAbility",
              "skillID": 0,
          },
          {
            "$type": "SetGlobalValue",
            "key": "BossChallenge_Energy",
            "value":0,
          },
      ],
      "onAbilityStart":
      [
        {
          "$type": "SetExtraAbilityState",
          "state": "Start",
        },
        {
          "$type": "AddGlobalValue",
          "key" : "BossChallenge_Energy",
          "target": "Team",
          "value" : -1,
          "useLimitRange" : true,
          "maxValue" : 100,
          "minValue" : 0,
        },
        {
          "$type": "SetGlobalValueToOverrideMap",
          "globalValueKey": "BossChallenge_Energy",
          "overrideMapKey": "CurBossChallengeEnergy",
        },
        {
          "$type": "ServerLuaCall",
          "luaCallType": "CurGalleryControlGroup",
          "funcName": "SLC_UpdateTRemainUseTime",
          "paramNum": 2,
          "param1": "%CurBossChallengeEnergy",
          "param2": 1
        },
        //初始化触发次数
        {
          "$type": "SetGlobalValue",
          "key": "_ABILITY_BossChallenge_Freeze_TriggerCount",
          "target":"Team",	
          "value": 0,
        },
        {
          "$type": "AttachModifier",
          "modifierName": "UNIQUE_BossChallenge_FreezeTriggerCJB_Handler",
          "target": "AllPlayerAvatars",
          "doOffStage": true,
        },
      ],
      "modifiers":
      {
				"UNIQUE_BossChallenge_FreezeTriggerCJB_Handler":
				{
					"isUnique": true,
          "stacking":"RefreshUniqueDurability",
					"duration": "%Time",
          "buffID": 35016,
          "modifierMixins": 
          [
            {
                "$type": "DoActionByElementReactionMixin",
                "entityTypes": ["Monster"],
                "reactionTypes": ["Freeze"],
                "range": 30,
                "actions": 
                [
                    {
                        "$type": "ApplyModifier",
                        "doOffStage": true,
                        "target": "Other",
                        "modifierName": "UNIQUE_BossChallenge_FreezeTriggerCJB_CJB",
                        "predicates": 
                        [
                          {
                            "$type":"ByTargetGlobalValue",
                            "target":"Team",
                            "key":"_ABILITY_BossChallenge_Freeze_TriggerCount",
                            "value":1,
                            "compareType":"LessAndEqual",
                          },
                        ],
                    },
                    {
                      "$type": "AddGlobalValue",
                      "key": "_ABILITY_BossChallenge_Freeze_TriggerCount",
                      "target":"Team",
                      "value": 1,
                      "useLimitRange":true,
                      "maxValue": 3,
                      "doOffStage": true,
                    },
                ]
            }
          ],
          "onRemoved":
          [
            {
              "$type": "SetGlobalValue",
              "key": "_ABILITY_BossChallenge_Freeze_TriggerCount",
              "target":"Team",	
              "value": 0,
            },           
          ]
				},
        "UNIQUE_BossChallenge_FreezeTriggerCJB_CJB":
        {
          "isUnique":true,
          "duration":0.2, //冻结后的CJB错开一点时间
          "onRemoved":
          [
            {
              "$type": "FireEffect",
              "effectPattern": "Eff_Stages_GainShieldDoDamage_Ice",
              "born": 
              {
                "$type": "ConfigBornByTarget",
              },
            },
            {
              "$type": "TriggerAttackEvent",
              "target": "Applier",
              "targetType": "Enemy",
              "attackEvent": 
              {
                "attackPattern": 
                {
                  "$type": "ConfigAttackSphere",
                  "triggerType": "TriggerNoRepeat",
                  "radius": 5,
                  "born": 
                  {
                    "$type": "ConfigBornBySelf",
                  },
                },
                "attackInfo": 
                {
                  "attackProperty": 
                  {
                    "damageExtra": "%ImpactDamage*%ImpactDamageSystemValue",
                    "ignoreAttackerProperty": true,//忽略角色属性加成
                    "ignoreModifyDamage": true,
                    "trueDamage": true,
                    "elementDurability": 25,
                    "elementType": "Ice",
                    "strikeType": "Default",
                    "enBreak": 0,
                  },
                  "hitPattern": 
                  {
                    "onHitEffectName": "",
                    "hitImpulseType": "LV1", 
                    "reboundRatio": 0,
                    "hitHaltTime": 0.0,
                    "hitHaltTimeScale": 0.01,
                    "muteHitText": false,
                  },
                }
              },
            },
          ],          
        },
        "InitData":
        {
          "duration":0.5,
          "onRemoved":
          [
            {
              "$type": "SetGlobalValueToOverrideMap",
              "globalValueKey": "SGV_HypostasisChallenge_T_MaxTriggerCount",
              "overrideMapKey": "MaxUseTime",
            },
            {
              "$type": "SetGlobalValue",
              "key": "BossChallenge_Energy",
              "value":"%MaxUseTime",
            },
          ]
        }
      },
      "abilitySpecials": 
      {
          "ImpactDamageSystemValue": 0,
          "ImpactDamage": 0,
          "Time": 0,
          "MaxUseTime":0,
          "CurBossChallengeEnergy":0,
      }   
    },
  },
  //[4]队伍内所有角色恢复60点能量，并且每隔②秒回复8%的最大生命值，持续12秒。
  {
    "Default": 
    {
      "$type": "ConfigAbility",
      "abilityName": "ActivityAbility_BossChallenge_Water_KillMonsterHealHp",
      "isDynamicAbility": true,
      "onAdded": 
      [
          {
              "$type": "ShowExtraAbility",
              "skillID": 20033,
          },
          {
            "$type": "ApplyModifier",
            "modifierName": "InitData",
          },
          {
              "$type": "SetExtraAbilityEnable",
              "enable": true,
          },
      ],
      "onRemoved": 
      [
          {
              "$type": "ShowExtraAbility",
              "skillID": 0,
          },
          {
            "$type": "SetGlobalValue",
            "key": "BossChallenge_Energy",
            "value":0,
          },
      ],
      "onAbilityStart":
      [
        {
          "$type": "SetExtraAbilityState",
          "state": "Start",
        },
        {
          "$type": "AddGlobalValue",
          "key" : "BossChallenge_Energy",
          "target": "Team",
          "value" : -1,
          "useLimitRange" : true,
          "maxValue" : 100,
          "minValue" : 0,
        },
        {
          "$type": "SetGlobalValueToOverrideMap",
          "globalValueKey": "BossChallenge_Energy",
          "overrideMapKey": "CurBossChallengeEnergy",
        },
        {
          "$type": "ServerLuaCall",
          "luaCallType": "CurGalleryControlGroup",
          "funcName": "SLC_UpdateTRemainUseTime",
          "paramNum": 2,
          "param1": "%CurBossChallengeEnergy",
          "param2": 4
        },
        {
          "$type": "RemoveUniqueModifier",
          "modifierName": "UNIQUE_BossChallenge_Water_HealHp",
          "target": "AllPlayerAvatars",
        },
        {
          "$type": "SetGlobalValueToOverrideMap",
          "globalValueKey": "SGV_Team_HypostasisChallenge_Water",
          "overrideMapKey": "HealHPLayer",
        },
        //给所有角色回能
        {
          "$type": "ApplyModifier",
          "modifierName": "UNIQUE_BossChallenge_Water_ReviveEnergy",
          "target": "AllPlayerAvatars",
        },        
        {
          "$type": "AttachModifier",
          "modifierName": "UNIQUE_BossChallenge_Water_HealHp",
          "target": "AllPlayerAvatars",
        },
      ],
      "modifiers": 
      {
        "UNIQUE_BossChallenge_Water_ReviveEnergy":
        {
          "isUnique":true,
          "duration": 1,
          "onAdded":
          [
            {
              "$type":"ReviveElemEnergy", 
              "value": "%ReviveEnergy",
              "doOffStage":true,
            },
          ]
        },
				"UNIQUE_BossChallenge_Water_HealHp":
				{
					"isUnique": true,
					"duration": "%Duration",
          "buffID": 35016,
          "thinkInterval": "%Interval",
          "onThinkInterval":
          [
            {
              "$type": "HealHP",
              "target": "Self",
              "amountByTargetMaxHPRatio": "%HealHPRatio",
              "doOffStage":true,
            },
          ],
          "onAdded":
          [
            {
              "$type": "HealHP",
              "target": "Self",
              "amountByTargetMaxHPRatio": "%HealHPRatio",
              "doOffStage":true,
            },           
          ]
				},
        "InitData":
        {
          "duration":0.5,
          "onRemoved":
          [
            {
              "$type": "SetGlobalValueToOverrideMap",
              "globalValueKey": "SGV_HypostasisChallenge_T_MaxTriggerCount",
              "overrideMapKey": "MaxUseTime",
            },
            {
              "$type": "SetGlobalValue",
              "key": "BossChallenge_Energy",
              "value":"%MaxUseTime",
            },
          ]
        }
      },
			"abilitySpecials":
			{
        "ReviveEnergy": 0,
        "HealHPRatio": 0,
        "Duration": 0,
        "Interval": 0,
        "HealHPLayer": 0,
        "MaxUseTime":0,
        "CurBossChallengeEnergy":0,
        "HealHPValue": 0,
        
			},
    },
  }, 
//////////////////////////////////////////////////////////
//
//    无相火可选技能
//
//////////////////////////////////////////////////////////

  //[1] 角色水元素造成伤害提升X%，持续X秒。 [OK]
  {
    "Default": 
    {
      "$type": "ConfigAbility",
      "abilityName": "ActivityAbility_BossChallenge_Fire_ElementAddHurt_Water",
      "isDynamicAbility": true,
      "onAdded":
      [
        {
            "$type": "ShowExtraAbility",
            "skillID": 20034,
        },
        {
          "$type": "ApplyModifier",
          "modifierName": "InitData",
        },
        {
            "$type": "SetExtraAbilityEnable",
            "enable": true,
        },
      ],
      "onRemoved": 
      [
          {
              "$type": "ShowExtraAbility",
              "skillID": 0,
          },
          {
            "$type": "SetGlobalValue",
            "key": "BossChallenge_Energy",
            "value":0,
          },
      ],
      "onAbilityStart":
      [
        {
          "$type": "SetExtraAbilityState",
          "state": "Start",
        },
        {
          "$type": "AddGlobalValue",
          "key" : "BossChallenge_Energy",
          "target": "Team",
          "value" : -1,
          "useLimitRange" : true,
          "maxValue" : 100,
          "minValue" : 0,
        },
        {
          "$type": "SetGlobalValueToOverrideMap",
          "globalValueKey": "BossChallenge_Energy",
          "overrideMapKey": "CurBossChallengeEnergy",
        },
        {
          "$type": "ServerLuaCall",
          "luaCallType": "CurGalleryControlGroup",
          "funcName": "SLC_UpdateTRemainUseTime",
          "paramNum": 2,
          "param1": "%CurBossChallengeEnergy",
          "param2": 5
        },
        {
          "$type": "AttachModifier",
          "modifierName": "UNIQUE_BossChallenge_ElementAddHurt_Water",
          "target": "AllPlayerAvatars",
        },
      ],
      "modifiers": 
      {
				"UNIQUE_BossChallenge_ElementAddHurt_Water":
				{
					"isLimitedProperties": true,
          "stacking": "RefreshUniqueDurability",
					"isUnique": true,
					"duration": "%Time",
          "state": "AttackUp",
          "buffID": 35016,
					"properties":
					{
						"Actor_WaterAddHurtDelta": "%ElementAddHurt_Water",
					},
				},
        "InitData":
        {
          "duration":0.5,
          "onRemoved":
          [
            {
              "$type": "SetGlobalValueToOverrideMap",
              "globalValueKey": "SGV_HypostasisChallenge_T_MaxTriggerCount",
              "overrideMapKey": "MaxUseTime",
            },
            {
              "$type": "SetGlobalValue",
              "key": "BossChallenge_Energy",
              "value":"%MaxUseTime",
            },
          ]
        }
      },
			"abilitySpecials":
			{
				"ElementAddHurt_Water": 0,
				"Time": 0,
        "MaxUseTime":0,
        "CurBossChallengeEnergy":0,
			},
    },
  },
  //[2] 以自身为中心创生一片下雨的区域，持续X秒。如果队伍里存在水角色，则区域范围更大
  {
    "Default": 
    {
      "$type": "ConfigAbility",
      "abilityName": "ActivityAbility_BossChallenge_Fire_Rain",
      "isDynamicAbility": true,
      "onAdded":
      [
        {
            "$type": "ShowExtraAbility",
            "skillID": 20035,
        },
        {
          "$type": "ApplyModifier",
          "modifierName": "InitData",
        },
        {
            "$type": "SetExtraAbilityEnable",
            "enable": true,
        },
        //挂的时候就算一下队里水角色数量
        {
          "$type": "SetGlobalValue",
          "target": "Team",
          "key": "Team_Boss_Water_Mark",
          "value": 1,
          "predicates":
          [
            {
              "$type": "ByBigTeamHasElementType",
              "elementType": "Water",
              "number": 1,
              "logic": "GreaterOrEqual",
            },
          ],
        },
        {
          "$type": "SetGlobalValue",
          "target": "Team",
          "key": "Team_Boss_Water_Mark",
          "value": 0,
          "predicates":
          [
            {
              "$type": "ByBigTeamHasElementType",
              "elementType": "Water",
              "number": 0,
              "logic": "Equal",
            },
          ],
        },
      ],
      "onRemoved": 
      [
          {
              "$type": "ShowExtraAbility",
              "skillID": 0,
          },
          {
            "$type": "SetGlobalValue",
            "key": "BossChallenge_Energy",
            "value":0,
          },
      ],
      "onAbilityStart":
      [
        {
          "$type": "SetExtraAbilityState",
          "state": "Start",
        },
        {
          "$type": "AddGlobalValue",
          "key" : "BossChallenge_Energy",
          "target": "Team",
          "value" : -1,
          "useLimitRange" : true,
          "maxValue" : 100,
          "minValue" : 0,
        },
        {
          "$type": "SetGlobalValueToOverrideMap",
          "globalValueKey": "BossChallenge_Energy",
          "overrideMapKey": "CurBossChallengeEnergy",
        },
        {
          "$type": "ServerLuaCall",
          "luaCallType": "CurGalleryControlGroup",
          "funcName": "SLC_UpdateTRemainUseTime",
          "paramNum": 2,
          "param1": "%CurBossChallengeEnergy",
          "param2": 6
        },
        {
          "$type": "SetGlobalValue",
          "target": "Team",
          "key": "Team_Boss_Water_Mark",
          "value": 1,
          "predicates":
          [
            {
              "$type": "ByBigTeamHasElementType",
              "elementType": "Water",
              "number": 1,
              "logic": "GreaterOrEqual",
            },
          ],
        },
        {
          "$type": "SetGlobalValue",
          "target": "Team",
          "key": "Team_Boss_Water_Mark",
          "value": 0,
          "predicates":
          [
            {
              "$type": "ByBigTeamHasElementType",
              "elementType": "Water",
              "number": 0,
              "logic": "Equal",
            },
          ],
        },
        {
          "$type": "Predicated",
          "target": "Team",
          "targetPredicates":
          [
            {
              "$type": "ByTargetGlobalValue",
              "key": "Team_Boss_Water_Mark",
              "target": "Team",
              "value": 1,
              "compareType": "Equal",
            },
          ],
          "successActions":  
          [
            {
              "$type": "CreateGadget",
              "doOffStage":true,
              "gadgetID": 44000542,
              "campID": 1001,
              "campTargetType": "Enemy",
              "ownerIs": "Team", //数值走地城等级
              "born":
              {
                "$type": "ConfigBornBySelf",
                "offset": 
                {
                  "x": 0.0,
                  "y": 0.0,
                  "z": 0.0,
                },
                "onGround": true,
              },
            },

          ],
          "failActions": 
          [
            {
              "$type": "CreateGadget",
              "doOffStage":true,
              "gadgetID": 44000541,
              "campID": 1001,
              "campTargetType": "Enemy",
              "ownerIs": "Team", //数值走地城等级
              "born":
              {
                "$type": "ConfigBornBySelf",
                "offset": 
                {
                  "x": 0.0,
                  "y": 0.0,
                  "z": 0.0,
                },
                "onGround": true,
              },
            },          
          ]
        },
      ],
      "modifiers": 
      {
        "InitData":
        {
          "duration":0.5,
          "onRemoved":
          [
            {
              "$type": "SetGlobalValueToOverrideMap",
              "globalValueKey": "SGV_HypostasisChallenge_T_MaxTriggerCount",
              "overrideMapKey": "MaxUseTime",
            },
            {
              "$type": "SetGlobalValue",
              "key": "BossChallenge_Energy",
              "value":"%MaxUseTime",
            },
          ]
        }
      },
			"abilitySpecials":
			{
        "MaxUseTime":0,
        "CurBossChallengeEnergy":0,
			},
    },
  }, 
  //[3] 记录消耗火种的数量（只计算玩家消耗的，火种killself不算），使用技能后根据数量提升全队角色X%攻击力并清除GV
  {
    "Default": 
    {
      "$type": "ConfigAbility",
      "abilityName": "ActivityAbility_BossChallenge_Fire_KillMonsterAttackUp",
      "isDynamicAbility": true,
      "onAdded":
      [
        {
            "$type": "ShowExtraAbility",
            "skillID": 20036,
        },
        {
          "$type": "ApplyModifier",
          "modifierName": "InitData",
        },
        {
            "$type": "SetExtraAbilityEnable",
            "enable": true,
        },
      ],
      "onRemoved": 
      [
          {
              "$type": "ShowExtraAbility",
              "skillID": 0,
          },
          {
            "$type": "SetGlobalValue",
            "key": "BossChallenge_Energy",
            "value":0,
          },
      ],
      "onAbilityStart":
      [
        {
          "$type": "SetExtraAbilityState",
          "state": "Start",
        },
        {
          "$type": "AddGlobalValue",
          "key" : "BossChallenge_Energy",
          "target": "Team",
          "value" : -1,
          "useLimitRange" : true,
          "maxValue" : 100,
          "minValue" : 0,
        },
        {
          "$type": "SetGlobalValueToOverrideMap",
          "globalValueKey": "BossChallenge_Energy",
          "overrideMapKey": "CurBossChallengeEnergy",
        },
        {
          "$type": "ServerLuaCall",
          "luaCallType": "CurGalleryControlGroup",
          "funcName": "SLC_UpdateTRemainUseTime",
          "paramNum": 2,
          "param1": "%CurBossChallengeEnergy",
          "param2": 7
        },
        {
          "$type": "RemoveUniqueModifier",
          "modifierName": "UNIQUE_BossChallenge_Fire_AttackEnhance_Handler",
          "target": "Team",
        },
        {
          "$type": "AttachModifier",
          "modifierName": "UNIQUE_BossChallenge_Fire_AttackEnhance_Handler",
          "target": "Team",
        },
      ],
      "modifiers": 
      {
				"UNIQUE_BossChallenge_Fire_AttackEnhance_Handler":
				{
					"isLimitedProperties": true,
					"stacking": "Unique",
					"isUnique": true,
					"duration": "%Time",
          "state": "AttackUp",
          "onAdded": 
          [
            {
              "$type": "SetGlobalValueToOverrideMap",
              "globalValueKey": "SGV_Team_HypostasisChallenge_Fire",
              "overrideMapKey": "AttackEnhanceLayer",
            },
            {
              "$type": "AttachModifier",
              "modifierName": "UNIQUE_BossChallenge_Fire_AttackEnhance_Property",
              "target": "AllPlayerAvatars",
            },
          ],
				},
				"UNIQUE_BossChallenge_Fire_AttackEnhance_Property":
				{
					"isLimitedProperties": true,
					"stacking": "Unique",
					"isUnique": true,
          "buffID": 35016,
          "properties":
          {
            "Actor_AttackDelta":"%AttackEnhanceValue",
            "Actor_AttackRatio":"%AttackEnhanceLayer*%AttackEnhanceRatio",
          },
          "onAdded": 
          [
            {
              "$type": "ServerLuaCall",
              "luaCallType": "CurGalleryControlGroup",
              "funcName": "SLC_ClearSGV",
            },
          ],
				},
        "InitData":
        {
          "duration":0.5,
          "onRemoved":
          [
            {
              "$type": "SetGlobalValueToOverrideMap",
              "globalValueKey": "SGV_HypostasisChallenge_T_MaxTriggerCount",
              "overrideMapKey": "MaxUseTime",
            },
            {
              "$type": "SetGlobalValue",
              "key": "BossChallenge_Energy",
              "value":"%MaxUseTime",
            },
          ]
        }
      },
			"abilitySpecials":
			{
        "AttackEnhanceValue": 0,
        "AttackEnhanceRatio": 0,
        "Time": 0,
        "AttackEnhanceLayer": 0,
        "MaxUseTime":0,
        "CurBossChallengeEnergy":0,
			},
    },
  }, 
  //[4] 当前场上角色获得霸体，并且受到的伤害降低X%，持续X秒。 [OK]
  {
    "Default": 
    {
      "$type": "ConfigAbility",
      "abilityName": "ActivityAbility_BossChallenge_Fire_SubHurtDeltaDown",
      "isDynamicAbility": true,
      "onAdded":
      [
        {
            "$type": "ShowExtraAbility",
            "skillID": 20037,
        },
        {
          "$type": "ApplyModifier",
          "modifierName": "InitData",
        },
        {
            "$type": "SetExtraAbilityEnable",
            "enable": true,
        },
      ],
      "onRemoved": 
      [
          {
              "$type": "ShowExtraAbility",
              "skillID": 0,
          },
          {
            "$type": "SetGlobalValue",
            "key": "BossChallenge_Energy",
            "value":0,
          },
      ],
      "onAbilityStart":
      [
        {
          "$type": "SetExtraAbilityState",
          "state": "Start",
        },
        {
          "$type": "AddGlobalValue",
          "key" : "BossChallenge_Energy",
          "target": "Team",
          "value" : -1,
          "useLimitRange" : true,
          "maxValue" : 100,
          "minValue" : 0,
        },
        {
          "$type": "SetGlobalValueToOverrideMap",
          "globalValueKey": "BossChallenge_Energy",
          "overrideMapKey": "CurBossChallengeEnergy",
        },
        {
          "$type": "ServerLuaCall",
          "luaCallType": "CurGalleryControlGroup",
          "funcName": "SLC_UpdateTRemainUseTime",
          "paramNum": 2,
          "param1": "%CurBossChallengeEnergy",
          "param2": 8
        },
				{
					"$type": "AttachModifier",
					"modifierName": "UNIQUE_BossChallenge_Fire_SubHurtDeltaDown_Team",
          "target": "AllTeams",
				},
      ],
      "modifiers": 
      {
        "UNIQUE_BossChallenge_Fire_SubHurtDeltaDown_Team":
        {
					"duration": "%Time",
					"isUnique": true,
          "stacking": "RefreshUniqueDurability",
          "modifierMixins":
          [
              {
                  "$type":"CurLocalAvatarMixinV2",
                  "modifierName":"UNIQUE_BossChallenge_ElementAddHurt_Endure",
              },
          ],
        },
				"UNIQUE_BossChallenge_ElementAddHurt_Endure":
				{
					"isLimitedProperties": true,
					"stacking": "RefreshUniqueDurability",
					"isUnique": true,
          "buffID": 35016,
					"properties":
					{
            "Actor_EndureDelta": 0, //霸体
            "Actor_SubHurtDelta": "%SubHurtDelta",
					},
				},
        "InitData":
        {
          "duration":0.5,
          "onRemoved":
          [
            {
              "$type": "SetGlobalValueToOverrideMap",
              "globalValueKey": "SGV_HypostasisChallenge_T_MaxTriggerCount",
              "overrideMapKey": "MaxUseTime",
            },
            {
              "$type": "SetGlobalValue",
              "key": "BossChallenge_Energy",
              "value":"%MaxUseTime",
            },
          ]
        }
      },
			"abilitySpecials":
			{
				"SubHurtDelta": 0,
				"Time": 0,
        "MaxUseTime":0,
        "CurBossChallengeEnergy":0,
			},
    },
  },
//////////////////////////////////////////////////////////
//
//    无相冰可选技能
//
////////////////////////////////////////////////////////// 
  //[1]踢球能够对怪物造成双倍的破盾效率，持续X秒。
  {
    "Default": 
    {
      "$type": "ConfigAbility",
      "abilityName": "ActivityAbility_BossChallenge_Ice_DoubleDestoryShield",
      "isDynamicAbility": true,
      "onAdded":
      [
        {
            "$type": "ShowExtraAbility",
            "skillID": 20038,
        },
        {
          "$type": "ApplyModifier",
          "modifierName": "InitData",
        },
        {
            "$type": "SetExtraAbilityEnable",
            "enable": true,
        },
        {
          "$type": "RemoveUniqueModifier",
          "modifierName": "UNIQUE_BossChallenge_Ice_DoubleDestoryShield",
          "target": "AllTeams",
        },
      ],
      "onRemoved": 
      [
          {
              "$type": "ShowExtraAbility",
              "skillID": 0,
          },
          {
            "$type": "SetGlobalValue",
            "key": "BossChallenge_Energy",
            "value":0,
          },
      ],
      "onAbilityStart":
      [
        {
          "$type": "SetExtraAbilityState",
          "state": "Start",
        },
        {
          "$type": "AddGlobalValue",
          "key" : "BossChallenge_Energy",
          "target": "Team",
          "value" : -1,
          "useLimitRange" : true,
          "maxValue" : 100,
          "minValue" : 0,
        },
        {
          "$type": "SetGlobalValueToOverrideMap",
          "globalValueKey": "BossChallenge_Energy",
          "overrideMapKey": "CurBossChallengeEnergy",
        },
        {
          "$type": "ServerLuaCall",
          "luaCallType": "CurGalleryControlGroup",
          "funcName": "SLC_UpdateTRemainUseTime",
          "paramNum": 2,
          "param1": "%CurBossChallengeEnergy",
          "param2": 9
        },
        {
          "$type": "ApplyModifier",
          "modifierName": "UNIQUE_BossChallenge_Ice_DoubleDestoryShield",
          "target": "AllTeams",
        },
        {
          "$type": "ApplyModifier",
          "modifierName": "UNIQUE_BossChallenge_Ice_DoubleDestoryShield",
          "target": "AllPlayerAvatars",
        },
      ],
      "modifiers": 
      {
        "UNIQUE_BossChallenge_Ice_DoubleDestoryShield":
        {
          "useDummyAbility": true,
					"isLimitedProperties": true,
					"stacking": "RefreshUniqueDurability",
					"isUnique": true,
					"duration": "%Time",
          "buffID": 35016,
          "onAdded":
          [
            {
              "$type": "SetGlobalValue",
              "target": "Self",
              "key": "Team_HypostasisChallenge_Ice_BreakShield",   
              "value": 1,
              "doOffStage": true,
            },
          ],
          "onRemoved":
          [
            {
              "$type": "SetGlobalValue",
              "target": "Self",
              "key": "Team_HypostasisChallenge_Ice_BreakShield",   
              "value": 0,
              "doOffStage": true,
            },
          ]
        },
        "InitData":
        {
          "duration":0.5,
          "onRemoved":
          [
            {
              "$type": "SetGlobalValueToOverrideMap",
              "globalValueKey": "SGV_HypostasisChallenge_T_MaxTriggerCount",
              "overrideMapKey": "MaxUseTime",
            },
            {
              "$type": "SetGlobalValue",
              "key": "BossChallenge_Energy",
              "value":"%MaxUseTime",
            },
          ]
        }
      },
			"abilitySpecials":
			{
        "Time": 0,
        "MaxUseTime":0,
        "CurBossChallengeEnergy":0,
			},
    },
  }, 
  //[2]并前方位置种下一颗火种，周期对范围造成火元素伤害（等于能清1层的墙）
  {
    "Default": 
    {
      "$type": "ConfigAbility",
      "abilityName": "ActivityAbility_BossChallenge_Ice_DestoryWall",
      "isDynamicAbility": true,
      "onAdded":
      [
        {
            "$type": "ShowExtraAbility",
            "skillID": 20039,
        },
        {
          "$type": "ApplyModifier",
          "modifierName": "InitData",
        },
        {
            "$type": "SetExtraAbilityEnable",
            "enable": true,
        },
      ],
      "onRemoved": 
      [
          {
              "$type": "ShowExtraAbility",
              "skillID": 0,
          },
          {
            "$type": "SetGlobalValue",
            "key": "BossChallenge_Energy",
            "value":0,
          },
      ],
      "onAbilityStart":
      [
        {
          "$type": "SetExtraAbilityState",
          "state": "Start",
        },
        {
          "$type": "AddGlobalValue",
          "key" : "BossChallenge_Energy",
          "target": "Team",
          "value" : -1,
          "useLimitRange" : true,
          "maxValue" : 100,
          "minValue" : 0,
        },
        {
          "$type": "SetGlobalValueToOverrideMap",
          "globalValueKey": "BossChallenge_Energy",
          "overrideMapKey": "CurBossChallengeEnergy",
        },
        {
          "$type": "ServerLuaCall",
          "luaCallType": "CurGalleryControlGroup",
          "funcName": "SLC_UpdateTRemainUseTime",
          "paramNum": 2,
          "param1": "%CurBossChallengeEnergy",
          "param2": 10
        },
        {
          "$type": "ApplyModifier",
          "modifierName": "BossChallenge_Ice_DestoryWall_Handler",
          "doOffStage": true,	
          "target": "CurLocalAvatar", //由当前场上角色发起创建gadget
        },
      ],
      "modifiers": 
      {
        "BossChallenge_Ice_DestoryWall_Handler":
        {
          "duration": 0.1,
					"onAdded": 
					[
            {
              "$type": "CreateGadget",
              "doOffStage":true,
              "gadgetID": 44000543,
              "campID": 1001,
              "campTargetType": "Enemy",
              "born":
              {
                "$type": "ConfigBornBySelf",
                "offset": 
                {
                  "x": 0.0,
                  "y": 0.0,
                  "z": 2.0,
                },
                "onGround": true,
              },
            },
					]
        },
        "InitData":
        {
          "duration":0.5,
          "onRemoved":
          [
            {
              "$type": "SetGlobalValueToOverrideMap",
              "globalValueKey": "SGV_HypostasisChallenge_T_MaxTriggerCount",
              "overrideMapKey": "MaxUseTime",
            },
            {
              "$type": "SetGlobalValue",
              "key": "BossChallenge_Energy",
              "value":"%MaxUseTime",
            },
          ]
        }
      },
			"abilitySpecials":
			{
        "MaxUseTime":0,
        "CurBossChallengeEnergy":0,
			},
    },
  }, 
  //[3]角色火元素造成伤害提升X%，持续X秒。
  {
    "Default": 
    {
      "$type": "ConfigAbility",
      "abilityName": "ActivityAbility_BossChallenge_Ice_ElementAddHurt_Fire",
      "isDynamicAbility": true,
      "onAdded":
      [
        {
            "$type": "ShowExtraAbility",
            "skillID": 20040,
        },
        {
            "$type": "ApplyModifier",
            "modifierName": "InitData",
        },
        {
            "$type": "SetExtraAbilityEnable",
            "enable": true,
        },
      ],
      "onRemoved": 
      [
          {
              "$type": "ShowExtraAbility",
              "skillID": 0,
          },
          {
            "$type": "SetGlobalValue",
            "key": "BossChallenge_Energy",
            "value":0,
          },
      ],
      "onAbilityStart":
      [
        {
          "$type": "SetExtraAbilityState",
          "state": "Start",
        },
        {
          "$type": "AddGlobalValue",
          "key" : "BossChallenge_Energy",
          "target": "Team",
          "value" : -1,
          "useLimitRange" : true,
          "maxValue" : 100,
          "minValue" : 0,
        },
        {
          "$type": "SetGlobalValueToOverrideMap",
          "globalValueKey": "BossChallenge_Energy",
          "overrideMapKey": "CurBossChallengeEnergy",
        },
        {
          "$type": "ServerLuaCall",
          "luaCallType": "CurGalleryControlGroup",
          "funcName": "SLC_UpdateTRemainUseTime",
          "paramNum": 2,
          "param1": "%CurBossChallengeEnergy",
          "param2": 11
        },
        {
          "$type": "AttachModifier",
          "modifierName": "UNIQUE_BossChallenge_ElementAddHurt_Fire",
          "target": "AllPlayerAvatars",
        },
      ],
      "modifiers": 
      {
				"UNIQUE_BossChallenge_ElementAddHurt_Fire":
				{
					"isLimitedProperties": true,
					"stacking": "RefreshUniqueDurability",
					"isUnique": true,
					"duration": "%Time",
          "state": "AttackUp",
          "buffID": 35016,
					"properties":
					{
						"Actor_FireAddHurtDelta": "%ElementAddHurt_Fire",
					},
				},
        "InitData":
        {
          "duration":0.5,
          "onRemoved":
          [
            {
              "$type": "SetGlobalValueToOverrideMap",
              "globalValueKey": "SGV_HypostasisChallenge_T_MaxTriggerCount",
              "overrideMapKey": "MaxUseTime",
            },
            {
              "$type": "SetGlobalValue",
              "key": "BossChallenge_Energy",
              "value":"%MaxUseTime",
            },
          ]
        }
      },
			"abilitySpecials":
			{
				"ElementAddHurt_Fire": 0,
				"Time": 0,
        "MaxUseTime":0,
        "CurBossChallengeEnergy":0,
			},
    },
  },
  //[4]队伍内所有角色恢复60%最大生命值并清除寒冷值
  {
    "Default": 
    {
      "$type": "ConfigAbility",
      "abilityName": "ActivityAbility_BossChallenge_Ice_HealHp",
      "isDynamicAbility": true,
      "onAdded":
      [
        {
            "$type": "ShowExtraAbility",
            "skillID": 20041,
        },
        {
            "$type": "ApplyModifier",
            "modifierName": "InitData",
        },
        {
            "$type": "SetExtraAbilityEnable",
            "enable": true,
        },
      ],
      "onRemoved": 
      [
        {
            "$type": "ShowExtraAbility",
            "skillID": 0,
        },
        {
          "$type": "SetGlobalValue",
          "key": "BossChallenge_Energy",
          "value":0,
        },
      ],
      "onAbilityStart":
      [
        {
          "$type": "SetExtraAbilityState",
          "state": "Start",
        },
        {
          "$type": "AddGlobalValue",
          "key" : "BossChallenge_Energy",
          "target": "Team",
          "value" : -1,
          "useLimitRange" : true,
          "maxValue" : 100,
          "minValue" : 0,
        },
        {
          "$type": "SetGlobalValueToOverrideMap",
          "globalValueKey": "BossChallenge_Energy",
          "overrideMapKey": "CurBossChallengeEnergy",
        },
        {
          "$type": "ServerLuaCall",
          "luaCallType": "CurGalleryControlGroup",
          "funcName": "SLC_UpdateTRemainUseTime",
          "paramNum": 2,
          "param1": "%CurBossChallengeEnergy",
          "param2": 12
        },
        {
          "$type": "AttachModifier",
          "modifierName": "UNIQUE_BossChallenge_Ice_HealHp",
          "target": "AllPlayerAvatars",
          "doOffStage": true,
        },
      ],
      "modifiers": 
      {
				"UNIQUE_BossChallenge_Ice_HealHp":
				{
					"isUnique": true,
					"duration": 1,
          "onAdded":
          [
            {
              "$type": "HealHP",
              "doOffStage": true,
              "target": "Self",
              "amountByTargetMaxHPRatio": "%MaxHPRatio",
            },
            {
              "$type": "AddClimateMeter",
              "climateType": "Cold",
              "value": -999,
              "doOffStage": true,
            },
          ],
				},
        "InitData":
        {
          "duration":0.5,
          "onRemoved":
          [
            {
              "$type": "SetGlobalValueToOverrideMap",
              "globalValueKey": "SGV_HypostasisChallenge_T_MaxTriggerCount",
              "overrideMapKey": "MaxUseTime",
            },
            {
              "$type": "SetGlobalValue",
              "key": "BossChallenge_Energy",
              "value":"%MaxUseTime",
            },
          ]
        }
      },
			"abilitySpecials":
			{
				"MaxHPRatio": 0,
        "MaxUseTime":0,
        "CurBossChallengeEnergy":0,
			},
    },
  },

//////////////////////////////////////////////////////////
//
//    无相草可选技能
//
////////////////////////////////////////////////////////// 
//[1]使用技能后，全队角色造成的攻击力提升A%，此时若场上每有一个处于非枯亡态效果的场地，数值提升B%，持续X秒。
{
  "Default": 
  {
    "$type": "ConfigAbility",
    "abilityName": "ActivityAbility_BossChallenge_Grass_ChangeTriggerDamageUp",
    "isDynamicAbility": true,
    "onAdded":
    [
      {
          "$type": "ShowExtraAbility",
          "skillID": 20042,
      },
      {
        "$type": "ApplyModifier",
        "modifierName": "InitData",
      },
      {
          "$type": "SetExtraAbilityEnable",
          "enable": true,
      },
    ],
    "onRemoved": 
    [
        {
            "$type": "ShowExtraAbility",
            "skillID": 0,
        },
        {
          "$type": "SetGlobalValue",
          "key": "BossChallenge_Energy",
          "value":0,
        },
    ],    
    "onAbilityStart":
    [
      {
        "$type": "SetExtraAbilityState",
        "state": "Start",
      },
      {
        "$type": "AddGlobalValue",
        "key" : "BossChallenge_Energy",
        "target": "Team",
        "value" : -1,
        "useLimitRange" : true,
        "maxValue" : 100,
        "minValue" : 0,
      },
      {
        "$type": "SetGlobalValueToOverrideMap",
        "globalValueKey": "BossChallenge_Energy",
        "overrideMapKey": "CurBossChallengeEnergy",
      },
      {
        "$type": "ServerLuaCall",
        "luaCallType": "CurGalleryControlGroup",
        "funcName": "SLC_UpdateTRemainUseTime",
        "paramNum": 2,
        "param1": "%CurBossChallengeEnergy",
        "param2": 13
      },
      {
        "$type": "RemoveUniqueModifier",
        "modifierName": "UNIQUE_BossChallenge_Grass_AttackEnhance_Handler",
        "target": "Team",
      },
      {
        "$type": "ApplyModifier",
        "modifierName": "UNIQUE_BossChallenge_Grass_AttackEnhance_Handler",
        "target": "Team",
      },
    ],
    "modifiers": 
    {
      "UNIQUE_BossChallenge_Grass_AttackEnhance_Handler":
      {
        "isLimitedProperties": true,
        "stacking": "Unique",
        "isUnique": true,
        "duration": "%Time",
        "onAdded": 
        [
          {
            "$type": "SetGlobalValueToOverrideMap",
            "globalValueKey": "SGV_Team_HypostasisChallenge_Grass",
            "overrideMapKey": "AttackEnhanceLayer",
          },
          {
            "$type": "AttachModifier",
            "modifierName": "UNIQUE_BossChallenge_Grass_AttackEnhance_Property",
            "target": "AllPlayerAvatars",
          },
        ],
      },
      "UNIQUE_BossChallenge_Grass_AttackEnhance_Property":
      {
        "isLimitedProperties": true,
        "stacking": "Unique",
        "isUnique": true,
        "state": "AttackUp",
        "buffID": 35016,
        "properties":
        {
          "Actor_AttackDelta":"%AttackEnhanceValue",
          "Actor_AttackRatio":"%AttackEnhanceLayer*%AttackEnhanceRatio",
        },
      },
      "InitData":
      {
        "duration":0.5,
        "onRemoved":
        [
          {
            "$type": "SetGlobalValueToOverrideMap",
            "globalValueKey": "SGV_HypostasisChallenge_T_MaxTriggerCount",
            "overrideMapKey": "MaxUseTime",
          },
          {
            "$type": "SetGlobalValue",
            "key": "BossChallenge_Energy",
            "value":"%MaxUseTime",
          },
        ]
      }
    },
    "abilitySpecials":
    {
      "AttackEnhanceValue": 0,
      "AttackEnhanceRatio": 0,
      "Time": 0,
      "AttackEnhanceLayer": 0,
      "MaxUseTime":0,
      "CurBossChallengeEnergy":0,
    },
  },
}, 
//[2]角色水元素造成的伤害提升X%，持续X秒。//废弃
{
  "Default": 
  {
    "$type": "ConfigAbility",
    "abilityName": "ActivityAbility_BossChallenge_Grass_ElementAddHurt_Water",
    "isDynamicAbility": true,
    "onAdded":
    [
      {
          "$type": "ShowExtraAbility",
          "skillID": 20043,//临时占位，废弃
      },
      {
        "$type": "ApplyModifier",
        "modifierName": "InitData",
      },
      {
        "$type": "SetExtraAbilityEnable",
        "enable": true,
      },
    ],
    "onAbilityStart":
    [
      {
        "$type": "SetExtraAbilityState",
        "state": "Start",
      },
      {
        "$type": "AddGlobalValue",
        "key" : "BossChallenge_Energy",
        "target": "Team",
        "value" : -1,
        "useLimitRange" : true,
        "maxValue" : 100,
        "minValue" : 0,
      },
      {
        "$type": "SetGlobalValueToOverrideMap",
        "globalValueKey": "BossChallenge_Energy",
        "overrideMapKey": "CurBossChallengeEnergy",
      },
      {
        "$type": "ServerLuaCall",
        "luaCallType": "CurGalleryControlGroup",
        "funcName": "SLC_UpdateTRemainUseTime",
        "paramNum": 1,
        "param1": "%CurBossChallengeEnergy"
      },
      {
        "$type": "AttachModifier",
        "modifierName": "UNIQUE_BossChallenge_Grass_ElementAddHurt_Water",
        "target": "AllPlayerAvatars",
      },
    ],
    "modifiers": 
    {
      "UNIQUE_BossChallenge_Grass_ElementAddHurt_Water":
      {
        "isLimitedProperties": true,
        "stacking": "Refresh",
        "isUnique": true,
        "duration": "%Time",
        "state": "AttackUp",
        "properties":
        {
          "Actor_WaterAddHurtDelta": "%ElementAddHurt_Water",
        },
      },
      "InitData":
      {
        "duration":0.5,
        "onRemoved":
        [
          {
            "$type": "SetGlobalValueToOverrideMap",
            "globalValueKey": "SGV_HypostasisChallenge_T_MaxTriggerCount",
            "overrideMapKey": "MaxUseTime",
          },
          {
            "$type": "SetGlobalValue",
            "key": "BossChallenge_Energy",
            "value":"%MaxUseTime",
          },
        ]
      }
    },
    "abilitySpecials":
    {
      "ElementAddHurt_Water": 0,
      "Time": 0,
      "MaxUseTime":0,
      "CurBossChallengeEnergy":0,
    },
  },
},
//[3]角色雷元素造成伤害提升X%，持续X秒。//废弃
{
  "Default": 
  {
    "$type": "ConfigAbility",
    "abilityName": "ActivityAbility_BossChallenge_Grass_ElementAddHurt_Elec",
    "isDynamicAbility": true,
    "onAdded":
    [
      {
          "$type": "ShowExtraAbility",
          "skillID": 20043,//临时占位//废弃
      },
      {
        "$type": "ApplyModifier",
        "modifierName": "InitData",
      },
      {
        "$type": "SetExtraAbilityEnable",
        "enable": true,
      },
    ],
    "onAbilityStart":
    [
      {
        "$type": "SetExtraAbilityState",
        "state": "Start",
      },
      {
        "$type": "AddGlobalValue",
        "key" : "BossChallenge_Energy",
        "target": "Team",
        "value" : -1,
        "useLimitRange" : true,
        "maxValue" : 100,
        "minValue" : 0,
      },
      {
        "$type": "SetGlobalValueToOverrideMap",
        "globalValueKey": "BossChallenge_Energy",
        "overrideMapKey": "CurBossChallengeEnergy",
      },
      {
        "$type": "ServerLuaCall",
        "luaCallType": "CurGalleryControlGroup",
        "funcName": "SLC_UpdateTRemainUseTime",
        "paramNum": 1,
        "param1": "%CurBossChallengeEnergy"
      },
      {
        "$type": "AttachModifier",
        "modifierName": "UNIQUE_BossChallenge_Grass_ElementAddHurt_Elec",
        "target": "AllPlayerAvatars",
      },
    ],
    "modifiers": 
    {
      "UNIQUE_BossChallenge_Grass_ElementAddHurt_Elec":
      {
        "isLimitedProperties": true,
        "stacking": "Refresh",
        "isUnique": true,
        "duration": "%Time",
        "state": "AttackUp",
        "properties":
        {
          "Actor_ElecAddHurtDelta": "%ElementAddHurt_Elec",
        },
      },
      "InitData":
      {
        "duration":0.5,
        "onRemoved":
        [
          {
            "$type": "SetGlobalValueToOverrideMap",
            "globalValueKey": "SGV_HypostasisChallenge_T_MaxTriggerCount",
            "overrideMapKey": "MaxUseTime",
          },
          {
            "$type": "SetGlobalValue",
            "key": "BossChallenge_Energy",
            "value":"%MaxUseTime",
          },
        ]
      }
    },
    "abilitySpecials":
    {
      "ElementAddHurt_Elec": 0,
      "Time": 0,
      "MaxUseTime":0,
      "CurBossChallengeEnergy":0,
    },
  },
},
//[4]全队所有角色每隔X秒恢复X%最大生命值，持续X秒。
{
  "Default": 
  {
    "$type": "ConfigAbility",
    "abilityName": "ActivityAbility_BossChallenge_Grass_HealHp",
    "isDynamicAbility": true,
    "onAdded":
    [
      {
          "$type": "ShowExtraAbility",
          "skillID": 20043,
      },
      {
        "$type": "ApplyModifier",
        "modifierName": "InitData",
      },
      {
          "$type": "SetExtraAbilityEnable",
          "enable": true,
      },
    ],
    "onRemoved": 
    [
        {
            "$type": "ShowExtraAbility",
            "skillID": 0,
        },
        {
          "$type": "SetGlobalValue",
          "key": "BossChallenge_Energy",
          "value":0,
        },
    ],
    "onAbilityStart":
    [
      {
        "$type": "SetExtraAbilityState",
        "state": "Start",
      },
      {
        "$type": "AddGlobalValue",
        "key" : "BossChallenge_Energy",
        "target": "Team",
        "value" : -1,
        "useLimitRange" : true,
        "maxValue" : 100,
        "minValue" : 0,
      },
      {
        "$type": "SetGlobalValueToOverrideMap",
        "globalValueKey": "BossChallenge_Energy",
        "overrideMapKey": "CurBossChallengeEnergy",
      },
      {
        "$type": "ServerLuaCall",
        "luaCallType": "CurGalleryControlGroup",
        "funcName": "SLC_UpdateTRemainUseTime",
        "paramNum": 2,
        "param1": "%CurBossChallengeEnergy",
        "param2": 14
      },
      {
        "$type": "AttachModifier",
        "modifierName": "UNIQUE_BossChallenge_Grass_HealHp",
        "target": "AllPlayerAvatars",
        "doOffStage": true,
      },
    ],
    "modifiers": 
    {
      "UNIQUE_BossChallenge_Grass_HealHp":
      {
        "isUnique": true,
        "stacking": "Refresh",
        "duration": "%Time",
        "buffID": 35016,
        "onAdded":
        [
          {
            "$type": "HealHP",
            "doOffStage": true,
            "target": "Self",
            "amountByTargetMaxHPRatio": "%MaxHPRatio",
          },
        ],
        "thinkInterval":"%ThinkInterval",
        "onThinkInterval":
        [
          {
            "$type": "HealHP",
            "doOffStage": true,
            "target": "Self",
            "amountByTargetMaxHPRatio": "%MaxHPRatio",
          },
        ]
      },
      "InitData":
      {
        "duration":0.5,
        "onRemoved":
        [
          {
            "$type": "SetGlobalValueToOverrideMap",
            "globalValueKey": "SGV_HypostasisChallenge_T_MaxTriggerCount",
            "overrideMapKey": "MaxUseTime",
          },
          {
            "$type": "SetGlobalValue",
            "key": "BossChallenge_Energy",
            "value":"%MaxUseTime",
          },
        ]
      }
    },
    "abilitySpecials":
    {
      "MaxHPRatio": 0,
      "ThinkInterval": 0,
      "Time": 0,
      "MaxUseTime":0,
      "CurBossChallengeEnergy":0,
    },
  },
},

///////////////////////////////////////////////////////////////////////
//
// 小型水琥珀水雾
//
///////////////////////////////////////////////////////////////////////
{
  "Default":
  {
    "$type": "ConfigAbility",
    "abilityName": "BossChallengeV2_WaterAmber_Mist",
    "onAdded":
    [
      {
        "$type": "ApplyModifier",
        "modifierName": "Mist",
        "target": "Self",
      },
    ],
    "modifiers":
    {
      "Mist":
      {
        "duration": 4,
        "thinkInterval": 0.5,
        "onAdded":
        [
          {
            "$type": "AttachEffect",
            "effectPattern": "Eff_Activity_BossChallenge_Water_Mist",
          },
        ],
        "onThinkInterval":
        [
          {
            "$type": "ApplyModifier",
            "modifierName": "SteamBangWet",
            "otherTargets":
            {
              "$type": "SelectTargetsByShape",
              "shapeName": "CircleR3",
              "centerBasedOn": "Self",
              "campTargetType": "All",
              "campBasedOn": "Self",
            },
            "predicates":
            [
              {
                "$type":"ByNot",
                "predicates":
                [
                  {
                    "$type":"ByEntityTypes",
                    "entityTypes":["Equip"],
                  },
                ],
              },
            ],
          },
          {
            "$type": "ApplyModifier",
            "modifierName": "SteamBangWet",
            "otherTargets":
            {
              "$type": "SelectTargetsByShape",
              "shapeName": "CircleR3",
              "centerBasedOn": "Self",
              "campTargetType": "All",
              "campBasedOn": "Self",
            },
            "predicates":
            [
              {
                "$type":"ByEntityTypes",
                "entityTypes":["MonsterEquip"],
              },	
            ],
          },
        ],
      },
      "SteamBangWet":
      {
        "duration": 8.0,
        "elementType": "Water",
        "elementDurability": 25,
      },
    },
  },
},

///////////////////////////////////////////////////////////////////////
//
// 大型水琥珀水雾
//
///////////////////////////////////////////////////////////////////////
{
  "Default":
  {
    "$type": "ConfigAbility",
    "abilityName": "BossChallengeV2_WaterAmber_Mist_Big",
    "onAdded":
    [
      {
        "$type": "ApplyModifier",
        "modifierName": "Mist",
        "target": "Self",
      },
    ],
    "modifiers":
    {
      "Mist":
      {
        "duration": 4,
        "thinkInterval": 0.5,
        "onAdded":
        [
          {
            "$type": "AttachEffect",
            "effectPattern": "Eff_Amber_Water_Mist",
          },
        ],
        "onThinkInterval":
        [
          {
            "$type": "ApplyModifier",
            "modifierName": "SteamBangWet",
            "otherTargets":
            {
              "$type": "SelectTargetsByShape",
              "shapeName": "CircleR9",
              "centerBasedOn": "Self",
              "campTargetType": "All",
              "campBasedOn": "Self",
            },
            "predicates":
            [
              {
                "$type":"ByNot",
                "predicates":
                [
                  {
                    "$type":"ByEntityTypes",
                    "entityTypes":["Equip"],
                  },
                ],
              },
            ],
          },
          {
            "$type": "ApplyModifier",
            "modifierName": "SteamBangWet",
            "otherTargets":
            {
              "$type": "SelectTargetsByShape",
              "shapeName": "CircleR9",
              "centerBasedOn": "Self",
              "campTargetType": "All",
              "campBasedOn": "Self",
            },
            "predicates":
            [
              {
                "$type":"ByEntityTypes",
                "entityTypes":["MonsterEquip"],
              },	
            ],
          },
        ],
      },
      "SteamBangWet":
      {
        "duration": 8.0,
        "elementType": "Water",
        "elementDurability": 25,
      },
    },
  },
},
///////////////////////////////////////////////////////////////////////
//
// 火种
//
///////////////////////////////////////////////////////////////////////
{
  "Default": 
  {
    "$type": "ConfigAbility",
    "abilityName": "BossChallengeV2_Rune_Fire",
    "abilitySpecials":
    {
      "LifeTime": 8, 
      "Dot_Damage": 4,
      "DamageSystemValue": 0,
    },
    "onKill":
    [
      {
        "$type":"FireEffect",
        "effectPattern":"Eff_Activity_BossChallenge_Field_Fire_Die",
      },
    ],
    "onAdded":
    [
      {
        "$type":"AttachEffect",
        "effectPattern":"Eff_Activity_BossChallenge_Field_Fire",
      },
      {
        "$type": "AttachModifier",
        "modifierName": "RuneLifeTime",
      },
      {
        "$type": "SetSystemValueToOverrideMap",
        "key": "DamageSystemValue",
        "type": "ElementLevelCo"
      },
    ],
    "modifiers": 
    {
      "RuneLifeTime":
      {
        "duration": "%LifeTime",
        "thinkInterval": 1,
        "onThinkInterval":
        [
          {
            "$type": "FireEffect",
            "effectPattern": "Eff_Activity_BossChallenge_Field_Damage",
          },
          {
            "$type" : "TriggerAttackEvent",          
            "targetType" : "Enemy",
            "attackEvent": 
            {
              "attackPattern":
              {
                "$type": "ConfigAttackCircle",
                "triggerType": "TriggerNoRepeat",
                "height":4,
                "radius":4,
                "born":
                {
                  "$type":"ConfigBornBySelf",
                },
              },
              "attackInfo":
              {
                "attackTag": "BossChallenge_Rune_Fire_Hit",
                "attackProperty":
                {
                  "strikeType": "Default",
                  "elementType": "Fire",
                  "trueDamage":true,
                  "damageExtra": "%Dot_Damage*%DamageSystemValue",
                  "elementDurability": 40,
                  "ignoreModifyDamage": true,
                  "ignoreAttackerProperty": true,
                },
                "hitPattern" :
                {
                  "hitImpulseType":"LV3",
                  "reboundRatio" : 0,
                  "hitHaltTime" : 0.0,
                  "hitHaltTimeScale" : 0.05,
                  "muteHitText" : false,
                },
              },
            },
          },
        ],
        "onAdded":
        [
          {
            "$type" : "TriggerAttackEvent",
            "targetType" : "Enemy",
            "attackEvent": 
            {
              "attackPattern":
              {
                "$type": "ConfigAttackCircle",
                "triggerType": "TriggerNoRepeat",
                "height":4,
                "radius":4,
                "born":
                {
                  "$type":"ConfigBornBySelf",
                },
              },
              "attackInfo":
              {
                "attackTag": "BossChallenge_Rune_Fire_Hit",
                "attackProperty":
                {
                  "strikeType": "Default",
                  "elementType": "Fire",
                  "trueDamage":true,
                  "damageExtra": "%Dot_Damage*%DamageSystemValue",
                  "elementDurability": 40,
                  "ignoreModifyDamage": true,
                  "ignoreAttackerProperty": true,
                },
                "hitPattern" :
                {
                  "hitImpulseType":"LV3",
                  "reboundRatio" : 0,
                  "hitHaltTime" : 0.0,
                  "hitHaltTimeScale" : 0.05,
                  "muteHitText" : false,
                },
              },
            },
          },         
        ],
        "onRemoved":
        [
          {
            "$type": "KillSelf",
          },
        ],
      },
    },
  },
},
]

