[

    //  3.1 营地挑战buff
    //
    ////////////////////////////////////////////////////////////////
    //
    //  阶段一
    //  1个风种子：换人后产生风场
    //  2个风种子：风场能够造成风元素伤害
    //  3个风种子：风场持续时间提升到5s
    //
    ////////////////////////////////////////////////////////////////
    {
        "Default":
        {
            "$type": "ConfigAbility",
            "abilityName": "ActivityAbility_VintageChallenge_Stage_1",
            "isDynamicAbility": true,
            "onAdded": 
            [
                {
                    "$type": "SetGlobalValue",
                    "key": "_ABILITY_VintageChallenge_Wind_Seed_Count",
                    "target": "Team",
                    "value": 0,
                    "useLimitRange": true,
                    "minValue": 0,
                    "maxValue": 3 ,    
					"doOffStage": true              
                },
                {
                    "$type": "SetGlobalValue",
                    "key": "_ABILITY_VintageChallenge_WindZone_CD_Mark",
                    "target": "Team",
                    "value": 0,
					"doOffStage": true      
                },
				// {
				// 	"$type": "AttachModifier",
				// 	"target": "CurTeamAvatars",
				// 	"modifierName": "UNIQUE_VintageChallenge_Mark_replicator_01",
				// 	"doOffStage": true
				// },
				// {
				// 	"$type": "AttachModifier",
				// 	"target": "CurTeamAvatars",
				// 	"modifierName": "UNIQUE_VintageChallenge_Mark_replicator_01",
				// 	"doOffStage": true
				// }
            ],
            "onRemoved": 
            [
				{
                    "$type": "SetGlobalValue",
                    "key": "_ABILITY_VintageChallenge_Wind_Seed_Count",
                    "target": "Team",
                    "value": 0,
                    "useLimitRange": true,
                    "minValue": 0,
                    "maxValue": 3                   
                }, 
            ],
            "abilityMixins": 
            [              
				{
					"$type": "LocalAvatarsMixin",
					"modifierName": "UNIQUE_VintageChallenge_Mark_replicator_01",
					"avatarAppearAttachModifier": true
				},
				{
					"$type": "CurLocalAvatarMixinV2",
					"modifierName": "VintageChallenge_Eff_Controller",					
				}
            ],
            "modifiers": 
            {
                "Blank":{},
                "UNIQUE_VintageChallenge_Mark_replicator_01":
                {
                    "isUnique": true,
                    "thinkInterval": 0.5,
                    "onAdded": 
                    [
						{
							"$type": "SetGlobalValue",
							"key": "_ABILITY_VintageChallenge_Wind_Seed_Count_Avatar",
							"value": 0,
							"useLimitRange": true,
							"minValue": 0,
							"maxValue": 3,
							"doOffStage": true 
						},
                        {
                            "$type": "CopyGlobalValue",
                            "srcTarget": "Team",
                            "srcKey": "_ABILITY_VintageChallenge_Wind_Seed_Count",
                            "dstTarget": "Self",
                            "dstKey": "_ABILITY_VintageChallenge_Wind_Seed_Count_Avatar",
							"doOffStage": true 
                        },
						
                    ],
                    "onThinkInterval": 
                    [
                        {
                            "$type": "CopyGlobalValue",
                            "srcTarget": "Team",
                            "srcKey": "_ABILITY_VintageChallenge_Wind_Seed_Count",
                            "dstTarget": "Self",
                            "dstKey": "_ABILITY_VintageChallenge_Wind_Seed_Count_Avatar",
							"doOffStage": true 
                        }
                    ],
					"modifierMixins": 
					[
						{
							"$type": "AttachModifierToGlobalValueMixin",
							"globalValueTarget": "Self",
							"globalValueKey": "_ABILITY_VintageChallenge_Wind_Seed_Count_Avatar",
							"valueSteps": [-0.5,0.5,1.5,2.5,3.5],
							"modifierNameSteps": 
							[
								"Blank",
								"Wind_Seed_Buff_Stage_1_Phase_1",
								"Wind_Seed_Buff_Stage_1_Phase_2",
								"Wind_Seed_Buff_Stage_1_Phase_3"
							],
						}
					]
                },
                "Wind_Seed_Buff_Stage_1_Phase_1":
                {
                    "onAvatarOut": 
                    [
                        {
                            "$type": "Predicated",
                            "target": "Team",
							"doOffStage": true,
                            "targetPredicates": 
                            [
                                {
                                    "$type": "ByTargetGlobalValue",
                                    "target": "Team",
                                    "compareType": "NoneOrEqual",
                                    "key": "_ABILITY_VintageChallenge_WindZone_CD_Mark",
                                    "value": 0,
                                }
                            ],
                            "successActions": 
                            [
                                {
									"$type": "CreateGadget",   
									"gadgetID": 44000434,
									"target": "CurLocalAvatar",
									"campID": 1001,
									"doOffStage": true,
									"campTargetType": "Enemy",
									"born":
									{
										"$type": "ConfigBornByTarget",
										"offset":
										{
											"x": 0.0,
											"y": 0.0,
											"z": 0.0,
										},
										"onGround":true,
									},
								},
                                {
                                    "$type": "ApplyModifier",
                                    "modifierName": "VintageChallenge_WindZone_CD_Set",
                                    "target": "Team",
									"doOffStage": true
                                }
                            ]
                        },
                        
                    ]
                },
                "Wind_Seed_Buff_Stage_1_Phase_2":
                {
                    "onAvatarOut": 
                    [
                        {
                            "$type": "Predicated",
                            "target": "Team",
							"doOffStage": true,
                            "targetPredicates": 
                            [
                                {
                                    "$type": "ByTargetGlobalValue",
                                    "target": "Team",
                                    "compareType": "NoneOrEqual",
                                    "key": "_ABILITY_VintageChallenge_WindZone_CD_Mark",
                                    "value": 0,
                                }
                            ],
                            "successActions": 
                            [
                                {
									"$type": "CreateGadget",   
									"gadgetID": 44000435,
									"target": "CurLocalAvatar",
									"campID": 1001,
									"doOffStage": true,
									"campTargetType": "Enemy",
									"born":
									{
										"$type": "ConfigBornByTarget",
										"offset":
										{
											"x": 0.0,
											"y": 0.0,
											"z": 0.0,
										},
										"onGround":true,
									},
								},
                                {
                                    "$type": "ApplyModifier",
                                    "modifierName": "VintageChallenge_WindZone_CD_Set",
                                    "target": "Team",
									"doOffStage": true,
                                }
                            ]
                        },
                    ]
                },
                "Wind_Seed_Buff_Stage_1_Phase_3":
                {
                    "onAvatarOut": 
                    [
                        {
                            "$type": "Predicated",
                            "target": "Team",
							"doOffStage": true,
                            "targetPredicates": 
                            [
                                {
                                    "$type": "ByTargetGlobalValue",
                                    "target": "Team",
                                    "compareType": "NoneOrEqual",
                                    "key": "_ABILITY_VintageChallenge_WindZone_CD_Mark",
                                    "value": 0,
                                }
                            ],
                            "successActions": 
                            [
                                {
									"$type": "CreateGadget",   
									"gadgetID": 44000436,
									"target": "CurLocalAvatar",
									"campID": 1001,
									"doOffStage": true,
									"campTargetType": "Enemy",
									"born":
									{
										"$type": "ConfigBornByTarget",
										"offset":
										{
											"x": 0.0,
											"y": 0.0,
											"z": 0.0,
										},
										"onGround":true,
									},
								},
                                {
                                    "$type": "ApplyModifier",
                                    "modifierName": "VintageChallenge_WindZone_CD_Set",
                                    "target": "Team",
									"doOffStage": true,
                                }
                            ]
                        },
                    ]
                },
                "VintageChallenge_WindZone_CD_Set":
                {
                    "duration": 5,
                    "stacking": "Refresh",
                    "onAdded": 
                    [
                        {
                            "$type": "SetGlobalValue",
                            "key": "_ABILITY_VintageChallenge_WindZone_CD_Mark",
                            "value": 1,      
							"doOffStage": true,                     
                        }
                    ],
                    "onRemoved": 
                    [
                        {
                            "$type": "SetGlobalValue",
                            "key": "_ABILITY_VintageChallenge_WindZone_CD_Mark",
                            "value": 0,  
							"doOffStage": true,                         
                        }
                    ]
                },
				"VintageChallenge_Eff_Controller":
				{
					"modifierMixins": 
					[
						{
							"$type": "AttachModifierToGlobalValueMixin",
							"globalValueTarget": "Self",
							"globalValueKey": "_ABILITY_VintageChallenge_Wind_Seed_Count_Avatar",
							"valueSteps": [-0.5,0.5,1.5,2.5,3.5],
							"modifierNameSteps": 
							[
								"Blank",
								"Wind_Seed_Buff_Eff_01",
								"Wind_Seed_Buff_Eff_02",
								"Wind_Seed_Buff_Eff_03"
							],
						}
					],
					"onRemoved": 
					[
						{
							"$type": "FireEffect",
							"effectPattern": "Eff_ScenObj_Area_Common_Property_Prop_WindBuff_Around_Disappear",
							"predicates": 
							[
								{
									"$type": "ByTargetGlobalValue",
									"compareType": "MoreThanAndEqual",
									"key": "_ABILITY_VintageChallenge_Wind_Seed_Count_Avatar",
									"value": 1
								}
							]
						}
					]
				},
				"Wind_Seed_Buff_Eff_01":
				{
					"onAdded": 
					[
						{
							"$type": "AttachEffect",
							"effectPattern": "Eff_ScenObj_Area_Common_Property_Prop_WindBuff_Around_01",
							"doOffStage": true
						}
					]
				},
				"Wind_Seed_Buff_Eff_02":
				{
					"onAdded": 
					[
						{
							"$type": "AttachEffect",
							"effectPattern": "Eff_ScenObj_Area_Common_Property_Prop_WindBuff_Around_02",
							"doOffStage": true
						}
					]
				},
				"Wind_Seed_Buff_Eff_03":
				{
					"onAdded": 
					[
						{
							"$type": "AttachEffect",
							"effectPattern": "Eff_ScenObj_Area_Common_Property_Prop_WindBuff_Around_03",
							"doOffStage": true
						}
					]
				},				
            }
        }
    },
	{
		"Default":
		{
			"$type": "ConfigAbility",
			"abilityName": "Ability_VintageChallenge_WindZone_1",
			"onAdded": 
			[
				{
					"$type": "ApplyModifier",	
					"modifierName": "WindZone_Handler"				
				},
			],
			"modifiers": 
			{
				"WindZone_Handler":
				{
					"duration": 3,
					"onAdded": 
					[
						{
							"$type": "AttachEffect",
							"effectPattern": "Eff_Activity_Vintage_Challenge_Wind_Zone"
						}
					],
					"modifierMixins": 
					[
						{
							"$type": "WindZoneMixin",
							"shapeName": "CircleR7",
							"innerRadius": 1.0,
							"strength": 6,
							"attenuation": 1,
							//"reverse":true,
							"born":
							{
								"$type": "ConfigBornBySelf",
								"offset":
								{
									"x": 0.0,
									"y": 1.0,
									"z": 0.0,
								},
								"alongGround": true,    //其朝向与地面法向一致
							},
							"targetType": "All",
							"predicates":
							[
								{
									"$type": "ByEntityTypes",
									"entityTypes": ["Avatar"],
									"reject": true,
								},
								{
									//暂时考虑无法击飞的怪物不会被吸引，怪物质量与ImpluseY比值为 1：5.5
									"$type": "ByTargetWeight",
									"logic": "LesserOrEqual",
									"weight": 150,
								},
							],
						},
					],
					"onRemoved": 
					[
						{
							"$type": "KillSelf"
						}
					]
				},
			}

		}
	},
	{
		"Default":
		{
			"$type": "ConfigAbility",
			"abilityName": "Ability_VintageChallenge_WindZone_2",
			"onAdded": 
			[
				{
                    "$type": "SetSystemValueToOverrideMap",
                    "type": "ElementLevelCo",
                    "key": "DamageSystemValue",
                    "doOffStage": true,                  
                },
				{
					"$type": "ApplyModifier",	
					"modifierName": "WindZone_Handler"				
				},

			],
			"modifiers": 
			{
				"WindZone_Handler":
				{
					"duration": 3,
					"onAdded": 
					[
						{
							"$type": "AttachEffect",
							"effectPattern": "Eff_Activity_Vintage_Challenge_Wind_Zone"
						},
						{
							"$type" : "TriggerAttackEvent",
							"target" : "Self",
							"targetType" : "Enemy",
							"attackEvent":
							{
								"attackPattern":
								{
									"$type": "ConfigAttackCircle",
									"triggerType": "TriggerNoRepeat",
									"fanAngle": 360.0,
									"height": 6.0,
									"radius": 7.0,
									"massiveAttackRatio": 0.3,   //对于水草entity的攻击盒范围
									"born":
									{
										"$type": "ConfigBornBySelf",
										"offset":
										{
											"x" : 0.0,
											"y" : -1.5,
											"z" : 0.0,
										},
										"onGround": true,
									},
								},
								"attackInfo":
								{
									
									// "attenuationTag": "Elemental_Art",
									"attackProperty":
									{
										"damageExtra":"%DamageRatio*%DamageSystemValue",
										"elementType": "Wind",
										"elementDurability": 20,
										"enBreak": 20,     //需要一个高Enbreak值才能起到吸怪效果
										"attackType":"Range",
										"strikeType":"Default",
										"trueDamage": true
									},
									"hitPattern":
									{
										"onHitEffectName": "default",
										"hitImpulseType":"LV3",
										// "overrideHitImpulse":
										// {
										// 	"hitLevel":"Air",
										// 	"hitImpulseX":0,
										// 	"hitImpulseY":800,
										// },
										// "reboundRatio": 0,
										"retreatType": "ByHitDirectionInverse",
										"canBeDefenceHalt": false,
										"hitHaltTime": 0.0,
										"hitHaltTimeScale": 0.05,
										"muteHitText": false,
									},
								},
							},
						},
					],
					"modifierMixins": 
					[
						{
							"$type": "WindZoneMixin",
							"shapeName": "CircleR7",
							"innerRadius": 1.0,
							"strength": 6,
							"attenuation": 1.0,
							//"reverse":true,
							"born":
							{
								"$type": "ConfigBornBySelf",
								"offset":
								{
									"x": 0.0,
									"y": 1.0,
									"z": 0.0,
								},
								"alongGround": true,    //其朝向与地面法向一致
							},
							"targetType": "All",
							"predicates":
							[
								{
									"$type": "ByEntityTypes",
									"entityTypes": ["Avatar"],
									"reject": true,
								},
								{
									//暂时考虑无法击飞的怪物不会被吸引，怪物质量与ImpluseY比值为 1：5.5
									"$type": "ByTargetWeight",
									"logic": "LesserOrEqual",
									"weight": 150,
								},
							],
						},
					],
					"thinkInterval": 0.7,
                    "onThinkInterval": 
                    [
                        {
							"$type" : "TriggerAttackEvent",
							"target" : "Self",
							"targetType" : "Enemy",
							"attackEvent":
							{
								"attackPattern":
								{
									"$type": "ConfigAttackCircle",
									"triggerType": "TriggerNoRepeat",
									"fanAngle": 360.0,
									"height": 6.0,
									"radius": 7.0,
									"massiveAttackRatio": 0.3,   //对于水草entity的攻击盒范围
									"born":
									{
										"$type": "ConfigBornBySelf",
										"offset":
										{
											"x" : 0.0,
											"y" : -1.5,
											"z" : 0.0,
										},
										"onGround": true,
									},
								},
								"attackInfo":
								{
									
									// "attenuationTag": "Elemental_Art",
									"attackProperty":
									{
										"damageExtra":"%DamageRatio*%DamageSystemValue",
										"elementType": "Wind",
										"elementDurability": 20,
										"enBreak": 20,     //需要一个高Enbreak值才能起到吸怪效果
										"attackType":"Range",
										"strikeType":"Default",
										"trueDamage": true
									},
									"hitPattern":
									{
										"onHitEffectName": "default",
										"hitImpulseType":"LV3",
										// "overrideHitImpulse":
										// {
										// 	"hitLevel":"Air",
										// 	"hitImpulseX":0,
										// 	"hitImpulseY":800,
										// },
										// "reboundRatio": 0,
										"retreatType": "ByHitDirectionInverse",
										"canBeDefenceHalt": false,
										"hitHaltTime": 0.0,
										"hitHaltTimeScale": 0.05,
										"muteHitText": false,
									},
								},
							},
						},
                    ],
					"onRemoved": [{"$type": "KillSelf"}]
				},
			},
			"abilitySpecials": 
			{
				"DamageSystemValue":0,
				"DamageRatio":0
			}
		}
	},
	{
		"Default":
		{
			"$type": "ConfigAbility",
			"abilityName": "Ability_VintageChallenge_WindZone_3",
			"onAdded": 
			[
				{
                    "$type": "SetSystemValueToOverrideMap",
                    "type": "ElementLevelCo",
                    "key": "DamageSystemValue",
                    "doOffStage": true,                  
                },
				{
					"$type": "ApplyModifier",	
					"modifierName": "WindZone_Handler"				
				},
			],
			"modifiers": 
			{
				"WindZone_Handler":
				{
					"duration": 5,
					"onAdded": 
					[
						{
							"$type": "AttachEffect",
							"effectPattern": "Eff_Activity_Vintage_Challenge_Wind_Zone"
						},
						{
							"$type" : "TriggerAttackEvent",
							"target" : "Self",
							"targetType" : "Enemy",
							"attackEvent":
							{
								"attackPattern":
								{
									"$type": "ConfigAttackCircle",
									"triggerType": "TriggerNoRepeat",
									"fanAngle": 360.0,
									"height": 6.0,
									"radius": 7.0,
									"massiveAttackRatio": 0.3,   //对于水草entity的攻击盒范围
									"born":
									{
										"$type": "ConfigBornBySelf",
										"offset":
										{
											"x" : 0.0,
											"y" : -1.5,
											"z" : 0.0,
										},
										"onGround": true,
									},
								},
								"attackInfo":
								{
									
									// "attenuationTag": "Elemental_Art",
									"attackProperty":
									{
										"damageExtra":"%DamageRatio*%DamageSystemValue",
										"elementType": "Wind",
										"elementDurability": 20,
										"enBreak": 20,     //需要一个高Enbreak值才能起到吸怪效果
										"attackType":"Range",
										"strikeType":"Default",
										"trueDamage": true,
									},
									"hitPattern":
									{
										"onHitEffectName": "default",
										"hitImpulseType":"LV3",
										// "overrideHitImpulse":
										// {
										// 	"hitLevel":"Air",
										// 	"hitImpulseX":0,
										// 	"hitImpulseY":800,
										// },
										// "reboundRatio": 0,
										"retreatType": "ByHitDirectionInverse",
										"canBeDefenceHalt": false,
										"hitHaltTime": 0.0,
										"hitHaltTimeScale": 0.05,
										"muteHitText": false,
									},
								},
							},
						},
					],
					"modifierMixins": 
					[
						{
							"$type": "WindZoneMixin",
							"shapeName": "CircleR7",
							"innerRadius": 1.0,
							"strength": 6,
							"attenuation": 1.0,
							//"reverse":true,
							"born":
							{
								"$type": "ConfigBornBySelf",
								"offset":
								{
									"x": 0.0,
									"y": 1.0,
									"z": 0.0,
								},
								"alongGround": true,    //其朝向与地面法向一致
							},
							"targetType": "All",
							"predicates":
							[
								{
									"$type": "ByEntityTypes",
									"entityTypes": ["Avatar"],
									"reject": true,
								},
								{
									//暂时考虑无法击飞的怪物不会被吸引，怪物质量与ImpluseY比值为 1：5.5
									"$type": "ByTargetWeight",
									"logic": "LesserOrEqual",
									"weight": 150,
								},
							],
						},
					],
					"thinkInterval": 0.7,
                    "onThinkInterval": 
                    [
                        {
							"$type" : "TriggerAttackEvent",
							"target" : "Self",
							"targetType" : "Enemy",
							"attackEvent":
							{
								"attackPattern":
								{
									"$type": "ConfigAttackCircle",
									"triggerType": "TriggerNoRepeat",
									"fanAngle": 360.0,
									"height": 6.0,
									"radius": 7.0,
									"massiveAttackRatio": 0.3,   //对于水草entity的攻击盒范围
									"born":
									{
										"$type": "ConfigBornBySelf",
										"offset":
										{
											"x" : 0.0,
											"y" : -1.5,
											"z" : 0.0,
										},
										"onGround": true,
									},
								},
								"attackInfo":
								{
									
									// "attenuationTag": "Elemental_Art",
									"attackProperty":
									{
										"damageExtra":"%DamageRatio*%DamageSystemValue",
										"elementType": "Wind",
										"elementDurability": 20,
										"enBreak": 20,     //需要一个高Enbreak值才能起到吸怪效果
										"attackType":"Range",
										"strikeType":"Default",
										"trueDamage": true
									},
									"hitPattern":
									{
										"onHitEffectName": "default",
										"hitImpulseType":"LV3",
										// "overrideHitImpulse":
										// {
										// 	"hitLevel":"Air",
										// 	"hitImpulseX":0,
										// 	"hitImpulseY":800,
										// },
										// "reboundRatio": 0,
										"retreatType": "ByHitDirectionInverse",
										"canBeDefenceHalt": false,
										"hitHaltTime": 0.0,
										"hitHaltTimeScale": 0.05,
										"muteHitText": false,
									},
								},
							},
						},
                    ],
					"onRemoved": [{"$type": "KillSelf"}]
				},
			},
			"abilitySpecials": 
			{
				"DamageSystemValue":0,
				"DamageRatio":0
			}

		}
	},
	////////////////////////////////////////////////////////////////
    //
    //  阶段二
    //  1个风种子：获得超级跳，下落攻击伤害提升
    //  2个风种子：下落攻击伤害进一步提升
    //  3个风种子：体力消耗降低
    //
    ////////////////////////////////////////////////////////////////
	{
        "Default":
        {
            "$type": "ConfigAbility",
            "abilityName": "ActivityAbility_VintageChallenge_Stage_2",
            "isDynamicAbility": true,
            "onAdded": 
            [
                {
                    "$type": "SetGlobalValue",
                    "key": "_ABILITY_VintageChallenge_Wind_Seed_Count",
                    "target": "Team",
                    "value": 0,
                    "useLimitRange": true,
                    "minValue": 0,
                    "maxValue": 3                   
                },              

            ],
            "onRemoved": 
            [
				{
                    "$type": "SetGlobalValue",
                    "key": "_ABILITY_VintageChallenge_Wind_Seed_Count",
                    "target": "Team",
                    "value": 0,
                    "useLimitRange": true,
                    "minValue": 0,
                    "maxValue": 3                   
                }, 
            ],
            "abilityMixins": 
            [              
                
				{
                    "$type": "AttachModifierToGlobalValueMixin",
                    "globalValueTarget": "Team",
                    "globalValueKey": "_ABILITY_VintageChallenge_Wind_Seed_Count",
                    "valueSteps": [-0.5,0.5,3.5],
                    "modifierNameSteps": 
                    [
                        "Blank",
                        "UNIQUE_VintageChallenge_RocketJump_Controller",                       
                    ],
                },
				{
					"$type": "LocalAvatarsMixin",
					"modifierName": "UNIQUE_VintageChallenge_Mark_replicator_02",
					"avatarAppearAttachModifier": true
				},
				{
					"$type": "CurLocalAvatarMixinV2",
					"modifierName": "VintageChallenge_Eff_Controller",
				}
            ],
            "modifiers": 
            {
                "Blank":{},
                "UNIQUE_VintageChallenge_Mark_replicator_02":
                {
                    "isUnique": true,
                    "thinkInterval": 0.5,
                    "onAdded": 
                    [
						{
							"$type": "SetGlobalValue",
							"key": "_ABILITY_VintageChallenge_Wind_Seed_Count_Avatar",
							"value": 0,
							"useLimitRange": true,
							"minValue": 0,
							"maxValue": 3
						},
                        {
                            "$type": "CopyGlobalValue",
                            "srcTarget": "Team",
                            "srcKey": "_ABILITY_VintageChallenge_Wind_Seed_Count",
                            "dstTarget": "Self",
                            "dstKey": "_ABILITY_VintageChallenge_Wind_Seed_Count_Avatar",
							"doOffStage": true,
                        }
                    ],
                    "onThinkInterval": 
                    [
                        {
                            "$type": "CopyGlobalValue",
                            "srcTarget": "Team",
                            "srcKey": "_ABILITY_VintageChallenge_Wind_Seed_Count",
                            "dstTarget": "Self",
                            "dstKey": "_ABILITY_VintageChallenge_Wind_Seed_Count_Avatar",
							"doOffStage": true,
                        }
                    ],
					"modifierMixins": 
					[
						{
							"$type": "AttachModifierToGlobalValueMixin",
							"globalValueTarget": "Self",
							"globalValueKey": "_ABILITY_VintageChallenge_Wind_Seed_Count_Avatar",
							"valueSteps": [-0.5,0.5,1.5,2.5,3.5],
							"modifierNameSteps": 
							[
								"Blank",
								"Wind_Seed_Buff_Stage_2_Phase_1",
								"Wind_Seed_Buff_Stage_2_Phase_2",
								"Wind_Seed_Buff_Stage_2_Phase_3"
							],
						},
					]
                },
				"UNIQUE_VintageChallenge_RocketJump_Controller":
				{
					"isUnique": true,
					"modifierMixins": 
					[
						{
							"$type": "CurLocalAvatarMixinV2",
							"modifierName": "VintageChallenge_RocketJump"
						}
					]
				},
				"VintageChallenge_RocketJump":
				{
					"stacking": "Refresh",
					"modifierMixins": 
				   [
					   {
						   "$type": "RocketJumpMixin",
						   "type": "DungeonJump",
						   "extention": 
						   {
							"xzMultiplier": 2.3,
							"yMultiplier": 5.0,
						   }
					   }
				   ],				  
				},
                "Wind_Seed_Buff_Stage_2_Phase_1":
                {
					"state": "AttackUp",
                   "onAdded": 
				   [					  
					   {
						   "$type": "AttachModifier",
						   "target": "Self",
						   "modifierName": "VintageChallenge_FallingAttack_Up_1",
						   "doOffStage": true,
					   }
				   ],
				   
                },
                "Wind_Seed_Buff_Stage_2_Phase_2":
                {
					"state": "AttackUp",
					"onAdded": 
					[						
						{
							"$type": "AttachModifier",
							"target": "Self",
							"modifierName": "VintageChallenge_FallingAttack_Up_2",
							"doOffStage": true,
						}
					],							
                },
                "Wind_Seed_Buff_Stage_2_Phase_3":
                {
					"state": "AttackUp",
					"onAdded": 
					[						
						{
							"$type": "AttachModifier",
							"target": "Self",
							"modifierName": "VintageChallenge_FallingAttack_Up_3",
							"doOffStage": true,
						}
					],						
					"properties": 
					{
						"Actor_CostStaminaRatio":"%CostStaminaRatio",
					}
                },
				"VintageChallenge_FallingAttack_Up_1":
				{
					"modifierMixins": 
					[
						{
							"$type": "ModifyDamageMixin",
							"attackTags": ["FallingAttack"],
							"damagePercentageRatio": "%FallingAttack_Up_Ratio_1",
						}
					]
				},
				"VintageChallenge_FallingAttack_Up_2":
				{
					"modifierMixins": 
					[
						{
							"$type": "ModifyDamageMixin",
							"attackTags": ["FallingAttack"],
							"damagePercentageRatio": "%FallingAttack_Up_Ratio_2",
						}
					]
				},
				"VintageChallenge_FallingAttack_Up_3":
				{
					"modifierMixins": 
					[
						{
							"$type": "ModifyDamageMixin",
							"attackTags": ["FallingAttack"],
							"damagePercentageRatio": "%FallingAttack_Up_Ratio_3",
						}
					]
				},
				"VintageChallenge_Eff_Controller":
				{
					"modifierMixins": 
					[
						{
							"$type": "AttachModifierToGlobalValueMixin",
							"globalValueTarget": "Self",
							"globalValueKey": "_ABILITY_VintageChallenge_Wind_Seed_Count_Avatar",
							"valueSteps": [-0.5,0.5,1.5,2.5,3.5],
							"modifierNameSteps": 
							[
								"Blank",
								"Wind_Seed_Buff_Eff_01",
								"Wind_Seed_Buff_Eff_02",
								"Wind_Seed_Buff_Eff_03"
							],
						}
					],
					"onRemoved": 
					[
						{
							"$type": "FireEffect",
							"effectPattern": "Eff_ScenObj_Area_Common_Property_Prop_WindBuff_Around_Disappear",
							"predicates": 
							[
								{
									"$type": "ByTargetGlobalValue",
									"compareType": "MoreThanAndEqual",
									"key": "_ABILITY_VintageChallenge_Wind_Seed_Count_Avatar",
									"value": 1
								}
							]
						}
					]
				},
				"Wind_Seed_Buff_Eff_01":
				{
					"onAdded": 
					[
						{
							"$type": "AttachEffect",
							"effectPattern": "Eff_ScenObj_Area_Common_Property_Prop_WindBuff_Around_01",
							"doOffStage": true
						}
					]
				},
				"Wind_Seed_Buff_Eff_02":
				{
					"onAdded": 
					[
						{
							"$type": "AttachEffect",
							"effectPattern": "Eff_ScenObj_Area_Common_Property_Prop_WindBuff_Around_02",
							"doOffStage": true
						}
					]
				},
				"Wind_Seed_Buff_Eff_03":
				{
					"onAdded": 
					[
						{
							"$type": "AttachEffect",
							"effectPattern": "Eff_ScenObj_Area_Common_Property_Prop_WindBuff_Around_03",
							"doOffStage": true
						}
					]
				},				
               
            },
			"abilitySpecials": 
			{
				"FallingAttack_Up_Ratio_1":0,
				"FallingAttack_Up_Ratio_2":0,
				"FallingAttack_Up_Ratio_3":0,
				"CostStaminaRatio":0
			}
        },
		
    },
	////////////////////////////////////////////////////////////////
    //
    //  阶段三
    //  1个风种子：战斗中全队周期性回能
    //  2个风种子：回能速度提升
    //  3个风种子：元素爆发伤害提升
    //
    ////////////////////////////////////////////////////////////////
	{
        "Default":
        {
            "$type": "ConfigAbility",
            "abilityName": "ActivityAbility_VintageChallenge_Stage_3",
            "isDynamicAbility": true,
            "onAdded": 
            [
                {
                    "$type": "SetGlobalValue",
                    "key": "_ABILITY_VintageChallenge_Wind_Seed_Count",
                    "target": "Team",
                    "value": 0,
                    "useLimitRange": true,
                    "minValue": 0,
                    "maxValue": 3                   
                },              
                {
                    "$type": "SetGlobalValue",
                    "key": "_ABILITY_VintageChallenge_Wind_Seed_Count_Avatar",
                    "value": 0,
                    "useLimitRange": true,
                    "minValue": 0,
                    "maxValue": 3
                },

				{
					"$type": "AttachModifier",
					"modifierName": "UNIQUE_VintageChallenge_ElemBall_Handler",
					"target": "Team"
				},
            ],
            "onRemoved": 
            [
                {
                    "$type": "SetGlobalValue",
                    "key": "_ABILITY_VintageChallenge_Wind_Seed_Count",
                    "target": "Team",
                    "value": 0,
                    "useLimitRange": true,
                    "minValue": 0,
                    "maxValue": 3                   
                },  
            ],
            "abilityMixins": 
            [
                {
					"$type": "LocalAvatarsMixin",
					"modifierName": "UNIQUE_VintageChallenge_Mark_replicator_03",
					"avatarAppearAttachModifier": true
				},
				{
					"$type": "CurLocalAvatarMixinV2",
					"modifierName": "VintageChallenge_Eff_Controller",				
				}
               

            ],
            "modifiers": 
            {
                "Blank":{},

                "UNIQUE_VintageChallenge_Mark_replicator_03":
                {
                    "isUnique": true,
                    "thinkInterval": 0.5,
                    "onAdded": 
                    [
                        {
                            "$type": "CopyGlobalValue",
                            "srcTarget": "Team",
                            "srcKey": "_ABILITY_VintageChallenge_Wind_Seed_Count",
                            "dstTarget": "Self",
                            "dstKey": "_ABILITY_VintageChallenge_Wind_Seed_Count_Avatar",
							"doOffStage": true,
                        }
                    ],
                    "onThinkInterval": 
                    [
                        {
                            "$type": "CopyGlobalValue",
                            "srcTarget": "Team",
                            "srcKey": "_ABILITY_VintageChallenge_Wind_Seed_Count",
                            "dstTarget": "Self",
                            "dstKey": "_ABILITY_VintageChallenge_Wind_Seed_Count_Avatar",
							"doOffStage": true,
                        }
                    ],
					"modifierMixins": 
					[
						{
							"$type": "AttachModifierToGlobalValueMixin",
							"globalValueTarget": "Self",
							"globalValueKey": "_ABILITY_VintageChallenge_Wind_Seed_Count_Avatar",
							"valueSteps": [-0.5,0.5,1.5,2.5,3.5],
							"modifierNameSteps": 
							[
								"Blank",
								"Wind_Seed_Buff_Stage_3_Phase_1",
								"Wind_Seed_Buff_Stage_3_Phase_2",
								"Wind_Seed_Buff_Stage_3_Phase_3"
							]
						},
					]
                },
				"UNIQUE_VintageChallenge_ElemBall_Handler":
				{
					"isUnique": true,
					"stacking": "Unique",
					"onAdded": 
					[
						{
							"$type": "ApplyModifier",
							"target": "CurLocalAvatar",
							"modifierName": "Vintage_Challenge_Energy_Revive",
							"predicates": 
							[
								{
									"$type": "ByTargetGlobalValue",
									"target": "Team",
									"compareType": "Equal",
									"key": "_ABILITY_VintageChallenge_Wind_Seed_Count",
									"value": 1,
								},
							]
						},
						{
							"$type": "ApplyModifier",
							"target": "CurLocalAvatar",
							"modifierName": "Vintage_Challenge_Energy_Revive_Double",
							"predicates": 
							[
								{
									"$type": "ByTargetGlobalValue",
									"target": "Team",
									"compareType": "MoreThanAndEqual",
									"key": "_ABILITY_VintageChallenge_Wind_Seed_Count",
									"value": 2,
								},
							]
						},
					],
					"thinkInterval": 2,
					"onThinkInterval": 
					[
						{
							"$type": "ApplyModifier",
							"target": "CurLocalAvatar",
							"modifierName": "Vintage_Challenge_Energy_Revive",
							"predicates": 
							[
								{
									"$type": "ByTargetGlobalValue",
									"target": "Team",
									"compareType": "Equal",
									"key": "_ABILITY_VintageChallenge_Wind_Seed_Count",
									"value": 1,
								},

							]
						},
						{
							"$type": "ApplyModifier",
							"target": "CurLocalAvatar",
							"modifierName": "Vintage_Challenge_Energy_Revive_Double",
							"predicates": 
							[
								{
									"$type": "ByTargetGlobalValue",
									"target": "Team",
									"compareType": "MoreThanAndEqual",
									"key": "_ABILITY_VintageChallenge_Wind_Seed_Count",
									"value": 2,
								},
							]
						},
					]
				},
				"Vintage_Challenge_Energy_Revive":
				{
					"duration": 0.5,
					"onAdded": 
					[
						{
							"$type":"ReviveElemEnergy",
							"value": 6,
							"predicates": 
							[
								{
									"$type": "ByIsCombat",
									"target": "Self",									
								}
							]
						},	
										
					],					
				},
				"Vintage_Challenge_Energy_Revive_Double":
				{
					"duration": 0.5,
					"onAdded": 
					[
						{
							"$type":"ReviveElemEnergy",
							"value": 12,
							"predicates": 
							[
								{
									"$type": "ByIsCombat",
									"target": "Self",									
								}
							]
						},	
										
					],					
				},
                "Wind_Seed_Buff_Stage_3_Phase_1":
                {					
                },
                "Wind_Seed_Buff_Stage_3_Phase_2":
                {					
                },
                "Wind_Seed_Buff_Stage_3_Phase_3":
                {
					"modifierMixins": 
					[
						{
							"$type": "ModifyDamageMixin",
							"attackTags": ["Elemental_Burst"],
							"damagePercentageRatio": "%ElementBurst_Up_Ratio",
							
						}
					]
                },
				"VintageChallenge_Eff_Controller":
				{
					"modifierMixins": 
					[
						{
							"$type": "AttachModifierToGlobalValueMixin",
							"globalValueTarget": "Self",
							"globalValueKey": "_ABILITY_VintageChallenge_Wind_Seed_Count_Avatar",
							"valueSteps": [-0.5,0.5,1.5,2.5,3.5],
							"modifierNameSteps": 
							[
								"Blank",
								"Wind_Seed_Buff_Eff_01",
								"Wind_Seed_Buff_Eff_02",
								"Wind_Seed_Buff_Eff_03"
							],
						}
					],
					"onRemoved": 
					[
						{
							"$type": "FireEffect",
							"effectPattern": "Eff_ScenObj_Area_Common_Property_Prop_WindBuff_Around_Disappear",
							"predicates": 
							[
								{
									"$type": "ByTargetGlobalValue",
									"compareType": "MoreThanAndEqual",
									"key": "_ABILITY_VintageChallenge_Wind_Seed_Count_Avatar",
									"value": 1
								}
							]
						}
					]
				},
				"Wind_Seed_Buff_Eff_01":
				{
					"onAdded": 
					[
						{
							"$type": "AttachEffect",
							"effectPattern": "Eff_ScenObj_Area_Common_Property_Prop_WindBuff_Around_01",
							"doOffStage": true
						}
					]
				},
				"Wind_Seed_Buff_Eff_02":
				{
					"onAdded": 
					[
						{
							"$type": "AttachEffect",
							"effectPattern": "Eff_ScenObj_Area_Common_Property_Prop_WindBuff_Around_02",
							"doOffStage": true
						}
					]
				},
				"Wind_Seed_Buff_Eff_03":
				{
					"onAdded": 
					[
						{
							"$type": "AttachEffect",
							"effectPattern": "Eff_ScenObj_Area_Common_Property_Prop_WindBuff_Around_03",
							"doOffStage": true
						}
					]
				},				
               
            },
			"abilitySpecials": 
			{
								
				"ElementBurst_Up_Ratio":0
			}
        },
		
    },
]