[
////////////////////////////////////////////////////////////////
//
//  Ball gadget
//
////////////////////////////////////////////////////////////////
{
	"Default": 
	{
		"$type": "ConfigAbility",
		"abilityName": "Boltbug_Scarab_UnderGroundHandler",
		"onAdded":
		[
			{
				"$type": "ApplyModifier",
				"modifierName": "Boltbug_Scarab_Invincible",
			},
		],
		"abilityMixins":
		[
			{
				"$type": "AttachToAnimatorStateIDMixin",
				"stateIDs": ["Standby", "MakeBall", "IdleFree01", "Walk"],
				"modifierName": "Boltbug_Scarab_AboveGround",
			},
			{
				"$type": "AttachToAnimatorStateIDMixin",
				"stateIDs": ["DigIn", "Standby_Hide", "DigOut"],
				"modifierName": "Boltbug_Scarab_UnderGround",
			},
		],
		"modifiers":
		{
			"Boltbug_Scarab_AboveGround":
			{},
			"Boltbug_Scarab_UnderGround":
			{
				"modifierMixins":
				[
					{
						"$type": "DisableMonsterPickedUpMixin",
					},
				],
			},
			"Boltbug_Scarab_Invincible":
			{
				"state": "LockHP",
			},
		},
	},
},
{
	"Default": 
	{
		"$type": "ConfigAbility",
		"abilityName": "Boltbug_Scarab_MakeBall",
		"onAbilityStart":
		[
			{
				"$type": "CreateGadget",
				"target": "Self",
				"gadgetID": 42805001,
				"campID": 4001,
				"born":
				{
					"$type": "ConfigBornBySelf",
					"offset" : 
					{
						"x": 0.03382804, // + means up, - means down
						"y": 0.0, // + means left, - means right
						"z": -0.378891, // + means forward, - means backward
					},
					"onGround": true,
					"alongGround": true,
					"onGroundRaycastUpDist": 0.5,
				},
			},
		],
	},
},
{
	"Default": 
	{
		"$type": "ConfigAbility",
		"abilityName": "Boltbug_Scarab_DestroyBall",
		"onAbilityStart":
		[
			{
				"$type": "TriggerAbility",
				"abilityName": "Boltbug_Scarab_Ball",
				"otherTargets":
				{
					"$type": "SelectTargetsByChildren",
					"topLimit": 1,
					"configID": 42805001,
				},
			},
		],
	},
},
////////////////////////////////////////////////////////////////
//
//  Ball gadget
//
////////////////////////////////////////////////////////////////
{
	"Default": 
	{
		"$type": "ConfigAbility",
		"abilityName": "Boltbug_Scarab_Ball",
		"onAdded":
		[
			{
				"$type": "AttachModifier",
				"modifierName": "Boltbug_Scarab_Ball",
			},
		],
		"onAbilityStart":
		[
			{
				"$type": "FireEffect",
				"effectPattern": "Eff_Animal_Boltbug_Scarab_BallDestroy",
			},
			{
				"$type": "RemoveModifier",
				"modifierName": "Boltbug_Scarab_Ball",
			},
		],
		"modifiers":
		{
			"Boltbug_Scarab_Ball":
			{
				"onAdded":
				[
					{
						"$type":"AttachEffect",
						"effectPattern":"Eff_Animal_Boltbug_Scarab_Ball",
					},
				],
				"onBeingHit":
				[
					{
						"$type": "TriggerAbility",
						"target": "Self",
						"abilityName": "Monster_Fungus_Raptor_01_SummonAttackBullet_OnGround",
					},
				],
			},
		},
	},
},
]