[
////////////////////////////////////////////////////////////////
//
//  BeHit
//
////////////////////////////////////////////////////////////////
{
	"Default":
	{
		"$type": "ConfigAbility",
		"abilityName": "Animal_Fishable_Ray_Stellamarisidae_02_StateManager",
		"abilityMixins":
		[
			{
				"$type": "DoActionByPoseIDMixin",
				"poseIDs": [201],
				"enterActions":
				[
					{
						"$type" : "ApplyModifier",
						"modifierName":"Disappear",
					},
				],
			},
			{
				"$type": "DoActionByPoseIDMixin",
				"poseIDs": [102],
				"enterActions":
				[
					{
						"$type" : "ApplyModifier",
						"modifierName":"AlertActions",
					},
				],
			},
		],
		"onAdded":
		[
			{
				"$type" : "ApplyModifier",
				"modifierName":"IdleEffect",
			},
			{
				"$type" : "ApplyModifier",
				"modifierName":"Floating",
			},
		],
		"modifiers":
		{
			"AlertActions" :
			{
				"duration": 12.7,
				"thinkInterval": 5.0,
				"onAdded":
				[
					{
						"$type": "GenerateElemBall",
						"configID": 2024,
						"baseEnergy": 2,
						"born":
						{
							"$type": "ConfigBornByAttachPoint",
							"attachPointName": "Fx_Head",
							"AttachPointTargetType": "Self",
							"offset" : 
							{
								"x": 0.0,
								"y": 0.0,
								"z": 1.0,
							},
						},
					},
					{
						"$type": "FireEffect",
						"effectPattern": "Eff_Animal_Fishable_Ray_Stellamarisidae_02_BornEnergyBall",
						"born":
						{
							"$type": "ConfigBornByAttachPoint",
							"attachPointName": "Fx_Head",
							"AttachPointTargetType": "Self",
							"offset" : 
							{
								"x": 0.0,
								"y": 0.0,
								"z": 1.0,
							},
						},
					},
				],
				"onThinkInterval":
				[
					{
						"$type": "GenerateElemBall",
						"configID": 2024,
						"baseEnergy": 2,
						"born":
						{
							"$type": "ConfigBornByAttachPoint",
							"attachPointName": "Fx_Head",
							"AttachPointTargetType": "Self",
							"offset" : 
							{
								"x": 0.0,
								"y": 0.0,
								"z": 1.0,
							},
						},
					},
					{
						"$type": "FireEffect",
						"effectPattern": "Eff_Animal_Fishable_Ray_Stellamarisidae_02_BornEnergyBall",
						"born":
						{
							"$type": "ConfigBornByAttachPoint",
							"attachPointName": "Fx_Head",
							"AttachPointTargetType": "Self",
							"offset" : 
							{
								"x": 0.0,
								"y": 0.0,
								"z": 1.0,
							},
						},
					},
				],
				"onRemoved":
				[
					{
						"$type" : "ApplyModifier",
						"modifierName":"Disappear",
					},
				],
			},
			"Disappear" :
			{
				"onAdded":
				[
					{
						"$type": "StartDither",
						"duration": 3,
					},
					{
						"$type":"KillSelf",
						"banDrop": true,
						"banExp": true,
						"killSelfType": "Disappear",
						"duration": 2.5,
					},
				],
			},
			"IdleEffect" :
			{
				"onAdded":
				[
					{
						"$type": "AttachEffect",
						"effectPattern": "Eff_Animal_Fishable_Ray_Stellamarisidae_02_Idle_L",
					},
					{
						"$type": "AttachEffect",
						"effectPattern": "Eff_Animal_Fishable_Ray_Stellamarisidae_02_Idle_R",
					},
				],
			},
			"Floating" :
			{
				"modifierMixins":
				[
					{
						"$type": "ExcludeGravityMixin"
					},
				],
			},
		},
	},
},
]