[
////////////////////////////////////////////////////////////////
//
//  BeHit
//
////////////////////////////////////////////////////////////////
{
	"Default":
	{
		"$type": "ConfigAbility",
		"abilityName": "Animal_Dog_Vulpes_BeHit",
		"abilityMixins":
		[
			{
				"$type": "AttachToAnimatorStateIDMixin",
				"stateIDs": ["Disappear"],
				"modifierName": "Disappear",
			},
		],
		"modifiers":
		{
			"Disappear" :
			{
				"onAdded":
				[
					{
						"$type": "StartDither",
						"duration": 3,
					},
					{
						"$type":"KillSelf",
						"banDrop": true,
						"banExp": true,
						"killSelfType": "Disappear",
						"duration": 2.5,
					},
				],
			},
		},
	},
},
]