[
////////////////////////////////////////////////////////////////
//
//  Initial
//
////////////////////////////////////////////////////////////////
{
	"Default":
	{
		"$type": "ConfigAbility",
		"abilityName": "Animal_Common_Initial",
		"onAdded":
		[
			{
				"$type": "HideUIBillBoard",
				"hide": true,
			},
			{
				"$type": "EnableAIStealthy",
				"enable": true,
			},
			{
				"$type": "AddGlobalValue",
				"key" : "_ANIMAL_ENTITY_TYPE",
				"value" : 1,
				"useLimitRange" : true,
				"maxValue" : 1,
				"minValue" : 0,
			},
		],
	},
},
////////////////////////////////////////////////////////////////
//
//  HungryCoolDown
//
////////////////////////////////////////////////////////////////
{
	"Default":
	{
		"$type": "ConfigAbility",
		"abilityName": "Animal_Common_HungryCoolDown",
		"abilityMixins":
		[
			{
				"$type": "AttachToStateIDMixin",
				"stateIDs": ["HungryAction"],
				"modifierName": "HungryAction",
			},
		],
		"modifiers":
		{
			"HungryAction" :
			{
				"duration": 2.0,
				"onAdded":
				[
					{
						"$type": "SetNeuronEnable",
						"neuronName": "HUNGRY",
						"enable": false,
					},
				],
			},
		},
	},
},
////////////////////////////////////////////////////////////////
//
//  HomeworldInitial
//
////////////////////////////////////////////////////////////////
{
	"Default":
	{
		"$type": "ConfigAbility",
		"abilityName": "Animal_Homeworld_Common_Initial",
		"onAdded":
		[
			{
				"$type": "AddGlobalValue",
				"key" : "_ANIMAL_ENTITY_TYPE",
				"value" : 1,
				"useLimitRange" : true,
				"maxValue" : 1,
				"minValue" : 0,
			},
			{
				"$type": "AttachAbilityStateResistance",
				"resistanceListID": 11001,
			},
			{
				"$type": "AttachAbilityStateResistance",
				"resistanceListID": 14001,
			},
		],
	},
},
]