{
  "accept": "接受",
  "account_deactive": "当前账号为注销中状态",
  "account_empty": "请输入手机号/邮箱",
  "account_login": "账号密码",
  "agree": "同意",
  "another_account": "登录其他账号",
  "back": "返回",
  "bbs_app_name": "米游社",
  "bind": "绑定",
  "bind_email": "绑定邮箱账号",
  "bind_email_oversea": "绑定邮箱",
  "bind_email_success": "绑定邮箱成功",
  "bind_request": "绑定中...",
  "cancel": "取消",
  "cancel_pay": "取消支付",
  "captcha_empty": "请输入短信验证码",
  "captcha_mail_empty": "请输入邮箱验证码",
  "captcha_success": "获取验证码成功，请注意查收。",
  "change_password_success": "修改密码成功",
  "check_network": "请检查网络状态或刷新重试",
  "cloud_game": "云游戏",
  "cloud_game_aid_not_match": "登录账号错误！ 请终止您的应用程序并重新启动它。",
  "combo_download_downloading": "下载中…",
  "combo_download_failed_title": "下载失败",
  "combo_download_finish_content": "下载完成",
  "combo_download_pause": "暂停",
  "combo_download_speed": "下载速度%s，剩余时间%s",
  "combo_download_title": "下载完成",
  "combo_ensure_login": "确认登录",
  "combo_ensure_login_tips": "即将登录%s桌面版，请确认是本人操作",
  "combo_expired_qrcode": "过期的二维码",
  "combo_go_setting": "开启相机",
  "combo_invalid_qrcode": "无效的二维码",
  "combo_login_first": "请先登录",
  "combo_notice_auth_key_failed": "公告加载失败",
  "combo_platform_cancel": "取消",
  "combo_platform_ensure": "确认",
  "combo_platform_ensure_exit": "确认退出游戏",
  "combo_platform_ensure_logout": "确认登出账号",
  "combo_qrcode_failed": "登录失败，请稍后重试",
  "combo_qrcode_notice_permission": "请在设置-应用中，开启当前游戏的相机权限。",
  "combo_qrcode_notice_scan": "把二维码放入框内，即可自动扫描",
  "combo_qrcode_success": "登录成功",
  "combo_qrcode_title": "扫一扫",
  "combo_re_login": "请重新登录",
  "common_timeunit_second": "s",
  "confirm_order": "确认订单中...",
  "continue_login": "继续登录",
  "continue_pay": "继续支付",
  "createOrder_failed": "创建订单失败",
  "currency": "¥",
  "delete_account_notice": "是否删除该账号的登录记录（不删除账号数据）",
  "delete_ensure": "确认删除",
  "determine_reactivate_account_or_not": "是否重新激活账号并登录",
  "email_empty": "请输入邮箱",
  "email_exist": "邮箱已存在，是否直接登录?",
  "email_register_tips": "邮箱未注册，是否前往注册？",
  "ensure": "确定",
  "ensure_back": "确认返回",
  "ensure_email": "确认注册的邮箱账号：\\n%s",
  "enter_game": "进入游戏",
  "epic_login_status_error": "登录失效，请重新启动游戏",
  "existing_account": "绑定已有账号",
  "exit": "退出",
  "fast_game": "快速游戏",
  "fatigue_reminder_tip": "%s，您累计游玩时长已达%s小时，请注意休息",
  "forget_pwd": "忘记密码",
  "go_login": "前往登录",
  "go_pay": "确认支付",
  "go_register": "前往注册",
  "google_auth_failed": "登录失败！",
  "google_auth_failed_desc": "\t\n登录请求失败，请重试或返回尝试其他登录方式。",
  "google_auth_retry": "重试",
  "google_auth_timeout": "请求超时",
  "google_auth_timeout_desc": "服务器请求超时。网络服务器可能暂时不可用或过于繁忙。请重试或返回尝试其他登录方式。",
  "google_auth_wait": "Google 登录",
  "google_auth_wait_desc": "请在浏览器完成登录。我们将在您登录后刷新此页面。",
  "google_pc_finish_oauth": "我已授权",
  "google_pc_go_to_oauth": "前往 Google Play",
  "google_pc_http_server_error": "授权失败，请重试（请求出错）",
  "google_pc_oauth_back_tips": "进入游戏前需要在 Google Play 登录并授权，是否退出？",
  "google_pc_oauth_failed": "授权失败",
  "google_pc_oauth_message": "为保障您的游戏体验，进入游戏前需要在 Google Play 登录并勾选全部权限。",
  "google_pc_oauth_title": "登录",
  "google_pc_pay_cancle": "未支付",
  "google_pc_pay_finish": "已支付",
  "google_pc_pay_no_order_find": "暂时无法获悉付款结果，如果您已付款成功，稍后可以查看发货状态。",
  "google_pc_pay_result_tips": "请确认支付结果",
  "google_pc_permission_miss": "Google Play 权限不完整，请点击\"重新前往 Google Play\"登录并勾选全部权限",
  "google_pc_redo_oauth": "重新前往 Google Play",
  "google_pc_user_no_action": "请在 Google Play 登录并授权",
  "google_pc_web_operation_message": "已在浏览器打开 Google Play，若已授权成功请点击 “我已授权”。",
  "google_pc_web_operation_title": "请在浏览器登录",
  "guest_account": "游客用户",
  "guest_bind_email": "您正在绑定的邮箱账号:%s",
  "guest_bind_failed": "您的当前账号不是游客或者您还未登录",
  "guest_bind_phone_notice": "为保障数据安全，请绑定一个账号",
  "guest_bind_tips": "为保障数据安全，请绑定一个账号",
  "guest_login": "快速登录",
  "guest_login_request": "游客登录中...",
  "guest_login_tips": "游客用户，欢迎进入游戏",
  "guest_pay_error": "游客禁止支付",
  "http_time_out": "网络超时，请稍候再试",
  "http_unknow_host": "网络错误",
  "if_cancel_pay": "是否取消支付",
  "init_first": "请先初始化",
  "input_account": "输入手机号/邮箱",
  "input_code_number": "输入短信验证码",
  "input_email": "输入邮箱账号",
  "input_get_code": "获取验证码",
  "input_mail_capture": "输入邮箱验证码",
  "input_mail_code": "输入邮箱验证码",
  "input_mi_email": "输入邮箱",
  "input_password": "输入密码",
  "input_password_ensure": "再次输入密码",
  "input_phone_number": "输入手机号注册/登录",
  "input_phone_number_bind": "输入手机号",
  "input_re_get_code": "重新获取",
  "install_wechat_first": "请先安装微信",
  "invaild_captcha": "请输入正确的短信验证码",
  "invaild_mail_captcha": "请输入正确的邮箱验证码",
  "invaild_name": "请输入正确的姓名",
  "invaild_password": "请输入正确的密码",
  "invaild_phone": "请输入正确的手机号码",
  "invaild_realname": "请输入正确的身份证号",
  "joypad_close": "关闭",
  "joypad_detail": "前往",
  "last_login_day_number": "上次登录 %s天前",
  "last_login_hour_number": "上次登录 %s小时前",
  "last_login_just_now": "上次登录 刚刚",
  "last_login_minute_number": "上次登录 %s分钟前",
  "last_login_month_number": "上次登录 6个月前",
  "last_login_time": "上次登录 %s",
  "login": "登录",
  "login_again": "请重新登录",
  "login_bind_mobile": "登录游戏前请先绑定手机",
  "login_bind_mobile_verify_mail": "本次登录需要绑定手机，绑定前需要完成邮箱验证",
  "login_bind_safe_notice": "登录游戏前请先绑定安全手机",
  "login_by_qrcode": "扫码登录",
  "login_failed": "登录失败",
  "login_first": "请先登录",
  "login_request": "登录中...",
  "login_verify_by_bind": "验证绑定手机",
  "login_verify_by_bind_phone": "验证绑定手机：%s",
  "login_verify_by_safety": "验证安全手机",
  "login_verify_by_safety_phone": "验证安全手机：%s",
  "login_verify_notice": "登录新设备需要完成安全验证。",
  "meet_problem": "遇到问题",
  "mobile_app": "移动端",
  "name_empty": "请输入姓名",
  "network_json_error": "系统错误，请稍后再试",
  "network_no_connection": "无法请求网络，请检查网络连接",
  "network_time_out": "网络超时，请稍候再试",
  "next": "下一步",
  "no_account": "没有账号？",
  "no_captcha": "请先获取验证码",
  "no_more_interruptions_today": "今日不再提示",
  "other_device_know": "知道了",
  "other_device_login_day_number": "%s天 前登录",
  "other_device_login_device_info": "登录设备信息：",
  "other_device_login_hour_number": "%s小时 前登录",
  "other_device_login_minute_number": "%s分钟 前登录",
  "other_device_login_month_number": "%s个月 前登录",
  "other_device_suggest": "若非本人操作，建议绑定邮箱",
  "other_device_title": "你的账号曾在其他设备登录",
  "other_way_verification": "其他验证方式",
  "oversea_guardian": "접속하신 아이디는 만 14세 미만 법정대리인 동의가 필요한 아이디로써 관련 규정에 따라 법정대리인의 동의가 필요합니다. \\n관련 정보를 입력하고 인증해 주세요",
  "oversea_input_account": "输入邮箱/用户名",
  "oversea_pay": "支付",
  "oversea_pay_adyen_error": "支付页面异常，请重新支付",
  "oversea_pay_button": "去支付",
  "oversea_pay_card_payment": "信用卡",
  "oversea_pay_error": "加载失败",
  "oversea_pay_error_btn": "重新加载",
  "oversea_pay_error_tips": "请稍后再试",
  "oversea_pay_operator": "选择支付方式",
  "oversea_pay_product_name": "商品",
  "oversea_pay_success": "支付成功",
  "oversea_pay_success_btn": "返回游戏",
  "oversea_pay_success_tips": "请在游戏内查看商品",
  "oversea_pay_type": "选择支付类型",
  "oversea_realname": "관련 규정에 따라 실명인증을 완료해 주세요\\n궁금하신 점이 있을 경우 고객센터로 문의하세요",
  "password_empty": "请输入密码",
  "pay": "支付",
  "pay_aid_uid_mismatch_tips": "您的账号登录态已失效，请重新登录。",
  "pay_ali": "支付宝",
  "pay_back_game": "返回游戏%s",
  "pay_bind_notice": "游客用户支付前需绑定一个账号",
  "pay_choose_new_way": "您未完成付款，选择以下方式继续充值",
  "pay_failed": "支付失败，请稍后再试",
  "pay_failed_notice": "支付失败，请重新支付",
  "pay_huabei": "花呗",
  "pay_limit_amount_tips": "今日消费已超过%s元，是否继续支付？",
  "pay_loading_notice": "如已充值成功，请稍后留意到账情况",
  "pay_loading_time": "（%s）",
  "pay_success": "支付成功",
  "pay_success_notice": "已成功购买商品：%s",
  "pay_time_out": "支付超时",
  "pay_turn": "跳转支付",
  "pay_wechat": "微信支付",
  "phone_empty": "请输入手机号",
  "phone_login": "手机短信",
  "phone_message_request": "验证中...",
  "phone_message_request_fail": "验证码获取失败，请重试",
  "phone_register_tips": "手机号未注册，是否前往注册？",
  "phone_registered": "手机号已注册，输入验证码直接登录",
  "privacy": "隐私政策",
  "product_name": "商品",
  "ps4_agree": "同意",
  "ps4_back": "拒绝",
  "ps4_open_children_privacy": "查看儿童隐私协议",
  "ps4_open_privacy_police": "查看隐私政策",
  "ps4_open_third_party_list": "查看三方清单",
  "ps4_open_user_protocal": "查看用户协议",
  "ps4_user_protocal_content": "旅行者你好,为了良好的游戏体验，我们会将你的                            \"PlayStation Network\"的账号 与我们的服务器进行安全绑定。 你可以随时通过官网或联系客服来取消绑定关系并清除你的账号信息。",
  "ps4_user_protocal_tips": "阅读并同意协议",
  "ps4_user_protocal_title": "欢迎加入原神",
  "ps4_user_protocal_update_content": "用户协议和/或隐私政策有更新，请仔细阅读，点击同意后方可继续使用本产品。当您点击同意即表示您已理解并同意条款内容，该条款会对您产生法律约束力。",
  "ps4_user_protocal_update_title": "条款更新通知",
  "ps_bind_content": "若希望在其他平台登录该账号，或继承其他平台的游戏数据，请绑定Hoyoverse通行证。",
  "ps_bind_email": "绑定Hoyoverse邮箱账号",
  "ps_bind_phone": "绑定米哈游手机账号",
  "ps_bind_title": "准备开始冒险",
  "ps_cn_bind_content": "若希望在其他平台登录该账号，或继承其他平台的游戏数据，请绑定米哈游通行证。",
  "ps_skip": "跳过此步",
  "re_login": "请重新登录",
  "re_read": "重新阅读",
  "re_register": "重新输入",
  "reactivate_accoun_notice_cn": "当前账号正在\"注销确认期\"中\\n是否重新激活账号并登录？\\n请注意，重新激活后注销流程将取消。\\n※注销确认期为自提交注销起3天内。",
  "reactivate_accoun_notice_os": "当前账号正在\"注销确认期\"中\\n是否重新激活账号并登录？\\n请注意，重新激活后注销流程将取消。\\n※注销确认期为自提交注销起30天内。",
  "reactivate_account": "重新激活账号",
  "read_user_agreement_first": "请先阅读并同意协议",
  "real_name_request": "绑定实名信息中...",
  "real_people_agree": "已同意%s、%s和%s",
  "real_people_agreement": "《用户协议》",
  "real_people_anti_addiction_pc_tip": "您将受到游戏时长限制，在移动端登录可通过人脸识别验证取消限制。",
  "real_people_anti_addiction_rule_click": "点击查看时长限制规则",
  "real_people_anti_addiction_tip": "您将受到游戏时长限制，下次登录可通过人脸识别验证取消限制。",
  "real_people_back_tip": "确认返回则无法登录游戏，请继续验证。",
  "real_people_continue_verify": "继续认证",
  "real_people_message": "为确认实名认证的有效性，请在进入游戏前完成人脸识别验证，否则你的游戏时长将受到限制",
  "real_people_minor_privacy": "《儿童隐私政策》",
  "real_people_modify": "修改",
  "real_people_not_verify": "暂不验证",
  "real_people_pc_tip": "PC端暂不支持人脸识别验证，请在移动端登录完成验证。",
  "real_people_real_name_full_name": "姓 名：",
  "real_people_real_name_identity_card": "身份证：",
  "real_people_real_name_info_tip": "当前账号的实名信息",
  "real_people_request_camera_tip": "为了正常使用人脸识别验证功能，需要获取您的相机权限。",
  "real_people_search_result": "查询验证结果...",
  "real_people_service_agreement": "《人脸识别服务协议》",
  "real_people_setting_camera_tip": "请在设置-应用中开启相机权限，以正常使用人脸识别验证功能。",
  "real_people_start_verify": "开始验证",
  "real_people_title": "人脸识别验证",
  "real_people_verify_cancel": "取消验证",
  "real_people_verify_fail": "验证失败",
  "real_people_verify_success": "验证成功",
  "real_people_wait_search_result": "请耐心等待查询结果。",
  "realname_account": "身份证姓名",
  "realname_account_notice": "姓\\u3000名",
  "realname_button_finish": "完成绑定",
  "realname_close_notice": "进入游戏前需要绑定实名信息，否则将返回账号%s页面，请继续绑定。",
  "realname_continue": "继续绑定",
  "realname_empty": "请输入身份证号",
  "realname_failed": "绑定实名信息失败，请稍后重试",
  "realname_notice": "根据《关于防止未成年人沉迷网络游戏的通知》，游戏用户需使用有效身份证件进行实名认证",
  "realname_number": "身份证号码",
  "realname_number_notice": "身份证",
  "realname_pay_close_notice": "支付前需要绑定实名信息，是否确认取消。",
  "realname_success": "绑定实名信息成功",
  "refresh": "刷新",
  "refuse": "拒绝",
  "registe_by_taptap": "使用TapTap注册新账号",
  "register_bind": "注册并绑定",
  "register_email": "注册邮箱账号",
  "register_login": "注册并登录",
  "register_new_account": "注册新账号",
  "register_now": "立即注册",
  "register_phone": "注册手机账号",
  "register_request": "注册中...",
  "second_real_name_hint": "账号存在风险，请填写本人的有效身份信息",
  "second_real_name_verify_hint": "为了保障您的信息安全，请先完成安全验证",
  "send_mail_success": "验证邮件已发送至：%s，请注意查收。",
  "sign_in_with": "登录方式",
  "status_code_429": "当前网络繁忙，请稍候再试",
  "status_code_4xx": "当前网络繁忙，请稍候再试",
  "status_code_5xx": "服务器繁忙，请稍候再试",
  "suggest_bind_email": "为了提高您的账号安全，建议绑定邮箱",
  "suggest_device_grant": "登录新设备需要完成安全验证",
  "suggest_verify_phone": "为了提高您的账号安全，建议绑定邮箱\n请先完成安全验证",
  "taptap_bind": "绑定米哈游账号",
  "taptap_bind_confirm": "绑定",
  "taptap_bind_tips": "若您之前注册过米哈游账号，推荐您进行账号绑定，绑定后可使用TapTap登录原账号。",
  "taptap_tips_phone_bind": "进入游戏前请先绑定手机",
  "taptap_tips_phone_bind_repeated": "当前手机已绑定TapTap账号，请换一个手机号。",
  "thirdparty_auth_back": "后退",
  "thirdparty_auth_failed": "登录失败",
  "thirdparty_auth_failed_desc": "登录失败，请重试或使用其他登录方式。",
  "thirdparty_auth_retry": "重试",
  "thirdparty_auth_timeout": "登录超时",
  "thirdparty_auth_timeout_desc": "登录超时，请重试或使用其他登录方式。",
  "thirdparty_auth_title_apple": "Apple 登录",
  "thirdparty_auth_title_google": "Google 登录",
  "thirdparty_auth_wait_desc": "请在浏览器中完成登录，登录后将刷新此页面。",
  "tips_bind_account": "为保障你的数据安全，请尽快绑定一个账号，以免因刷机等原因导致数据丢失。",
  "tips_bind_success": "当前角色已绑定：%s",
  "tips_enter_game": "%s，欢迎进入游戏",
  "tips_exprience_full": "亲爱的游客玩家，游客账号最多体验米哈游n款游戏。\n推荐您注册/登录一个账号体验游戏。",
  "tips_mail_capture": "验证邮件会发至：%s",
  "tips_ok": "好的",
  "tips_prefix_verify_email": "验证绑定邮箱：",
  "tips_prefix_verify_mobile": "验证绑定手机：",
  "title_realname": "实名信息",
  "token_invalid": "登录已失效，请重新登录",
  "twitter_login": "Twitter",
  "update_notice": "用户协议或隐私政策已更新",
  "user_agreement": "用户协议",
  "user_agreement_agree_tips": "请详细阅读并勾选同意用户协议和隐私政策",
  "user_agreement_all_agree": "全部同意以下协议",
  "user_agreement_content": "请仔细阅读用户协议及隐私政策，点击同意后方可使用本产品。当您点击同意，即表示您已理解并同意条款内容，该条款会对您产生法律约束力。",
  "user_agreement_link_click_desc": "点击下方链接阅读协议全文：",
  "user_agreement_marketing_content": "请仔细阅读后，理解并勾选后点击接受按钮",
  "user_agreement_marketing_update_title": "营销协议更新提示",
  "user_agreement_notice": "已同意%s和%s",
  "user_agreement_notice_content": "感谢您使用本游戏，您使用本游戏前应当阅读并同意%s%s%s。当您点击同意并开始使用产品服务时，即表示您已理解并同意该条款内容，该条款将对您产生法律约束力。如您拒绝，将无法进入游戏",
  "user_agreement_notice_content_with_third_privacy": "感谢您使用本游戏，您使用本游戏前应当阅读并同意%s、%s、%s和%s。当您点击同意并开始使用产品服务时，即表示您已理解并同意该条款内容，该条款将对您产生法律约束力。如您拒绝，将无法进入游戏。",
  "user_agreement_notice_minors": "《儿童隐私政策》",
  "user_agreement_notice_privacy": "《隐私政策》",
  "user_agreement_notice_third_privacy": "《第三方共享个人信息清单》",
  "user_agreement_notice_ua": "《用户协议》",
  "user_agreement_optional": "（可选）",
  "user_agreement_refuse_tips": "请阅读并同意用户协议与隐私条款后，再开始使用游戏。",
  "user_agreement_required": "（必选）",
  "user_agreement_title": "用户协议和隐私政策提示",
  "user_agreement_update_content": "用户协议及/或隐私政策有更新，请仔细阅读，点击同意后方可使用本产品。当您点击同意即表示您已理解并同意条款内容，该条款会对您产生法律约束力。",
  "user_agreement_update_title": "用户协议和隐私政策更新提示",
  "user_center": "用户中心",
  "username_empty": "请输入邮箱/用户名",
  "verify_email": "验证邮箱",
  "verify_finish": "完成验证",
  "verify_other": "其他验证方式",
  "verify_phone": "验证手机"
}